episode_id,channel,episode_title,source_path,word_count
1,changed.txt,changed,changed.txt,6
2,2025_Mr_Olympia_Preview_Breaking_Down_the_Entire_Open_Lineup.txt,2025_Mr_Olympia_Preview_Breaking_Down_the_Entire_Open_Lineup,2025_Mr_Olympia_Preview_Breaking_Down_the_Entire_Open_Lineup.txt,9424
3,Getting The Primobolan  Look Without Primo & Steroid QA.txt,Getting The Primobolan  Look Without Primo & Steroid QA,Getting The Primobolan  Look Without Primo & Steroid QA.txt,13822
4,Tampa Pro Breakdown + What Were Our Last Cycles？.txt,Tampa Pro Breakdown + What Were Our Last Cycles？,Tampa Pro Breakdown + What Were Our Last Cycles？.txt,19145
5,When Kai Greene Beat Phil Heath ｜ 2010 Arnold Classic REACTION.txt,When Kai Greene Beat Phil Heath ｜ 2010 Arnold Classic REACTION,When Kai Greene Beat Phil Heath ｜ 2010 Arnold Classic REACTION.txt,4749
6,Good Posing： Put 10 lbs on in 5 Minutes + Cheerleaders in Bodybuilding？😂.txt,Good Posing： Put 10 lbs on in 5 Minutes + Cheerleaders in Bodybuilding？😂,Good Posing： Put 10 lbs on in 5 Minutes + Cheerleaders in Bodybuilding？😂.txt,16900
7,James Hollingshead Back Reaction + PED QA.txt,James Hollingshead Back Reaction + PED QA,James Hollingshead Back Reaction + PED QA.txt,12619
8,Nandrolone： Everything You Need to Know + Steroids QA.txt,Nandrolone： Everything You Need to Know + Steroids QA,Nandrolone： Everything You Need to Know + Steroids QA.txt,11793
9,@ChrisBumstead,A Workout with David Laid [jWhjDcp5fTY],@ChrisBumstead/A Workout with David Laid [jWhjDcp5fTY].txt,935
10,@ChrisBumstead,A Workout and Talk with Chris Williamson [FnZbX0yL5-Q],@ChrisBumstead/A Workout and Talk with Chris Williamson [FnZbX0yL5-Q].txt,9446
11,@ChrisBumstead,CBUM VS. RAMON DINO ｜ FULL BACK WORKOUT [tLcBhbkWHwY],@ChrisBumstead/CBUM VS. RAMON DINO ｜ FULL BACK WORKOUT [tLcBhbkWHwY].txt,2191
12,@ChrisBumstead,FULL DAY OF EATING ｜ CARB LOAD BEFORE SHOW DAY [v1BKT_eIYDQ],@ChrisBumstead/FULL DAY OF EATING ｜ CARB LOAD BEFORE SHOW DAY [v1BKT_eIYDQ].txt,5531
13,@ChrisBumstead,FISHING FOR SHARKS？! ｜ ALMOST TOOK ME OUT w. BLACK TIPH [7_APp4x8XKw],@ChrisBumstead/FISHING FOR SHARKS？! ｜ ALMOST TOOK ME OUT w. BLACK TIPH [7_APp4x8XKw].txt,3649
14,@ChrisBumstead,Bodybuilding on Vacation. [j5OQiFsoy_c],@ChrisBumstead/Bodybuilding on Vacation. [j5OQiFsoy_c].txt,1168
15,@ChrisBumstead,FULL CHEST DAY AT BUM LIFTING CLUB [iwe3DVRm1_8],@ChrisBumstead/FULL CHEST DAY AT BUM LIFTING CLUB [iwe3DVRm1_8].txt,1697
16,@ChrisBumstead,ARM WORKOUT W. URS 2 DAYS POST ARNOLD [qMzaMTm_pus],@ChrisBumstead/ARM WORKOUT W. URS 2 DAYS POST ARNOLD [qMzaMTm_pus].txt,3999
17,@ChrisBumstead,THE FINAL DAY ｜ CHECK INS AND CARB UP [rffveK6_t_E],@ChrisBumstead/THE FINAL DAY ｜ CHECK INS AND CARB UP [rffveK6_t_E].txt,6192
18,@ChrisBumstead,BUILDING A THICK BACK ｜ GETTING TATTED [ciHgSZdIVn4],@ChrisBumstead/BUILDING A THICK BACK ｜ GETTING TATTED [ciHgSZdIVn4].txt,3792
19,@ChrisBumstead,LEAN BEEF PATTY & BRETT WILKIN DEADLY LEG DAY [GyGb9rZiKsE],@ChrisBumstead/LEAN BEEF PATTY & BRETT WILKIN DEADLY LEG DAY [GyGb9rZiKsE].txt,2949
20,@ChrisBumstead,HOW I’VE BEEN FEELING ｜ LEG DAY BATTLE [TyXOWDcCqWg],@ChrisBumstead/HOW I’VE BEEN FEELING ｜ LEG DAY BATTLE [TyXOWDcCqWg].txt,3049
21,@ChrisBumstead,Life update. [-9lN4HdXXDY],@ChrisBumstead/Life update. [-9lN4HdXXDY].txt,1713
22,@ChrisBumstead,NELK BOYS + FULL SEND PODCAST ｜ ARM DAY W. VAUGHN [wex6uNipetE],@ChrisBumstead/NELK BOYS + FULL SEND PODCAST ｜ ARM DAY W. VAUGHN [wex6uNipetE].txt,3142
23,@ChrisBumstead,FULL DAY OF EATING ｜ 6 WEEKS OUT MR. OLYMPIA [qwynB6ys5mU],@ChrisBumstead/FULL DAY OF EATING ｜ 6 WEEKS OUT MR. OLYMPIA [qwynB6ys5mU].txt,3500
24,@ChrisBumstead,MORNING ROUTINE IN PREP ｜ SHREDDED SHOULDER WORKOUT [MVDNrLnPmi8],@ChrisBumstead/MORNING ROUTINE IN PREP ｜ SHREDDED SHOULDER WORKOUT [MVDNrLnPmi8].txt,4900
25,@ChrisBumstead,LEG WORKOUT DONE RIGHT W. HYPERTROPHY COACH [Z_U8VvgJuIM],@ChrisBumstead/LEG WORKOUT DONE RIGHT W. HYPERTROPHY COACH [Z_U8VvgJuIM].txt,5860
26,@ChrisBumstead,CHEST DAY W. VAUGHN WALKER ｜ WHY ARE WE SO WEAK… [tEFbyd9hKgA],@ChrisBumstead/CHEST DAY W. VAUGHN WALKER ｜ WHY ARE WE SO WEAK… [tEFbyd9hKgA].txt,1875
27,@ChrisBumstead,MORNING ROUTINE ｜ ARM WORKOUT 5 WEEKS OUT [alXL7ODyEX4],@ChrisBumstead/MORNING ROUTINE ｜ ARM WORKOUT 5 WEEKS OUT [alXL7ODyEX4].txt,4680
28,@ChrisBumstead,JOOCY ARM WORKOUT ｜ EXCITING NEW THINGS [xNS33rZuHdo],@ChrisBumstead/JOOCY ARM WORKOUT ｜ EXCITING NEW THINGS [xNS33rZuHdo].txt,3777
29,@ChrisBumstead,FULL DAY OF EATING IN THE OFF-SEASON [bJs21dRmkLo],@ChrisBumstead/FULL DAY OF EATING IN THE OFF-SEASON [bJs21dRmkLo].txt,2327
30,@ChrisBumstead,BACK WORKOUT ｜ MY CHILDHOOD DREAM [SEMv54iiXw4],@ChrisBumstead/BACK WORKOUT ｜ MY CHILDHOOD DREAM [SEMv54iiXw4].txt,3471
31,@ChrisBumstead,LAST WORKOUT IN FLORIDA ｜ RETURN OF THE STACHE [QXojpehxhbg],@ChrisBumstead/LAST WORKOUT IN FLORIDA ｜ RETURN OF THE STACHE [QXojpehxhbg].txt,1247
32,@ChrisBumstead,CHEST WORKOUT W. CHRIS WILLIAMSON ｜ MODERN WISDOM [c4sqYStVM6g],@ChrisBumstead/CHEST WORKOUT W. CHRIS WILLIAMSON ｜ MODERN WISDOM [c4sqYStVM6g].txt,3509
33,@ChrisBumstead,SHREDDED CHEST WORKOUT ｜ OLYMPIA PREP [P8AF8DFy1a4],@ChrisBumstead/SHREDDED CHEST WORKOUT ｜ OLYMPIA PREP [P8AF8DFy1a4].txt,2472
34,@ChrisBumstead,THE END IS HERE ｜ SHOW DAY FINALE [vXB3IS3i5Dk],@ChrisBumstead/THE END IS HERE ｜ SHOW DAY FINALE [vXB3IS3i5Dk].txt,6638
35,@ChrisBumstead,FST-7 ARM DAY W. HANY RAMBOD & HADI CHOOPAN [57QJpobyvlc],@ChrisBumstead/FST-7 ARM DAY W. HANY RAMBOD & HADI CHOOPAN [57QJpobyvlc].txt,2054
36,@ChrisBumstead,FULL CHEST WORKOUT W. COACH HANY RAMBOD [Wku6Dv5FFLA],@ChrisBumstead/FULL CHEST WORKOUT W. COACH HANY RAMBOD [Wku6Dv5FFLA].txt,3335
37,@ChrisBumstead,CBUM ANSWERS QUESTIONS [3dygKNuQVAs],@ChrisBumstead/CBUM ANSWERS QUESTIONS [3dygKNuQVAs].txt,4585
38,@ChrisBumstead,THIS LEG DAY REALLY SUCKED W. CHRISTIAN GUZMAN [Q3pkZoC1VSc],@ChrisBumstead/THIS LEG DAY REALLY SUCKED W. CHRISTIAN GUZMAN [Q3pkZoC1VSc].txt,3339
39,@ChrisBumstead,GROCERY HAUL & A BIG OL’ CHEST WORKOUT [CXBfNVdh_tU],@ChrisBumstead/GROCERY HAUL & A BIG OL’ CHEST WORKOUT [CXBfNVdh_tU].txt,3845
40,@ChrisBumstead,"CBUM VS URS, RAMON & WESLEY [9JX0XBgaiSg]","@ChrisBumstead/CBUM VS URS, RAMON & WESLEY [9JX0XBgaiSg].txt",1817
41,@ChrisBumstead,LEG DAY IN TENNESSEE ｜ Q&A EVENT AT CARBON CULTURE [QhITp_te-uE],@ChrisBumstead/LEG DAY IN TENNESSEE ｜ Q&A EVENT AT CARBON CULTURE [QhITp_te-uE].txt,2084
42,@ChrisBumstead,Back Workout with Hadi Choopan and Hany Rambod [kQbcsotEUQI],@ChrisBumstead/Back Workout with Hadi Choopan and Hany Rambod [kQbcsotEUQI].txt,2415
43,@ChrisBumstead,SHOW DAY MR. OLYMPIA ｜ PART 1 - PRE-JUDGING [Zd4auwR5dv4],@ChrisBumstead/SHOW DAY MR. OLYMPIA ｜ PART 1 - PRE-JUDGING [Zd4auwR5dv4].txt,4218
44,@ChrisBumstead,master_transcript1,@ChrisBumstead/master_transcript1.txt,344695
45,@ChrisBumstead,OLYMPIA SHOWDAY FINALE ｜ WHAT IT TAKES TO BE A CHAMPION [Y8dbYvxPmv4],@ChrisBumstead/OLYMPIA SHOWDAY FINALE ｜ WHAT IT TAKES TO BE A CHAMPION [Y8dbYvxPmv4].txt,4653
46,@ChrisBumstead,TRAINING SHOULDERS W. HANY RAMBOD [rRd-lDTANO4],@ChrisBumstead/TRAINING SHOULDERS W. HANY RAMBOD [rRd-lDTANO4].txt,3251
47,@ChrisBumstead,CRAZY SHOULDER WORKOUT W. SETH FEROCE & HANY RAMBOD [OphBG8xgqpQ],@ChrisBumstead/CRAZY SHOULDER WORKOUT W. SETH FEROCE & HANY RAMBOD [OphBG8xgqpQ].txt,3688
48,@ChrisBumstead,OLYMPIA LEG WORKOUT W. HADI CHOOPAN + HANY RAMBOD [6K-V1hxd0TE],@ChrisBumstead/OLYMPIA LEG WORKOUT W. HADI CHOOPAN + HANY RAMBOD [6K-V1hxd0TE].txt,3106
49,@ChrisBumstead,HAMSTRING WORKOUT ｜ BACK TO CANADA [C7c3Io9f0kc],@ChrisBumstead/HAMSTRING WORKOUT ｜ BACK TO CANADA [C7c3Io9f0kc].txt,1633
50,@ChrisBumstead,THE LAST LEG WORKOUT ｜ 1 WEEK OUT [W_JqEj3nga4],@ChrisBumstead/THE LAST LEG WORKOUT ｜ 1 WEEK OUT [W_JqEj3nga4].txt,946
51,@ChrisBumstead,BIG BOI SHOULDER WORKOUT W. IAIN VALLIERE [WaGpDFBRFss],@ChrisBumstead/BIG BOI SHOULDER WORKOUT W. IAIN VALLIERE [WaGpDFBRFss].txt,1151
52,@ChrisBumstead,LAST LEG WORKOUT ｜ 6 DAYS OUT THE OLYMPIA [zhMd46oSmXY],@ChrisBumstead/LAST LEG WORKOUT ｜ 6 DAYS OUT THE OLYMPIA [zhMd46oSmXY].txt,3947
53,@ChrisBumstead,CBUM DOES CHEST DAY + PAINTBALL [oEzxW78Pt_U],@ChrisBumstead/CBUM DOES CHEST DAY + PAINTBALL [oEzxW78Pt_U].txt,2911
54,@ChrisBumstead,A Workout with Ryan Terry [_6IVtPBz3b8],@ChrisBumstead/A Workout with Ryan Terry [_6IVtPBz3b8].txt,2896
55,@ChrisBumstead,OFF-SEASON BACK GROWTH ｜ COMING SOON [HVEF9eZGsk4],@ChrisBumstead/OFF-SEASON BACK GROWTH ｜ COMING SOON [HVEF9eZGsk4].txt,2440
56,@ChrisBumstead,FULL BACK WORKOUT ｜ END OF THE BULK [QQJtaldifZ0],@ChrisBumstead/FULL BACK WORKOUT ｜ END OF THE BULK [QQJtaldifZ0].txt,4458
57,@ChrisBumstead,Full Day of Eating ｜ Off-Season Bulk [sr88Fv6D87U],@ChrisBumstead/Full Day of Eating ｜ Off-Season Bulk [sr88Fv6D87U].txt,3000
58,@ChrisBumstead,OLYMPIA Q&A ｜ BUILDING A STRONG MINDSET [pvr947_fOmY],@ChrisBumstead/OLYMPIA Q&A ｜ BUILDING A STRONG MINDSET [pvr947_fOmY].txt,4993
59,@ChrisBumstead,THE BEST SHOULDER PUMP ｜ 2 WEEKS OUT [cxO9ghpl4FE],@ChrisBumstead/THE BEST SHOULDER PUMP ｜ 2 WEEKS OUT [cxO9ghpl4FE].txt,2860
60,@ChrisBumstead,MY FIRST LAKERS GAME ｜ BACK DAY WITH FLEX LEWIS [BMMVFykBZ3U],@ChrisBumstead/MY FIRST LAKERS GAME ｜ BACK DAY WITH FLEX LEWIS [BMMVFykBZ3U].txt,2842
61,@ChrisBumstead,Turning The Nelk Boys into bodybuilders. [-pun3KjwVEY],@ChrisBumstead/Turning The Nelk Boys into bodybuilders. [-pun3KjwVEY].txt,3338
62,@ChrisBumstead,OLYMPIA PREP BACK WORKOUT ｜ MENTAL UPDATE [H6lcZIW2UIA],@ChrisBumstead/OLYMPIA PREP BACK WORKOUT ｜ MENTAL UPDATE [H6lcZIW2UIA].txt,1343
63,@ChrisBumstead,OLYMPIA CHEST WORKOUT ｜ 3 WEEKS OUT [sNhztA3yCwQ],@ChrisBumstead/OLYMPIA CHEST WORKOUT ｜ 3 WEEKS OUT [sNhztA3yCwQ].txt,1872
64,@ChrisBumstead,I'M BALD ｜ FULL BACK WORKOUT [WsCC1oPbdBo],@ChrisBumstead/I'M BALD ｜ FULL BACK WORKOUT [WsCC1oPbdBo].txt,2687
65,@ChrisBumstead,PEAK WEEK GROCERY HAUL ｜ SHOULDER WORKOUT [_04qU5kbxjg],@ChrisBumstead/PEAK WEEK GROCERY HAUL ｜ SHOULDER WORKOUT [_04qU5kbxjg].txt,1390
66,@ChrisBumstead,FULL DAY OF EATING TO GET SHREDDED ｜ OLYMPIA PREP [ebt17R5b7WQ],@ChrisBumstead/FULL DAY OF EATING TO GET SHREDDED ｜ OLYMPIA PREP [ebt17R5b7WQ].txt,3838
67,@ChrisBumstead,POST CHEAT MEAL LEG WORKOUT [vFS1aAz3QG8],@ChrisBumstead/POST CHEAT MEAL LEG WORKOUT [vFS1aAz3QG8].txt,2632
68,@ChrisBumstead,FULL DAY OF EATING ｜ 5 WEEKS OUT THE OLYMPIA [5xVlV3-cAJo],@ChrisBumstead/FULL DAY OF EATING ｜ 5 WEEKS OUT THE OLYMPIA [5xVlV3-cAJo].txt,3111
69,@ChrisBumstead,GROCERY HAUL OFF-SEASON WITH CBUM [LtSMBD9bVBM],@ChrisBumstead/GROCERY HAUL OFF-SEASON WITH CBUM [LtSMBD9bVBM].txt,4755
70,@ChrisBumstead,Life Update. [Z9aO6L5dQMg],@ChrisBumstead/Life Update. [Z9aO6L5dQMg].txt,1902
71,@ChrisBumstead,BIGGEST LESSONS I’VE LEARNED ｜ HAMSTRING WORKOUT [L98F6tyJUU8],@ChrisBumstead/BIGGEST LESSONS I’VE LEARNED ｜ HAMSTRING WORKOUT [L98F6tyJUU8].txt,2666
72,@ChrisBumstead,SHARING MY SECRETS ｜ ARM DAY W. VAUGHN [dAsXZyfjnd4],@ChrisBumstead/SHARING MY SECRETS ｜ ARM DAY W. VAUGHN [dAsXZyfjnd4].txt,1977
73,@ChrisBumstead,TOUCH DOWN IN VEGAS ｜ 1 WEEK OUT CHEST WORKOUT [4f6rY7CNgRk],@ChrisBumstead/TOUCH DOWN IN VEGAS ｜ 1 WEEK OUT CHEST WORKOUT [4f6rY7CNgRk].txt,3120
74,@ChrisBumstead,DESERT RACING IN DUBAI ｜ HOTEL WORKOUT [YY85lxnx-6I],@ChrisBumstead/DESERT RACING IN DUBAI ｜ HOTEL WORKOUT [YY85lxnx-6I].txt,1632
75,@ChrisBumstead,CHEST DAY W. HANY RAMBOD [ngDvmZ0kEl4],@ChrisBumstead/CHEST DAY W. HANY RAMBOD [ngDvmZ0kEl4].txt,3088
76,@ChrisBumstead,ARM WORKOUT W. URS ｜ 1 WEEK OUT [f99WXZCZYK8],@ChrisBumstead/ARM WORKOUT W. URS ｜ 1 WEEK OUT [f99WXZCZYK8].txt,5572
77,@ChrisBumstead,CHEST DAY W. HANY RAMBOD ｜ FIRST TEXAS BBQ EXPERIENCE [CX0QJ2BWnq8],@ChrisBumstead/CHEST DAY W. HANY RAMBOD ｜ FIRST TEXAS BBQ EXPERIENCE [CX0QJ2BWnq8].txt,3513
78,@ChrisBumstead,CBUM TRAINING ARMS [_-DDjCoMRSI],@ChrisBumstead/CBUM TRAINING ARMS [_-DDjCoMRSI].txt,1463
79,@ChrisBumstead,THIS CRUSHED MY DREAMS ｜ FULL SHOULDER WORKOUT [TdgfGMYwLzg],@ChrisBumstead/THIS CRUSHED MY DREAMS ｜ FULL SHOULDER WORKOUT [TdgfGMYwLzg].txt,3108
80,@ChrisBumstead,CHEST DAY W. HANY RAMBOD ｜ CLASSIC OLYMPIA [-8xSX8M6Y80],@ChrisBumstead/CHEST DAY W. HANY RAMBOD ｜ CLASSIC OLYMPIA [-8xSX8M6Y80].txt,2996
81,@ChrisBumstead,Chest Workout at the Arnold [V9uQMlbDAv4],@ChrisBumstead/Chest Workout at the Arnold [V9uQMlbDAv4].txt,1130
82,@ChrisBumstead,BRUTAL LEG WORKOUT ｜ 6 WEEKS OUT OLYMPIA [JUgzci93e0I],@ChrisBumstead/BRUTAL LEG WORKOUT ｜ 6 WEEKS OUT OLYMPIA [JUgzci93e0I].txt,952
83,@ChrisBumstead,FINDING THE RIGHT PARTNER ｜ FULL DAY OF Q&A [4zJC5XFWT9E],@ChrisBumstead/FINDING THE RIGHT PARTNER ｜ FULL DAY OF Q&A [4zJC5XFWT9E].txt,5160
84,@ChrisBumstead,Heavy Chest Day. [wBNYccFR2MM],@ChrisBumstead/Heavy Chest Day. [wBNYccFR2MM].txt,2336
85,@ChrisBumstead,CHEST WORKOUT DAYS OUT OF THE OLYMPIA ｜ CARB LOAD GROCERY HAUL [onfA3w4iNgM],@ChrisBumstead/CHEST WORKOUT DAYS OUT OF THE OLYMPIA ｜ CARB LOAD GROCERY HAUL [onfA3w4iNgM].txt,2119
86,@ChrisBumstead,master_transcript,@ChrisBumstead/master_transcript.txt,345901
87,@ChrisBumstead,BRUTAL LEG WORKOUT WITH HANY RAMBOD [z2vVGVSg-UE],@ChrisBumstead/BRUTAL LEG WORKOUT WITH HANY RAMBOD [z2vVGVSg-UE].txt,3303
88,@ChrisBumstead,RAW BACK WORKOUT W. HANY RAMBOD ｜ BRINGING UP MY WEAK POINTS [Y0xK3L9V7zg],@ChrisBumstead/RAW BACK WORKOUT W. HANY RAMBOD ｜ BRINGING UP MY WEAK POINTS [Y0xK3L9V7zg].txt,2260
89,@ChrisBumstead,FULL DAY OF EATING 1 WEEK OUT MR. OLYMPIA [329QPlGL4zM],@ChrisBumstead/FULL DAY OF EATING 1 WEEK OUT MR. OLYMPIA [329QPlGL4zM].txt,2898
90,@ChrisBumstead,FULL BACK WORKOUT ｜ HOW TO BE A THAVAGE [EMKrh3naOBg],@ChrisBumstead/FULL BACK WORKOUT ｜ HOW TO BE A THAVAGE [EMKrh3naOBg].txt,2097
91,@ChrisBumstead,2.5 WEEKS OUT MENTAL UPDATE ｜ FULL BACK DAY [WjohLrMr6Uc],@ChrisBumstead/2.5 WEEKS OUT MENTAL UPDATE ｜ FULL BACK DAY [WjohLrMr6Uc].txt,1759
92,@ChrisBumstead,HIGH CARB DAY + BACK WORKOUT [95VSKCYOx6Q],@ChrisBumstead/HIGH CARB DAY + BACK WORKOUT [95VSKCYOx6Q].txt,3671
93,@ChrisBumstead,BRUTAL BACK WORKOUT ｜ OLYMPIA PREP EDITION [QPKs3989YA0],@ChrisBumstead/BRUTAL BACK WORKOUT ｜ OLYMPIA PREP EDITION [QPKs3989YA0].txt,1512
94,@ChrisBumstead,CHEST DAY = TANK TOP SEASON [r2iCBhyUBmw],@ChrisBumstead/CHEST DAY = TANK TOP SEASON [r2iCBhyUBmw].txt,1332
95,@ChrisBumstead,BUILDING BIG ARMS ｜ OFF-SEASON TRAINING [DawNc-1sPrg],@ChrisBumstead/BUILDING BIG ARMS ｜ OFF-SEASON TRAINING [DawNc-1sPrg].txt,3193
96,@ChrisBumstead,PREP SERIES 2023 ｜ NO QUIT [yfV01JVMFwU],@ChrisBumstead/PREP SERIES 2023 ｜ NO QUIT [yfV01JVMFwU].txt,581
97,@ChrisBumstead,FULL LEG WORKOUT ｜ BEGINNING OF BUM ENERGY [H3QfYAGnl5E],@ChrisBumstead/FULL LEG WORKOUT ｜ BEGINNING OF BUM ENERGY [H3QfYAGnl5E].txt,1487
98,@ChrisBumstead,FULL DAY OF EATING ｜ MR. OLYMPIA OFF-SEASON [Bior7yCmzIE],@ChrisBumstead/FULL DAY OF EATING ｜ MR. OLYMPIA OFF-SEASON [Bior7yCmzIE].txt,2602
99,@ChrisBumstead,SHOULDER WORKOUT ｜ AM I TOO DISTRACTED？？ [FYUgpmzMcaA],@ChrisBumstead/SHOULDER WORKOUT ｜ AM I TOO DISTRACTED？？ [FYUgpmzMcaA].txt,1908
100,@ChrisBumstead,CHRIS BUMSTEAD OLYMPIA MOTIVATION ｜ CHAMPION MENTALITY [_x1i1hTFme0],@ChrisBumstead/CHRIS BUMSTEAD OLYMPIA MOTIVATION ｜ CHAMPION MENTALITY [_x1i1hTFme0].txt,710
101,@ChrisBumstead,FULL DAY OF EATING ｜ START OF THE BULK [2Ddcj8YDWZc],@ChrisBumstead/FULL DAY OF EATING ｜ START OF THE BULK [2Ddcj8YDWZc].txt,5328
102,@ChrisBumstead,RAW CHEST WORKOUT ｜ 4 WEEKS OUT [9asGlMyFJyk],@ChrisBumstead/RAW CHEST WORKOUT ｜ 4 WEEKS OUT [9asGlMyFJyk].txt,1836
103,@ChrisBumstead,BICEPS TEAR UPDATE ｜ FIRST ARM WORKOUT [VJzIwm2aKvU],@ChrisBumstead/BICEPS TEAR UPDATE ｜ FIRST ARM WORKOUT [VJzIwm2aKvU].txt,2706
104,@ChrisBumstead,PUBLIC GYM SHOULDER WORKOUT ｜ ARNOLD CLASSIC WEEKEND [BJZuyIGuPBg],@ChrisBumstead/PUBLIC GYM SHOULDER WORKOUT ｜ ARNOLD CLASSIC WEEKEND [BJZuyIGuPBg].txt,4020
105,@ChrisBumstead,LIFE UPDATE ｜ MY CURRENT LEG WORKOUT [N3VqKJZINJM],@ChrisBumstead/LIFE UPDATE ｜ MY CURRENT LEG WORKOUT [N3VqKJZINJM].txt,3154
106,@ChrisBumstead,Brutal High Volume Leg Workout [JI9V8ZftzFA],@ChrisBumstead/Brutal High Volume Leg Workout [JI9V8ZftzFA].txt,2266
107,@ChrisBumstead,CHEST DAY POSING W. HANY RAMBOD & HADI CHOOPAN [HMbkIwldcRw],@ChrisBumstead/CHEST DAY POSING W. HANY RAMBOD & HADI CHOOPAN [HMbkIwldcRw].txt,2369
108,@ChrisBumstead,SHOULDERS WITH CHRISTIAN GUZMAN ｜ TAMPA VLOG [5JiP2oWbiIw],@ChrisBumstead/SHOULDERS WITH CHRISTIAN GUZMAN ｜ TAMPA VLOG [5JiP2oWbiIw].txt,2710
109,@ChrisBumstead,PEELED OLYMPIA BACK WORKOUT ｜ CARDIO： SHOPPING EDITION [cZwg6E1gNmY],@ChrisBumstead/PEELED OLYMPIA BACK WORKOUT ｜ CARDIO： SHOPPING EDITION [cZwg6E1gNmY].txt,2380
110,@ChrisBumstead,LEG WORKOUT TRAINING FOR THE OLYMPIA [FpJMjqJh08o],@ChrisBumstead/LEG WORKOUT TRAINING FOR THE OLYMPIA [FpJMjqJh08o].txt,2985
111,@ChrisBumstead,CBUM TRAINING CHEST [_QJ3KIz1FqE],@ChrisBumstead/CBUM TRAINING CHEST [_QJ3KIz1FqE].txt,2892
112,@ChrisBumstead,CBUM VS. NAVY SEALS ｜ GBRS GROUP [IqOuFG41wHY],@ChrisBumstead/CBUM VS. NAVY SEALS ｜ GBRS GROUP [IqOuFG41wHY].txt,1935
113,@ChrisBumstead,BRUTAL BACK DAY ｜ PREP SECRETS BBQ STYLE [mON4wycpawk],@ChrisBumstead/BRUTAL BACK DAY ｜ PREP SECRETS BBQ STYLE [mON4wycpawk].txt,1602
114,@ChrisBumstead,BRUTAL LEG DAY W. HANY AT BEVS GYM [jxUXGPcfZzw],@ChrisBumstead/BRUTAL LEG DAY W. HANY AT BEVS GYM [jxUXGPcfZzw].txt,3284
115,@ChrisBumstead,MENTAL UPDATE ｜ 2 WEEKS OUT MR. OLYMPIA [Yr-4xVRXChs],@ChrisBumstead/MENTAL UPDATE ｜ 2 WEEKS OUT MR. OLYMPIA [Yr-4xVRXChs].txt,3120
116,@ChrisBumstead,LOCK IT IN FOR THE OLYMPIA ｜ HAMSTRING WORKOUT [R__rtl-wZ0Y],@ChrisBumstead/LOCK IT IN FOR THE OLYMPIA ｜ HAMSTRING WORKOUT [R__rtl-wZ0Y].txt,4243
117,@ChrisBumstead,DAYS OUT THE OLYMPIA ｜ BACK WORKOUT [pxiu58V1_I4],@ChrisBumstead/DAYS OUT THE OLYMPIA ｜ BACK WORKOUT [pxiu58V1_I4].txt,3226
118,@ChrisBumstead,CONQUERING MY FEAR ｜ OUR FIRST SEMINAR + CHEST DAY [XPJiH89FSu8],@ChrisBumstead/CONQUERING MY FEAR ｜ OUR FIRST SEMINAR + CHEST DAY [XPJiH89FSu8].txt,2260
119,@ChrisBumstead,CRAZY ARM PUMP ｜ TIME TO FIX MY BROKEN BODY [nnpdo7w9MOE],@ChrisBumstead/CRAZY ARM PUMP ｜ TIME TO FIX MY BROKEN BODY [nnpdo7w9MOE].txt,4454
120,@ChrisBumstead,OLYMPIA WEIGH INS ｜ LATE NIGHT HOTEL WORKOUT [Scdh8E0LXkQ],@ChrisBumstead/OLYMPIA WEIGH INS ｜ LATE NIGHT HOTEL WORKOUT [Scdh8E0LXkQ].txt,3337
121,@ChrisBumstead,INDIA WORKOUT ｜ GOLFING IN DUBAI [2qYcgI7yuWA],@ChrisBumstead/INDIA WORKOUT ｜ GOLFING IN DUBAI [2qYcgI7yuWA].txt,1924
122,@ChrisBumstead,Full arm workout with my baby mama. [TTpdjyryzZc],@ChrisBumstead/Full arm workout with my baby mama. [TTpdjyryzZc].txt,2126
123,@ChrisBumstead,BACK WORKOUT WITH IAIN VALLIERE [dK8UR_0tZf0],@ChrisBumstead/BACK WORKOUT WITH IAIN VALLIERE [dK8UR_0tZf0].txt,3317
124,@ChrisBumstead,SHREDDED LEG DAY ｜ SNEAK PEAK [_Sl9r9hR-eA],@ChrisBumstead/SHREDDED LEG DAY ｜ SNEAK PEAK [_Sl9r9hR-eA].txt,2801
125,@ChrisBumstead,My New Toilet ｜ Leg Workout [DrxkzWcoxjQ],@ChrisBumstead/My New Toilet ｜ Leg Workout [DrxkzWcoxjQ].txt,2774
126,@ChrisBumstead,HEAVY BACK WORKOUT W. DEREK LUNSFORD [4vA4nt5Fz5s],@ChrisBumstead/HEAVY BACK WORKOUT W. DEREK LUNSFORD [4vA4nt5Fz5s].txt,4457
127,@RyanHumiston,Dumbbell Leg Workout For MAX GROWTH! [cdUF0CBD8HY],@RyanHumiston/Dumbbell Leg Workout For MAX GROWTH! [cdUF0CBD8HY].txt,1201
128,@RyanHumiston,3 Calf Exercises YOU NEED TO BE DOING (BODYWEIGHT!) [yxNCjiW24Gs],@RyanHumiston/3 Calf Exercises YOU NEED TO BE DOING (BODYWEIGHT!) [yxNCjiW24Gs].txt,720
129,@RyanHumiston,Barbell Rows To Build A THICK BACK! [vaPK9vXPB58],@RyanHumiston/Barbell Rows To Build A THICK BACK! [vaPK9vXPB58].txt,872
130,@RyanHumiston,HOW TO BUILD MASSIVE TRAPS (You're Doing It WRONG!) [E3vH17tBaKg],@RyanHumiston/HOW TO BUILD MASSIVE TRAPS (You're Doing It WRONG!) [E3vH17tBaKg].txt,860
131,@RyanHumiston,3 Foods That Are Making You A FAT MESS! [S10nUNdvLtU],@RyanHumiston/3 Foods That Are Making You A FAT MESS! [S10nUNdvLtU].txt,1344
132,@RyanHumiston,Building MUSCLE and LOSING FAT At The Same Time (Body Recomposition Strategy That Isn't Awful!) [l4MCL99zjMU],@RyanHumiston/Building MUSCLE and LOSING FAT At The Same Time (Body Recomposition Strategy That Isn't Awful!) [l4MCL99zjMU].txt,1439
133,@RyanHumiston,How To Build BIGGER ARMS FASTER ! (30 DAY PROGRAM) [-KSKuQNdmYY],@RyanHumiston/How To Build BIGGER ARMS FASTER ! (30 DAY PROGRAM) [-KSKuQNdmYY].txt,1270
134,@RyanHumiston,How to Get More Muscular GLUTES! Psst.. You're Doing These Wrong [Qb1IeBBYAR4],@RyanHumiston/How to Get More Muscular GLUTES! Psst.. You're Doing These Wrong [Qb1IeBBYAR4].txt,999
135,@RyanHumiston,Muscle Building Mistakes ALL Hardgainers Make (STOP MAKING THESE!) [pa45rg8PyZE],@RyanHumiston/Muscle Building Mistakes ALL Hardgainers Make (STOP MAKING THESE!) [pa45rg8PyZE].txt,1545
136,@RyanHumiston,Build MORE MUSCLE From EVERY Exercise [MF1QaKE31RE],@RyanHumiston/Build MORE MUSCLE From EVERY Exercise [MF1QaKE31RE].txt,801
137,@RyanHumiston,How To Build A HUGE CHEST (STOP DOING THIS!) [jDpKzlQX8CM],@RyanHumiston/How To Build A HUGE CHEST (STOP DOING THIS!) [jDpKzlQX8CM].txt,993
138,@RyanHumiston,"Fat Loss, Buttholes & Mrs Butterworth’s [6-PIGJ5F290]","@RyanHumiston/Fat Loss, Buttholes & Mrs Butterworth’s [6-PIGJ5F290].txt",585
139,@RyanHumiston,MOST EFFICIENT Workout For TRAPS (THIS WORKS!) [0FmuDyNKxSI],@RyanHumiston/MOST EFFICIENT Workout For TRAPS (THIS WORKS!) [0FmuDyNKxSI].txt,1003
140,@RyanHumiston,How To Get BIGGER LEGS (4 INTENSE EXERCISES!) [JfbPNEpU5k0],@RyanHumiston/How To Get BIGGER LEGS (4 INTENSE EXERCISES!) [JfbPNEpU5k0].txt,1092
141,@RyanHumiston,I Tried To Workout Like Chuck Norris... [XnMfcnNZ09I],@RyanHumiston/I Tried To Workout Like Chuck Norris... [XnMfcnNZ09I].txt,674
142,@RyanHumiston,TRAP WORKOUT (This Will FORCE Them To GROW!) [qn4rM-SnFgo],@RyanHumiston/TRAP WORKOUT (This Will FORCE Them To GROW!) [qn4rM-SnFgo].txt,726
143,@RyanHumiston,How To Do HAMMER CURLS For BIGGER BICEPS (THESE WORK!) [wzvOiPizqSc],@RyanHumiston/How To Do HAMMER CURLS For BIGGER BICEPS (THESE WORK!) [wzvOiPizqSc].txt,1017
144,@RyanHumiston,BEST Pull Workout For MASSIVE GROWTH! (Back⧸Biceps⧸Rear Delts) [KtVgdCueTz4],@RyanHumiston/BEST Pull Workout For MASSIVE GROWTH! (Back⧸Biceps⧸Rear Delts) [KtVgdCueTz4].txt,1013
145,@RyanHumiston,3 Sets You NEED To Build MUSCLE! (DON’T MISS THIS) [XAv1OJXgs_0],@RyanHumiston/3 Sets You NEED To Build MUSCLE! (DON’T MISS THIS) [XAv1OJXgs_0].txt,883
146,@RyanHumiston,How To Get BIG ARMS FAST With Dumbbells (Sets & Reps!) [Bm50gTskqCs],@RyanHumiston/How To Get BIG ARMS FAST With Dumbbells (Sets & Reps!) [Bm50gTskqCs].txt,1347
147,@RyanHumiston,Why You're NOT Building Muscle AND Losing Fat CONSISTENTLY [MP-uKqkRfK8],@RyanHumiston/Why You're NOT Building Muscle AND Losing Fat CONSISTENTLY [MP-uKqkRfK8].txt,1248
148,@RyanHumiston,Muscle Gaining Mistakes (AVOID THESE or BE AVERAGE!!) [0SW_KxvTiV4],@RyanHumiston/Muscle Gaining Mistakes (AVOID THESE or BE AVERAGE!!) [0SW_KxvTiV4].txt,939
149,@RyanHumiston,6 PACK ABS ｜ MAKE EVERY CRUNCH COUNT! [c4uMP8nbPso],@RyanHumiston/6 PACK ABS ｜ MAKE EVERY CRUNCH COUNT! [c4uMP8nbPso].txt,1097
150,@RyanHumiston,Why Your Arms Aren't Growing (GUARANTEED FIX!) [J4JAZjRMH48],@RyanHumiston/Why Your Arms Aren't Growing (GUARANTEED FIX!) [J4JAZjRMH48].txt,737
151,@RyanHumiston,Tricep Exercises (MORE GROWTH GUARANTEED!) [uYRNn_3UG6w],@RyanHumiston/Tricep Exercises (MORE GROWTH GUARANTEED!) [uYRNn_3UG6w].txt,945
152,@RyanHumiston,Increase Your Pull-Ups (The Ones That ACTUALLY Lead To GROWTH!!) [JxhMOqpipdE],@RyanHumiston/Increase Your Pull-Ups (The Ones That ACTUALLY Lead To GROWTH!!) [JxhMOqpipdE].txt,934
153,@RyanHumiston,Why Your Legs AREN'T GROWING (Truth Hurts!) [i9V4hmh0Re8],@RyanHumiston/Why Your Legs AREN'T GROWING (Truth Hurts!) [i9V4hmh0Re8].txt,977
154,@RyanHumiston,This Fixes EVERYTHING! [WWEYP0CFmRQ],@RyanHumiston/This Fixes EVERYTHING! [WWEYP0CFmRQ].txt,2835
155,@RyanHumiston,21 Exercises YOU NEED In Your Program [KA4HxVGAlKg],@RyanHumiston/21 Exercises YOU NEED In Your Program [KA4HxVGAlKg].txt,1498
156,@RyanHumiston,5 BEST Rear Delt Exercises (FAILPROOF!) [kmbzQJoRMUU],@RyanHumiston/5 BEST Rear Delt Exercises (FAILPROOF!) [kmbzQJoRMUU].txt,1040
157,@RyanHumiston,Best Performance-Enhancing Drug？ [WebJ_YYViu8],@RyanHumiston/Best Performance-Enhancing Drug？ [WebJ_YYViu8].txt,1889
158,@RyanHumiston,Is Your PEE Color KILLING Your Workouts & GAINS？ [peHYegwceRs],@RyanHumiston/Is Your PEE Color KILLING Your Workouts & GAINS？ [peHYegwceRs].txt,755
159,@RyanHumiston,I Wish I Knew THIS When I Started Lifting! [UcaAhmgF89w],@RyanHumiston/I Wish I Knew THIS When I Started Lifting! [UcaAhmgF89w].txt,2218
160,@RyanHumiston,Training For STRENGTH vs HYPERTROPHY (BOTH？) [vB1l1opGR94],@RyanHumiston/Training For STRENGTH vs HYPERTROPHY (BOTH？) [vB1l1opGR94].txt,2363
161,@RyanHumiston,Get HUGE SHOULDERS (Sets & Reps) [QAy2bUC-UCU],@RyanHumiston/Get HUGE SHOULDERS (Sets & Reps) [QAy2bUC-UCU].txt,796
162,@RyanHumiston,Tricep Exercises YOU'RE DOING WRONG! [Vs0W0XNwDt0],@RyanHumiston/Tricep Exercises YOU'RE DOING WRONG! [Vs0W0XNwDt0].txt,890
163,@RyanHumiston,SIMPLEST Way To LOSE FAT (EAT LIKE THIS!) [ExPL89lDjio],@RyanHumiston/SIMPLEST Way To LOSE FAT (EAT LIKE THIS!) [ExPL89lDjio].txt,1525
164,@RyanHumiston,THIS Builds The MOST Muscle (Science-Backed Blueprint For Adding MASS!) [mhBFqwDhOic],@RyanHumiston/THIS Builds The MOST Muscle (Science-Backed Blueprint For Adding MASS!) [mhBFqwDhOic].txt,2530
165,@RyanHumiston,GET WIDER LATS ｜ Pullover Exercise Master Class! [291u_Hm3fuA],@RyanHumiston/GET WIDER LATS ｜ Pullover Exercise Master Class! [291u_Hm3fuA].txt,1713
166,@RyanHumiston,BIGGER Arms Workout (FOR SERIOUS GROWTH!!) [lxnAJ1cHsfs],@RyanHumiston/BIGGER Arms Workout (FOR SERIOUS GROWTH!!) [lxnAJ1cHsfs].txt,871
167,@RyanHumiston,4 Dumbbell Biceps Exercises (FOR SERIOUS GROWTH!!) [14jKxkUgPCs],@RyanHumiston/4 Dumbbell Biceps Exercises (FOR SERIOUS GROWTH!!) [14jKxkUgPCs].txt,774
168,@RyanHumiston,Most UNDERRATED Dumbbell Exercises ｜ ADD THESE! [mXwvKBiUN4U],@RyanHumiston/Most UNDERRATED Dumbbell Exercises ｜ ADD THESE! [mXwvKBiUN4U].txt,869
169,@RyanHumiston,Beginner Workout Q & A (COLD HARD TRUTH!) [uubBPMd9JRo],@RyanHumiston/Beginner Workout Q & A (COLD HARD TRUTH!) [uubBPMd9JRo].txt,1423
170,@RyanHumiston,Why Your FAT LOSS Diet Is Going To FAIL!! [uBsNdURnvz4],@RyanHumiston/Why Your FAT LOSS Diet Is Going To FAIL!! [uBsNdURnvz4].txt,738
171,@RyanHumiston,4 BEST Dumbbell Leg Exercises (YOU NEEDS TO TRY THESE!) [flIzRdDY8K4],@RyanHumiston/4 BEST Dumbbell Leg Exercises (YOU NEEDS TO TRY THESE!) [flIzRdDY8K4].txt,842
172,@RyanHumiston,6 ABSOLUTE BEST Dumbbell Exercises (Upper Body) [6Wm8t-1pFTM],@RyanHumiston/6 ABSOLUTE BEST Dumbbell Exercises (Upper Body) [6Wm8t-1pFTM].txt,1047
173,@RyanHumiston,WHATS IN MY GYM BAG？ [cuca0prdLgc],@RyanHumiston/WHATS IN MY GYM BAG？ [cuca0prdLgc].txt,1506
174,@RyanHumiston,Dumbbell Shoulder Workout For HUGE DELTS (DON'T SKIP!) [StXC3ImzL9M],@RyanHumiston/Dumbbell Shoulder Workout For HUGE DELTS (DON'T SKIP!) [StXC3ImzL9M].txt,1676
175,@RyanHumiston,Tricep Workout For MASSIVE Arms (YOU NEED TO TRY THIS!!) [8UP4Oid_rTw],@RyanHumiston/Tricep Workout For MASSIVE Arms (YOU NEED TO TRY THIS!!) [8UP4Oid_rTw].txt,789
176,@RyanHumiston,Science-Backed Shortcut for Massive Side and Front Delts! [fVraxVHKAJo],@RyanHumiston/Science-Backed Shortcut for Massive Side and Front Delts! [fVraxVHKAJo].txt,2785
177,@RyanHumiston,Why is No One Talking About THIS! [fiqRv0BCKEk],@RyanHumiston/Why is No One Talking About THIS! [fiqRv0BCKEk].txt,2242
178,@RyanHumiston,Hardgainers are a MYTH! [TjSHHI4JB3U],@RyanHumiston/Hardgainers are a MYTH! [TjSHHI4JB3U].txt,2124
179,@RyanHumiston,ABSOLUTE BEST Dumbbell Back Workout Ever (YOU NEED THESE EXERCISES!) [umBna1_qI8A],@RyanHumiston/ABSOLUTE BEST Dumbbell Back Workout Ever (YOU NEED THESE EXERCISES!) [umBna1_qI8A].txt,755
180,@RyanHumiston,4 Glute Exercises To Fix Your PANCAKE A＊＊!! [4c1CYsnObAI],@RyanHumiston/4 Glute Exercises To Fix Your PANCAKE A＊＊!! [4c1CYsnObAI].txt,898
181,@RyanHumiston,Pre-Workout Supplements & Caffeine... For The Win!! [KpLw4Ey1WWg],@RyanHumiston/Pre-Workout Supplements & Caffeine... For The Win!! [KpLw4Ey1WWg].txt,540
182,@RyanHumiston,Fix Shoulder Pain FOREVER! [Y7hD07u6-zg],@RyanHumiston/Fix Shoulder Pain FOREVER! [Y7hD07u6-zg].txt,2704
183,@RyanHumiston,How To Get BIGGER ARMS (3 MISTAKES YOU'RE MAKING!) [LS8KZZfnjzg],@RyanHumiston/How To Get BIGGER ARMS (3 MISTAKES YOU'RE MAKING!) [LS8KZZfnjzg].txt,1245
184,@RyanHumiston,6 Chest Exercises (YOU'LL REGRET NOT DOING!!) [fAU2DueNmYA],@RyanHumiston/6 Chest Exercises (YOU'LL REGRET NOT DOING!!) [fAU2DueNmYA].txt,968
185,@RyanHumiston,You NEED to See THIS! [M-ZbkzHekyk],@RyanHumiston/You NEED to See THIS! [M-ZbkzHekyk].txt,1329
186,@RyanHumiston,The PERFECT MUSCLE BUILDING WORKOUT [ICgxNGK9gsI],@RyanHumiston/The PERFECT MUSCLE BUILDING WORKOUT [ICgxNGK9gsI].txt,863
187,@RyanHumiston,4 Dumbbell Shoulder Exercises For MASSIVE DELTS! [sUFK271Pblk],@RyanHumiston/4 Dumbbell Shoulder Exercises For MASSIVE DELTS! [sUFK271Pblk].txt,847
188,@RyanHumiston,This ACTUALLY Works… [2pZtZ1EtxBs],@RyanHumiston/This ACTUALLY Works… [2pZtZ1EtxBs].txt,1591
189,@RyanHumiston,2 Workout Mistakes That KILL Muscle Growth! [MtTUc4H6Xqs],@RyanHumiston/2 Workout Mistakes That KILL Muscle Growth! [MtTUc4H6Xqs].txt,969
190,@RyanHumiston,7 UNDERRATED Back Exercises YOU NEED! [5EY_MYES5G0],@RyanHumiston/7 UNDERRATED Back Exercises YOU NEED! [5EY_MYES5G0].txt,1126
191,@RyanHumiston,How To Fix Your Posture & Grow A BIGGER CHEST (THIS WORKS!) [nQpWLFTYu7k],@RyanHumiston/How To Fix Your Posture & Grow A BIGGER CHEST (THIS WORKS!) [nQpWLFTYu7k].txt,1262
192,@RyanHumiston,Why Your Biceps AREN'T GROWING (This Will Help!) [ImYG0AZgSfs],@RyanHumiston/Why Your Biceps AREN'T GROWING (This Will Help!) [ImYG0AZgSfs].txt,826
193,@RyanHumiston,LEG WORKOUT For SERIOUS GROWTH (You Need To Do This!) [R2LFYvd0E2M],@RyanHumiston/LEG WORKOUT For SERIOUS GROWTH (You Need To Do This!) [R2LFYvd0E2M].txt,1722
194,@RyanHumiston,Why Follow Along Ab Workouts Are A WASTE OF TIME! [CjVm2c9Ke3Y],@RyanHumiston/Why Follow Along Ab Workouts Are A WASTE OF TIME! [CjVm2c9Ke3Y].txt,566
195,@RyanHumiston,How To Force Muscle Growth (Science Backed Method) [pXdvFHPejTM],@RyanHumiston/How To Force Muscle Growth (Science Backed Method) [pXdvFHPejTM].txt,1827
196,@RyanHumiston,INTENSE Ab Workout ｜ 3 Exercises YOU NEED! [23JMheTZxOI],@RyanHumiston/INTENSE Ab Workout ｜ 3 Exercises YOU NEED! [23JMheTZxOI].txt,806
197,@RyanHumiston,How To Get BIGGER Biceps FAST (Hint..Start Doing These!) [5Aq-aVejGeU],@RyanHumiston/How To Get BIGGER Biceps FAST (Hint..Start Doing These!) [5Aq-aVejGeU].txt,870
198,@RyanHumiston,Training Mistakes That MOST People Make (Don't Be THAT GUY!) [mxVLB419dDI],@RyanHumiston/Training Mistakes That MOST People Make (Don't Be THAT GUY!) [mxVLB419dDI].txt,905
199,@RyanHumiston,Dumbbell Triceps Workout (Let There Be GROWTH!!) [Epas5ceAaxA],@RyanHumiston/Dumbbell Triceps Workout (Let There Be GROWTH!!) [Epas5ceAaxA].txt,830
200,@RyanHumiston,This Changes Everything… [Ez3Rys3HJqQ],@RyanHumiston/This Changes Everything… [Ez3Rys3HJqQ].txt,1451
201,@RyanHumiston,SHOULDER WORKOUT With Dumbbells + Sets⧸Reps (GUARANTEED GROWTH!) [7RIHGvPd6g0],@RyanHumiston/SHOULDER WORKOUT With Dumbbells + Sets⧸Reps (GUARANTEED GROWTH!) [7RIHGvPd6g0].txt,913
202,@RyanHumiston,2.21x MORE Muscle [U_8-CRiR_ak],@RyanHumiston/2.21x MORE Muscle [U_8-CRiR_ak].txt,1673
203,@RyanHumiston,The BEST Shoulder Workout (Sets and Reps) [wpjJlwW2gZc],@RyanHumiston/The BEST Shoulder Workout (Sets and Reps) [wpjJlwW2gZc].txt,1169
204,@RyanHumiston,"I Challenged 4 Women To A Leg Workout For $5,000! [z3oJUGsyg2o]","@RyanHumiston/I Challenged 4 Women To A Leg Workout For $5,000! [z3oJUGsyg2o].txt",1163
205,@RyanHumiston,Protein Companies Are LYING TO YOU! [s1syVkM3uBs],@RyanHumiston/Protein Companies Are LYING TO YOU! [s1syVkM3uBs].txt,1255
206,@RyanHumiston,This is Killing YOU! [u_lTnFb1rjM],@RyanHumiston/This is Killing YOU! [u_lTnFb1rjM].txt,1234
207,@RyanHumiston,How To Easily LOSE FAT Even Around The Holidays [X4cijFxQJ_4],@RyanHumiston/How To Easily LOSE FAT Even Around The Holidays [X4cijFxQJ_4].txt,761
208,@RyanHumiston,THICKER Lats & WIDER Back Workout (Get An INSANE V-Taper!) [GLSXPpxg_Wk],@RyanHumiston/THICKER Lats & WIDER Back Workout (Get An INSANE V-Taper!) [GLSXPpxg_Wk].txt,864
209,@RyanHumiston,"Protein Farts, Fingernails & Syphilis [rUv0XTENWgQ]","@RyanHumiston/Protein Farts, Fingernails & Syphilis [rUv0XTENWgQ].txt",880
210,@RyanHumiston,Want To Build MORE MUSCLE？ Do This After EVERY WORKOUT! [nIDcLewgt14],@RyanHumiston/Want To Build MORE MUSCLE？ Do This After EVERY WORKOUT! [nIDcLewgt14].txt,907
211,@RyanHumiston,WHAT HAPPENS WHEN YOU DO 100 REPS？..You Build Muscle [k7x6DJdQbq4],@RyanHumiston/WHAT HAPPENS WHEN YOU DO 100 REPS？..You Build Muscle [k7x6DJdQbq4].txt,689
212,@RyanHumiston,How To FIX a Stiff Neck (HINT - UnF＊CK Your TRAPS!) [kODbXGCjigE],@RyanHumiston/How To FIX a Stiff Neck (HINT - UnF＊CK Your TRAPS!) [kODbXGCjigE].txt,1158
213,@RyanHumiston,HARDGAINER Leg Workout Tips For MASS (GUARANTEED GROWTH!) [uj2zDix25Qw],@RyanHumiston/HARDGAINER Leg Workout Tips For MASS (GUARANTEED GROWTH!) [uj2zDix25Qw].txt,989
214,@RyanHumiston,Stop Doing THIS! [6grpJFNkiDs],@RyanHumiston/Stop Doing THIS! [6grpJFNkiDs].txt,2389
215,@RyanHumiston,Too Much Rest Between Sets is KILLING Your GAINS! [rUYr6sOB7zo],@RyanHumiston/Too Much Rest Between Sets is KILLING Your GAINS! [rUYr6sOB7zo].txt,1169
216,@RyanHumiston,HOW TO BUILD BIGGER QUADS ｜ Explained in 2 MIN [4h00CCmKKsU],@RyanHumiston/HOW TO BUILD BIGGER QUADS ｜ Explained in 2 MIN [4h00CCmKKsU].txt,645
217,@RyanHumiston,4 Sets That Will Build SERIOUS MUSCLE [N0L602n1M9w],@RyanHumiston/4 Sets That Will Build SERIOUS MUSCLE [N0L602n1M9w].txt,1086
218,@RyanHumiston,4 Chest Exercises YOU SHOULD BE DOING! [xtUmMyHWphc],@RyanHumiston/4 Chest Exercises YOU SHOULD BE DOING! [xtUmMyHWphc].txt,1064
219,@RyanHumiston,Muscle Building Mistakes (STOP WASTING TIME!) [Y2D93EY1XvU],@RyanHumiston/Muscle Building Mistakes (STOP WASTING TIME!) [Y2D93EY1XvU].txt,955
220,@RyanHumiston,You're Training Triceps WRONG ｜ Backed by SCIENCE! [KtYVMWx2iAg],@RyanHumiston/You're Training Triceps WRONG ｜ Backed by SCIENCE! [KtYVMWx2iAg].txt,1774
221,@RyanHumiston,7 BEST Dumbbell Bicep Exercises (YOU NEED!!) [a6j5xBNg58Y],@RyanHumiston/7 BEST Dumbbell Bicep Exercises (YOU NEED!!) [a6j5xBNg58Y].txt,927
222,@RyanHumiston,ABSOLUTE BEST Science-Based TRICEPS Workout [OViqLBLYPZM],@RyanHumiston/ABSOLUTE BEST Science-Based TRICEPS Workout [OViqLBLYPZM].txt,1073
223,@RyanHumiston,I Almost Killed Him... [YTi-AouzUrw],@RyanHumiston/I Almost Killed Him... [YTi-AouzUrw].txt,679
224,@RyanHumiston,MOST EFFECTIVE Shoulder Workout ｜ 5 Exercises For MASSIVE DELTS [3kIByIw-ROU],@RyanHumiston/MOST EFFECTIVE Shoulder Workout ｜ 5 Exercises For MASSIVE DELTS [3kIByIw-ROU].txt,867
225,@RyanHumiston,master_transcript1,@RyanHumiston/master_transcript1.txt,360339
226,@RyanHumiston,How To Build BIGGER Shoulders (3 GROWTH HACKS!) [MrsWy-MSXG8],@RyanHumiston/How To Build BIGGER Shoulders (3 GROWTH HACKS!) [MrsWy-MSXG8].txt,1075
227,@RyanHumiston,Dumbbell Chest Exercises (Home Workout For MASSIVE PECS!) [3AWXKSlkPr4],@RyanHumiston/Dumbbell Chest Exercises (Home Workout For MASSIVE PECS!) [3AWXKSlkPr4].txt,1046
228,@RyanHumiston,3 Muscle Imbalances That SLOW GAINS & F Your Posture [IPqSjFZdWNo],@RyanHumiston/3 Muscle Imbalances That SLOW GAINS & F Your Posture [IPqSjFZdWNo].txt,1325
229,@RyanHumiston,How To GROW Your Biceps Peak (You're Missing These!) [xrjfVXu2dM4],@RyanHumiston/How To GROW Your Biceps Peak (You're Missing These!) [xrjfVXu2dM4].txt,841
230,@RyanHumiston,WHY Your Training Split Is NOT Building Muscle (PPL ｜ BRO ｜ FULL BODY!) [1RMPjfgH1W0],@RyanHumiston/WHY Your Training Split Is NOT Building Muscle (PPL ｜ BRO ｜ FULL BODY!) [1RMPjfgH1W0].txt,1380
231,@RyanHumiston,Supplement Companies Are Going To Sue Me... (NOT CLICKBAIT) [PqGdGNsJ3wA],@RyanHumiston/Supplement Companies Are Going To Sue Me... (NOT CLICKBAIT) [PqGdGNsJ3wA].txt,2250
232,@RyanHumiston,How To Grow a BIGGER Chest (FULL WORKOUT!) [pRw3MMH1Nn0],@RyanHumiston/How To Grow a BIGGER Chest (FULL WORKOUT!) [pRw3MMH1Nn0].txt,2209
233,@RyanHumiston,The Most UNDERRATED Supplement! [RCDHidA6Ko4],@RyanHumiston/The Most UNDERRATED Supplement! [RCDHidA6Ko4].txt,1680
234,@RyanHumiston,You Were Wrong… Back By SCIENCE! [T7xAOmk2xHU],@RyanHumiston/You Were Wrong… Back By SCIENCE! [T7xAOmk2xHU].txt,1954
235,@RyanHumiston,Shoulder Training 101 (GROW MASSIVE DELTS!) [sQA2MZT8WdM],@RyanHumiston/Shoulder Training 101 (GROW MASSIVE DELTS!) [sQA2MZT8WdM].txt,1074
236,@RyanHumiston,How To Fix Rounded Shoulders (THIS ACTUALLY WORKS!) [qRtJi8-S7WA],@RyanHumiston/How To Fix Rounded Shoulders (THIS ACTUALLY WORKS!) [qRtJi8-S7WA].txt,982
237,@RyanHumiston,4 Bicep Exercises (THAT WILL SAVE YOUR LIFE!) [U13TYjWMStA],@RyanHumiston/4 Bicep Exercises (THAT WILL SAVE YOUR LIFE!) [U13TYjWMStA].txt,787
238,@RyanHumiston,How To Gain Muscle Mass (The TRUTH About Sets & Reps!) [aKtxJQmGk74],@RyanHumiston/How To Gain Muscle Mass (The TRUTH About Sets & Reps!) [aKtxJQmGk74].txt,898
239,@RyanHumiston,I Taped My Mouth Shut For 30 DAYS! [kcNdll0PdyU],@RyanHumiston/I Taped My Mouth Shut For 30 DAYS! [kcNdll0PdyU].txt,1129
240,@RyanHumiston,How To Grow Bigger LEGS ｜ BRUTAL LEG DAY (FULL WORKOUT) [OMbMa859Ihw],@RyanHumiston/How To Grow Bigger LEGS ｜ BRUTAL LEG DAY (FULL WORKOUT) [OMbMa859Ihw].txt,2847
241,@RyanHumiston,How To Get Bigger Shoulders Fast (FIX THESE 3 MISTAKES!) [yedt8YYOWyk],@RyanHumiston/How To Get Bigger Shoulders Fast (FIX THESE 3 MISTAKES!) [yedt8YYOWyk].txt,949
242,@RyanHumiston,This Changes FAT LOSS! [A9pEtDm2nbs],@RyanHumiston/This Changes FAT LOSS! [A9pEtDm2nbs].txt,2209
243,@RyanHumiston,Do You Need To Get STRONGER To BUILD MORE MUSCLE？ (MAYBE!) [0_VMZ-HH-gs],@RyanHumiston/Do You Need To Get STRONGER To BUILD MORE MUSCLE？ (MAYBE!) [0_VMZ-HH-gs].txt,983
244,@RyanHumiston,This 100% Gets You WIDER! [to7y50jfa5M],@RyanHumiston/This 100% Gets You WIDER! [to7y50jfa5M].txt,1758
245,@RyanHumiston,Does Muscle Soreness Mean Muscle Growth？ (TRUTH HURTS!) [2Asc0a34wX8],@RyanHumiston/Does Muscle Soreness Mean Muscle Growth？ (TRUTH HURTS!) [2Asc0a34wX8].txt,847
246,@RyanHumiston,How To Get A BIGGER WIDER BACK (STOP DOING THIS!) [cn3Gya1pXRE],@RyanHumiston/How To Get A BIGGER WIDER BACK (STOP DOING THIS!) [cn3Gya1pXRE].txt,1528
247,@RyanHumiston,MUSCLE BUILDING Sets of 10 Reps (NO...REALLY!) [G9Lf4szZqRs],@RyanHumiston/MUSCLE BUILDING Sets of 10 Reps (NO...REALLY!) [G9Lf4szZqRs].txt,614
248,@RyanHumiston,Need BIGGER Triceps？ (WATCH THIS!) [btyLmeF38Qk],@RyanHumiston/Need BIGGER Triceps？ (WATCH THIS!) [btyLmeF38Qk].txt,760
249,@RyanHumiston,I Wish I Knew THIS When I Started Working Out… [OTjjyfhNyTE],@RyanHumiston/I Wish I Knew THIS When I Started Working Out… [OTjjyfhNyTE].txt,1898
250,@RyanHumiston,The Even More PERFECT LEG WORKOUT (You Need To See This!!) [f0DZ9D62ue0],@RyanHumiston/The Even More PERFECT LEG WORKOUT (You Need To See This!!) [f0DZ9D62ue0].txt,1743
251,@RyanHumiston,10lbs in 7 Days... [l6Zz6NUdj6k],@RyanHumiston/10lbs in 7 Days... [l6Zz6NUdj6k].txt,1248
252,@RyanHumiston,These are a GAME CHANGER! [Ng1oovuUygc],@RyanHumiston/These are a GAME CHANGER! [Ng1oovuUygc].txt,1718
253,@RyanHumiston,How YOU Can Lose Stubborn Fat Fast (3 SIMPLE STEPS!) [UxOczJlhPBU],@RyanHumiston/How YOU Can Lose Stubborn Fat Fast (3 SIMPLE STEPS!) [UxOczJlhPBU].txt,1365
254,@RyanHumiston,The BEST Shoulder Workout (DON'T SKIP THIS!) [qWcgdlaJ-tQ],@RyanHumiston/The BEST Shoulder Workout (DON'T SKIP THIS!) [qWcgdlaJ-tQ].txt,1227
255,@RyanHumiston,"How To Squat For MAX GROWTH (Barbell, Dumbbell, Hack, Smith) [MUS7jj66pwI]","@RyanHumiston/How To Squat For MAX GROWTH (Barbell, Dumbbell, Hack, Smith) [MUS7jj66pwI].txt",1596
256,@RyanHumiston,This is a GAME CHANGER! [iFMVU-2_MTI],@RyanHumiston/This is a GAME CHANGER! [iFMVU-2_MTI].txt,1751
257,@RyanHumiston,This Will Get You MASSIVE ARMS (Guaranteed!) [js9Zkgv1Xdo],@RyanHumiston/This Will Get You MASSIVE ARMS (Guaranteed!) [js9Zkgv1Xdo].txt,2260
258,@RyanHumiston,BUILD MORE MUSCLE From EVERY SET! [4IpLBrwtigk],@RyanHumiston/BUILD MORE MUSCLE From EVERY SET! [4IpLBrwtigk].txt,880
259,@RyanHumiston,The Fastest Way To Build A MASSIVE Upper Chest! (We Were WRONG) [hQ_K2rKSMjw],@RyanHumiston/The Fastest Way To Build A MASSIVE Upper Chest! (We Were WRONG) [hQ_K2rKSMjw].txt,1122
260,@RyanHumiston,4 Exercises You're Doing Wrong! [o6YFMoH3lis],@RyanHumiston/4 Exercises You're Doing Wrong! [o6YFMoH3lis].txt,966
261,@RyanHumiston,How To Lose FAT More Efficiently (My CRAZY Diet!) [V4cKj3Hx1XE],@RyanHumiston/How To Lose FAT More Efficiently (My CRAZY Diet!) [V4cKj3Hx1XE].txt,711
262,@RyanHumiston,How To Get Bigger Legs! (PPL： Sets & Reps) [HBkOAif8kjs],@RyanHumiston/How To Get Bigger Legs! (PPL： Sets & Reps) [HBkOAif8kjs].txt,1207
263,@RyanHumiston,Lose Those LOVE HANDLES (FOREVER!!) [bR-Lg1uu4Yc],@RyanHumiston/Lose Those LOVE HANDLES (FOREVER!!) [bR-Lg1uu4Yc].txt,1656
264,@RyanHumiston,WORST EXERCISES For Muscle Growth (Don't Be That Guy!) [HsyecqyPo9Y],@RyanHumiston/WORST EXERCISES For Muscle Growth (Don't Be That Guy!) [HsyecqyPo9Y].txt,1017
265,@RyanHumiston,THIS Added 1⧸2 inch To My ARMS! [B_ySPpYH5-0],@RyanHumiston/THIS Added 1⧸2 inch To My ARMS! [B_ySPpYH5-0].txt,1291
266,@RyanHumiston,5 Dumbbell Shoulder Exercises (THAT WILL BLOW UP THOSE DELTS!!) [rVkI0GSSVMg],@RyanHumiston/5 Dumbbell Shoulder Exercises (THAT WILL BLOW UP THOSE DELTS!!) [rVkI0GSSVMg].txt,847
267,@RyanHumiston,THE TRUTH About The Best Muscle Building Exercises For Men (NO ONE IS TALKING ABOUT THIS!!) [9RYBwPp-PKc],@RyanHumiston/THE TRUTH About The Best Muscle Building Exercises For Men (NO ONE IS TALKING ABOUT THIS!!) [9RYBwPp-PKc].txt,1090
268,@RyanHumiston,How To Get a WIDER BACK! [MdnwXG3WhwY],@RyanHumiston/How To Get a WIDER BACK! [MdnwXG3WhwY].txt,3126
269,@RyanHumiston,The Science of Testosterone! [k1KDAtMBuk8],@RyanHumiston/The Science of Testosterone! [k1KDAtMBuk8].txt,1737
270,@RyanHumiston,"Science-Backed Peptides： More Muscle, Dream-Level Sleep, Laser Focus [Cu9PVWM2fJo]","@RyanHumiston/Science-Backed Peptides： More Muscle, Dream-Level Sleep, Laser Focus [Cu9PVWM2fJo].txt",3007
271,@RyanHumiston,ULTIMATE BEGINNERS WORKOUT GUIDE (Get Results!!) [1cIMcwirojY],@RyanHumiston/ULTIMATE BEGINNERS WORKOUT GUIDE (Get Results!!) [1cIMcwirojY].txt,1177
272,@RyanHumiston,BACK WORKOUT To Get That WIDE & THICK V-Taper! [NGEZY_Gf-2I],@RyanHumiston/BACK WORKOUT To Get That WIDE & THICK V-Taper! [NGEZY_Gf-2I].txt,1004
273,@RyanHumiston,Why You STILL Don't Have 6 PACK ABS [OndujW91jjI],@RyanHumiston/Why You STILL Don't Have 6 PACK ABS [OndujW91jjI].txt,936
274,@RyanHumiston,Building Muscle Vs Building Strength (BOTH？) [ntXztv4Mw-Q],@RyanHumiston/Building Muscle Vs Building Strength (BOTH？) [ntXztv4Mw-Q].txt,1277
275,@RyanHumiston,4 Exercises YOU SHOULD BE DOING To BUILD MUSCLE! [LzmFEajYW8k],@RyanHumiston/4 Exercises YOU SHOULD BE DOING To BUILD MUSCLE! [LzmFEajYW8k].txt,1329
276,@RyanHumiston,How To Squat For MAXIMUM GROWTH [3euFeDglIBg],@RyanHumiston/How To Squat For MAXIMUM GROWTH [3euFeDglIBg].txt,1452
277,@RyanHumiston,Brutal Biceps Workout (SETS & REPS) [-alijaUsF_s],@RyanHumiston/Brutal Biceps Workout (SETS & REPS) [-alijaUsF_s].txt,552
278,@RyanHumiston,No One Tells You About THIS! [l8-h61hJbXc],@RyanHumiston/No One Tells You About THIS! [l8-h61hJbXc].txt,899
279,@RyanHumiston,HOT CRAZY FITNESS MATRIX (Man's Guide To Dating Gym Girls) [daXtuH3qNOo],@RyanHumiston/HOT CRAZY FITNESS MATRIX (Man's Guide To Dating Gym Girls) [daXtuH3qNOo].txt,1369
280,@RyanHumiston,TOP 3 Supplements That Help Build Muscle FASTER (YOU NEED THESE!) [ica5WX1lr38],@RyanHumiston/TOP 3 Supplements That Help Build Muscle FASTER (YOU NEED THESE!) [ica5WX1lr38].txt,1240
281,@RyanHumiston,5 Tips That GUARANTEE Your FAT LOSS & MUSCLE BUILDING Resolution STICKS! [9miPuU5n75k],@RyanHumiston/5 Tips That GUARANTEE Your FAT LOSS & MUSCLE BUILDING Resolution STICKS! [9miPuU5n75k].txt,1041
282,@RyanHumiston,How To Build BIGGER FOREARMS (6 INTENSE EXERCISES!) [qvX0HM2l1jw],@RyanHumiston/How To Build BIGGER FOREARMS (6 INTENSE EXERCISES!) [qvX0HM2l1jw].txt,1012
283,@RyanHumiston,3 Barbell Squats YOU SHOULD BE DOING! [7dsH-__3mpI],@RyanHumiston/3 Barbell Squats YOU SHOULD BE DOING! [7dsH-__3mpI].txt,1235
284,@RyanHumiston,Eating Meat For 30 Days... [Do3UCicEnmg],@RyanHumiston/Eating Meat For 30 Days... [Do3UCicEnmg].txt,787
285,@RyanHumiston,#1 Reason Why You're NOT Building Muscle [GYnev1tEPpU],@RyanHumiston/#1 Reason Why You're NOT Building Muscle [GYnev1tEPpU].txt,1257
286,@RyanHumiston,BIGGEST DIET MISTAKES When Building Muscle & Losing Fat (Stop or Stay The Same!) [VFefAo46fZU],@RyanHumiston/BIGGEST DIET MISTAKES When Building Muscle & Losing Fat (Stop or Stay The Same!) [VFefAo46fZU].txt,873
287,@RyanHumiston,Why Your Lats AREN'T Growing (GROW A BIG WIDE BACK!) [8E0WFFmxLxc],@RyanHumiston/Why Your Lats AREN'T Growing (GROW A BIG WIDE BACK!) [8E0WFFmxLxc].txt,1267
288,@RyanHumiston,WORST Exercises For Building MUSCLE？ [GT_vReZ3VUA],@RyanHumiston/WORST Exercises For Building MUSCLE？ [GT_vReZ3VUA].txt,1378
289,@RyanHumiston,5 Triceps Exercises For GUARANTEED Growth (YOU NEED THESE!) [mVZfzZBzV9U],@RyanHumiston/5 Triceps Exercises For GUARANTEED Growth (YOU NEED THESE!) [mVZfzZBzV9U].txt,757
290,@RyanHumiston,Why Your Chest Isn't Growing (NOT WHY YOU THINK!) [0uln6lIO2dY],@RyanHumiston/Why Your Chest Isn't Growing (NOT WHY YOU THINK!) [0uln6lIO2dY].txt,902
291,@RyanHumiston,You Aren’t Special… [WAuPlk_2naI],@RyanHumiston/You Aren’t Special… [WAuPlk_2naI].txt,3950
292,@RyanHumiston,HEAVY VS LIGHT WEIGHT For Muscle Growth (THE TRUTH!) [EJ0OHtxZWFk],@RyanHumiston/HEAVY VS LIGHT WEIGHT For Muscle Growth (THE TRUTH!) [EJ0OHtxZWFk].txt,832
293,@RyanHumiston,How To Build More Muscle Mass (CHEAT!) [wP038aW5oBM],@RyanHumiston/How To Build More Muscle Mass (CHEAT!) [wP038aW5oBM].txt,895
294,@RyanHumiston,ABSOLUTE BEST Science-Based BICEPS Workout [Bo_AxIlOhRk],@RyanHumiston/ABSOLUTE BEST Science-Based BICEPS Workout [Bo_AxIlOhRk].txt,799
295,@RyanHumiston,ABSOLUTE BEST Way To Improve Your Squat (Quad Growth Hack!) [5_n9wvmXnA0],@RyanHumiston/ABSOLUTE BEST Way To Improve Your Squat (Quad Growth Hack!) [5_n9wvmXnA0].txt,834
296,@RyanHumiston,"PUSH WORKOUT For SERIOUS GROWTH! (Chest, Shoulders, Triceps) [QJtmffaT4wc]","@RyanHumiston/PUSH WORKOUT For SERIOUS GROWTH! (Chest, Shoulders, Triceps) [QJtmffaT4wc].txt",1314
297,@RyanHumiston,CHEST WORKOUT (The Secret To THICK PECS!!) [eRZEV0aBfQs],@RyanHumiston/CHEST WORKOUT (The Secret To THICK PECS!!) [eRZEV0aBfQs].txt,1160
298,@RyanHumiston,MOST EFFICIENT ABS WORKOUT (TRY THIS!) [6V2tLGJTRzY],@RyanHumiston/MOST EFFICIENT ABS WORKOUT (TRY THIS!) [6V2tLGJTRzY].txt,625
299,@RyanHumiston,Triceps Workout You're GUARANTEED To GROW From! [KjoCEHHroJo],@RyanHumiston/Triceps Workout You're GUARANTEED To GROW From! [KjoCEHHroJo].txt,829
300,@RyanHumiston,Why Your Glutes Aren't Growing (NOT WHY YOU THINK!) [qny2tekrvdE],@RyanHumiston/Why Your Glutes Aren't Growing (NOT WHY YOU THINK!) [qny2tekrvdE].txt,650
301,@RyanHumiston,How To Get BIGGER BICEPS...GUARANTEED! [jhR_Sfi2uWo],@RyanHumiston/How To Get BIGGER BICEPS...GUARANTEED! [jhR_Sfi2uWo].txt,813
302,@RyanHumiston,Why 99.9% of People Fail To Keep Making GAINS! [gXObda9Fpjw],@RyanHumiston/Why 99.9% of People Fail To Keep Making GAINS! [gXObda9Fpjw].txt,1409
303,@RyanHumiston,ABSOLUTE BEST Bodyweight Leg Workout ｜ At Home Exercises (With No Equipment!!) [BCJGNhmJNxA],@RyanHumiston/ABSOLUTE BEST Bodyweight Leg Workout ｜ At Home Exercises (With No Equipment!!) [BCJGNhmJNxA].txt,954
304,@RyanHumiston,ARM Workout For Serious GROWTH (YOU NEED THIS!) [00DYUVP1t5o],@RyanHumiston/ARM Workout For Serious GROWTH (YOU NEED THIS!) [00DYUVP1t5o].txt,1110
305,@RyanHumiston,How To Get BIGGER ARMS FAST (Stop Resting!!) ｜ Dumbbell Only Workout [utbL_vmgAXM],@RyanHumiston/How To Get BIGGER ARMS FAST (Stop Resting!!) ｜ Dumbbell Only Workout [utbL_vmgAXM].txt,1131
306,@RyanHumiston,PERFECT Dumbbell Shoulder Workout (Get HUGE ROUND DELTS!) [5U_c-uPMf3E],@RyanHumiston/PERFECT Dumbbell Shoulder Workout (Get HUGE ROUND DELTS!) [5U_c-uPMf3E].txt,999
307,@RyanHumiston,5 INNER Tricep Exercises For THICKER Arms (DON'T SKIP THESE!) [zj9r0I5Ter4],@RyanHumiston/5 INNER Tricep Exercises For THICKER Arms (DON'T SKIP THESE!) [zj9r0I5Ter4].txt,1243
308,@RyanHumiston,BEST Cardio To LOSE FAT and BUILD MUSCLE？! [BcQgqS1zncs],@RyanHumiston/BEST Cardio To LOSE FAT and BUILD MUSCLE？! [BcQgqS1zncs].txt,944
309,@RyanHumiston,I Blew Up My Arms With THESE!! [uAPyL4JeVSU],@RyanHumiston/I Blew Up My Arms With THESE!! [uAPyL4JeVSU].txt,848
310,@RyanHumiston,MUSCLE BUILDING DIET Tips (Start Doing These TODAY!) [V59Gp_7poVg],@RyanHumiston/MUSCLE BUILDING DIET Tips (Start Doing These TODAY!) [V59Gp_7poVg].txt,776
311,@RyanHumiston,REAR DELTS ｜ 3 Reasons Your Posterior Deltoids WILL NEVER GROW! [2KNTNXzmg10],@RyanHumiston/REAR DELTS ｜ 3 Reasons Your Posterior Deltoids WILL NEVER GROW! [2KNTNXzmg10].txt,573
312,@RyanHumiston,How I Grew MASSIVE Shoulders FAST! [np-18tjx9ak],@RyanHumiston/How I Grew MASSIVE Shoulders FAST! [np-18tjx9ak].txt,2125
313,@RyanHumiston,Exercises ALL MEN Should Be Doing For MUSCLE GROWTH (THESE WORK!) [4CbDhMj6Jmk],@RyanHumiston/Exercises ALL MEN Should Be Doing For MUSCLE GROWTH (THESE WORK!) [4CbDhMj6Jmk].txt,1281
314,@RyanHumiston,How To Get WIDE SHOULDERS (DON'T SKIP THESE!) [Nuf3LXKrGW0],@RyanHumiston/How To Get WIDE SHOULDERS (DON'T SKIP THESE!) [Nuf3LXKrGW0].txt,1205
315,@RyanHumiston,6 Lat Pulldown Exercises To Build The BEST BACK WORKOUT! [J1ldBhooepw],@RyanHumiston/6 Lat Pulldown Exercises To Build The BEST BACK WORKOUT! [J1ldBhooepw].txt,924
316,@RyanHumiston,Why I Built MORE MUSCLE From ＂LIGHT WEIGHT＂ [yOuUaYO5G5s],@RyanHumiston/Why I Built MORE MUSCLE From ＂LIGHT WEIGHT＂ [yOuUaYO5G5s].txt,808
317,@RyanHumiston,You're Training Biceps WRONG ｜ Backed By SCIENCE! [bDQlPlGe2M8],@RyanHumiston/You're Training Biceps WRONG ｜ Backed By SCIENCE! [bDQlPlGe2M8].txt,1730
318,@RyanHumiston,Everything You NEED To Know About Protein & Building Muscle! [NeouBUxC1o0],@RyanHumiston/Everything You NEED To Know About Protein & Building Muscle! [NeouBUxC1o0].txt,1110
319,@RyanHumiston,How Many Days Per Week Should You Workout？ (MORE THAN YOU THINK!) [dJ6mKE6UDvg],@RyanHumiston/How Many Days Per Week Should You Workout？ (MORE THAN YOU THINK!) [dJ6mKE6UDvg].txt,789
320,@RyanHumiston,AMAZING SHOULDER WORKOUT (..NOT WHAT YOU THINK!) [zr2JXvKv5uE],@RyanHumiston/AMAZING SHOULDER WORKOUT (..NOT WHAT YOU THINK!) [zr2JXvKv5uE].txt,1065
321,@RyanHumiston,Training Like ARNOLD For 30 DAYS! [fKVum-xVQtc],@RyanHumiston/Training Like ARNOLD For 30 DAYS! [fKVum-xVQtc].txt,1415
322,@RyanHumiston,BEST Leg Exercise For Growth (YOU NEED THIS!!) [qVC129FGdno],@RyanHumiston/BEST Leg Exercise For Growth (YOU NEED THIS!!) [qVC129FGdno].txt,1008
323,@RyanHumiston,The Perfect Push-Up To BUILD MUSCLE (ALWAYS DO THIS!) [F4B9CjP8vw8],@RyanHumiston/The Perfect Push-Up To BUILD MUSCLE (ALWAYS DO THIS!) [F4B9CjP8vw8].txt,922
324,@RyanHumiston,Why Your Delts Aren't Getting BIG & CAPPED! [cxotn_MpXkY],@RyanHumiston/Why Your Delts Aren't Getting BIG & CAPPED! [cxotn_MpXkY].txt,948
325,@RyanHumiston,PERFECT DUMBBELL SHOULDER WORKOUT (You NEED To Try This!) [ov2MchWmeQk],@RyanHumiston/PERFECT DUMBBELL SHOULDER WORKOUT (You NEED To Try This!) [ov2MchWmeQk].txt,1297
326,@RyanHumiston,Want Huge Forearms？ I Gained 1 Inch Using THIS Science-Backed Method! [LMGS04Kn3_w],@RyanHumiston/Want Huge Forearms？ I Gained 1 Inch Using THIS Science-Backed Method! [LMGS04Kn3_w].txt,2723
327,@RyanHumiston,Bodybuilder Reacts To ＂FAT LOSS＂ Diet [BBNDSvuw9Io],@RyanHumiston/Bodybuilder Reacts To ＂FAT LOSS＂ Diet [BBNDSvuw9Io].txt,1268
328,@RyanHumiston,"How To Get BIGGER, WIDER, CAPPED Shoulders (Side Delts) [1KFgz0rGflc]","@RyanHumiston/How To Get BIGGER, WIDER, CAPPED Shoulders (Side Delts) [1KFgz0rGflc].txt",735
329,@RyanHumiston,3 Upper Body Exercises YOU NEED TO START DOING! (Chest & Biceps) [oUGHMdxAGh0],@RyanHumiston/3 Upper Body Exercises YOU NEED TO START DOING! (Chest & Biceps) [oUGHMdxAGh0].txt,1601
330,@RyanHumiston,"Absolute BEST At Home Exercises (Abs, Chest, Shoulders, Triceps) [Pp6KdE_zQzs]","@RyanHumiston/Absolute BEST At Home Exercises (Abs, Chest, Shoulders, Triceps) [Pp6KdE_zQzs].txt",764
331,@RyanHumiston,master_transcript,@RyanHumiston/master_transcript.txt,363543
332,@RyanHumiston,The KEY To Fixing Your Lower Chest & Getting More Pec Development [bpHbpSzvYn0],@RyanHumiston/The KEY To Fixing Your Lower Chest & Getting More Pec Development [bpHbpSzvYn0].txt,791
333,@RyanHumiston,What ICE BATHS Do To Your MUSCLES! [IYni6AfrkAY],@RyanHumiston/What ICE BATHS Do To Your MUSCLES! [IYni6AfrkAY].txt,771
334,@RyanHumiston,BIG BACK WORKOUT ｜ BEST V-TAPER EXERCISES [RYrOrBJtX38],@RyanHumiston/BIG BACK WORKOUT ｜ BEST V-TAPER EXERCISES [RYrOrBJtX38].txt,1011
335,@RyanHumiston,Do This Workout 1x Month For Serious MUSCLE GROWTH! [yU5M_GWBTbs],@RyanHumiston/Do This Workout 1x Month For Serious MUSCLE GROWTH! [yU5M_GWBTbs].txt,855
336,@RyanHumiston,How To Lose Fat FAST! (NOT HOW YOU THINK!) [rlsQdvgCHi0],@RyanHumiston/How To Lose Fat FAST! (NOT HOW YOU THINK!) [rlsQdvgCHi0].txt,1395
337,@RyanHumiston,Slow vs Fast Reps For Growth (You Won't Believe The TRUTH!) [8MaVVtymTuI],@RyanHumiston/Slow vs Fast Reps For Growth (You Won't Believe The TRUTH!) [8MaVVtymTuI].txt,724
338,@RyanHumiston,You Won't Believe THIS! [tNWuuZfW4IM],@RyanHumiston/You Won't Believe THIS! [tNWuuZfW4IM].txt,1181
339,@RyanHumiston,INSANE Growth From This Tricep Workout (Soreness Guaranteed!) [UiaCfIwD2QI],@RyanHumiston/INSANE Growth From This Tricep Workout (Soreness Guaranteed!) [UiaCfIwD2QI].txt,687
340,@RyanHumiston,HOW TO PACK ON MORE MUSCLE (The Key To Growth!) [yTBlp7G1DeU],@RyanHumiston/HOW TO PACK ON MORE MUSCLE (The Key To Growth!) [yTBlp7G1DeU].txt,1377
341,@RyanHumiston,Critiquing Subscribers Form! [SY_OmpWZJ_o],@RyanHumiston/Critiquing Subscribers Form! [SY_OmpWZJ_o].txt,1262
342,@RyanHumiston,The Importance of CHEAT MEALS For FAT LOSS (You NEED To Do It This Way!) [3QAB4ajHhVU],@RyanHumiston/The Importance of CHEAT MEALS For FAT LOSS (You NEED To Do It This Way!) [3QAB4ajHhVU].txt,607
343,@RyanHumiston,DUMB Exercises That Get BIG GAINS FAST! (DON'T SKIP THESE) [44pmtAVuoKI],@RyanHumiston/DUMB Exercises That Get BIG GAINS FAST! (DON'T SKIP THESE) [44pmtAVuoKI].txt,1117
344,@RyanHumiston,Zero Calorie Foods For Weight Loss (Shut Up Kevin!) [JxZUYueO5cI],@RyanHumiston/Zero Calorie Foods For Weight Loss (Shut Up Kevin!) [JxZUYueO5cI].txt,892
345,@RyanHumiston,The BEST Science-Backed Workout Split For FASTER Muscle Growth! (My New Favorite) [nO9_mzqgHKE],@RyanHumiston/The BEST Science-Backed Workout Split For FASTER Muscle Growth! (My New Favorite) [nO9_mzqgHKE].txt,2806
346,@RyanHumiston,Why Most People Are Training ABS WRONG! (BULLETPROOF CORE) Science Explained! [mKUFh_DvDRo],@RyanHumiston/Why Most People Are Training ABS WRONG! (BULLETPROOF CORE) Science Explained! [mKUFh_DvDRo].txt,1902
347,@RyanHumiston,Bicep Exercises YOU'RE DOING WRONG! [Bd92IX5pMi8],@RyanHumiston/Bicep Exercises YOU'RE DOING WRONG! [Bd92IX5pMi8].txt,1018
348,@RyanHumiston,How To Grow 19in ARMS (Sets & Reps!) [lSmhIVFl8Z0],@RyanHumiston/How To Grow 19in ARMS (Sets & Reps!) [lSmhIVFl8Z0].txt,879
349,@RyanHumiston,How Hard Should You Workout To Build Muscle？ (START DOING THIS!) [MY1GWO325DI],@RyanHumiston/How Hard Should You Workout To Build Muscle？ (START DOING THIS!) [MY1GWO325DI].txt,1467
350,@RyanHumiston,The Muscle Building & Fat Loss CHEAT CODE! [uifea-FuLHQ],@RyanHumiston/The Muscle Building & Fat Loss CHEAT CODE! [uifea-FuLHQ].txt,936
351,@RyanHumiston,How To Build A THICKER More Muscular Physique Fast (STOP NEGLECTING THESE!) [vkwaalRCxGM],@RyanHumiston/How To Build A THICKER More Muscular Physique Fast (STOP NEGLECTING THESE!) [vkwaalRCxGM].txt,1205
352,@RyanHumiston,The 8 BEST Chest Exercises (DON'T SKIP THESE!) [jxTN5TRSl-U],@RyanHumiston/The 8 BEST Chest Exercises (DON'T SKIP THESE!) [jxTN5TRSl-U].txt,1312
353,@RyanHumiston,ADVANCED Barbell Back Workout (GOOD LUCK!) [-jbciuWL3YY],@RyanHumiston/ADVANCED Barbell Back Workout (GOOD LUCK!) [-jbciuWL3YY].txt,916
354,@RyanHumiston,Build MORE MUSCLE - LESS FAT (Science Explained!) [ELxTSv-5Ykg],@RyanHumiston/Build MORE MUSCLE - LESS FAT (Science Explained!) [ELxTSv-5Ykg].txt,1980
355,@RyanHumiston,The Science of Depression (This is SHOCKING!) [xQ8y_7w5sw8],@RyanHumiston/The Science of Depression (This is SHOCKING!) [xQ8y_7w5sw8].txt,2555
356,@RyanHumiston,5 “Horseshoe” Tricep Exercises  (YOU’RE MISSING THESE!) [uxZJWm8aRgU],@RyanHumiston/5 “Horseshoe” Tricep Exercises  (YOU’RE MISSING THESE!) [uxZJWm8aRgU].txt,761
357,@RyanHumiston,5 Reasons Why Your Body Transformation FAILED! [n09Mgd1NBls],@RyanHumiston/5 Reasons Why Your Body Transformation FAILED! [n09Mgd1NBls].txt,950
358,@RyanHumiston,PERFECT MOBILITY - Fix THIS During Training (NOT STRETCHING!) ｜ THORACIC [sC91H2XLtJc],@RyanHumiston/PERFECT MOBILITY - Fix THIS During Training (NOT STRETCHING!) ｜ THORACIC [sC91H2XLtJc].txt,1536
359,@RyanHumiston,30lbs in 15 Months… [sAYiqEMJyu4],@RyanHumiston/30lbs in 15 Months… [sAYiqEMJyu4].txt,2263
360,@RyanHumiston,ARM WORKOUT For BIGGER Biceps + Triceps (Bodyweight + Dumbbell) [R1oGlOv-vjE],@RyanHumiston/ARM WORKOUT For BIGGER Biceps + Triceps (Bodyweight + Dumbbell) [R1oGlOv-vjE].txt,797
361,@RyanHumiston,I Tried All The Fat Loss Peptides And THIS Happened! [AQoawPLUKxk],@RyanHumiston/I Tried All The Fat Loss Peptides And THIS Happened! [AQoawPLUKxk].txt,1851
362,@RyanHumiston,Beginner GYM Mistakes I Made As A Teenager (I BET YOU DID TOO!) [SUrElnZbjI8],@RyanHumiston/Beginner GYM Mistakes I Made As A Teenager (I BET YOU DID TOO!) [SUrElnZbjI8].txt,944
363,@RyanHumiston,＂My Arms Aren't GROWING!＂ (THIS WILL FIX THAT) [CS051dubedo],@RyanHumiston/＂My Arms Aren't GROWING!＂ (THIS WILL FIX THAT) [CS051dubedo].txt,1134
364,@RyanHumiston,BUILD MORE MUSCLE (One Set To Rule Them All!) [cOMCgZegQ8o],@RyanHumiston/BUILD MORE MUSCLE (One Set To Rule Them All!) [cOMCgZegQ8o].txt,598
365,@RyanHumiston,How To Get WIDER SHOULDERS (DO THIS!) [TvUvWN8vq_0],@RyanHumiston/How To Get WIDER SHOULDERS (DO THIS!) [TvUvWN8vq_0].txt,813
366,@RyanHumiston,This 100% Works! [ozZKx9yC24E],@RyanHumiston/This 100% Works! [ozZKx9yC24E].txt,2917
367,@RyanHumiston,Drink THIS Every Workout! [OkE_WOpPejM],@RyanHumiston/Drink THIS Every Workout! [OkE_WOpPejM].txt,2496
368,@RyanHumiston,How To Build Muscle and Lose Fat At The SAME TIME!! [3ui6tADtn6U],@RyanHumiston/How To Build Muscle and Lose Fat At The SAME TIME!! [3ui6tADtn6U].txt,1731
369,@RyanHumiston,How To Fix ANY Muscle Imbalance (3 SIMPLE STEPS!) [hn88Thr3lEw],@RyanHumiston/How To Fix ANY Muscle Imbalance (3 SIMPLE STEPS!) [hn88Thr3lEw].txt,818
370,@RyanHumiston,Here’s Why Your Lower Chest Sucks… [VKgvrl0DemI],@RyanHumiston/Here’s Why Your Lower Chest Sucks… [VKgvrl0DemI].txt,2046
371,@RyanHumiston,Build MORE Muscle in HALF THE TIME! (Science Backed 30 Min Workout) [7qDsTYR9qJY],@RyanHumiston/Build MORE Muscle in HALF THE TIME! (Science Backed 30 Min Workout) [7qDsTYR9qJY].txt,1951
372,@RyanHumiston,3 Back Exercises For THICK Lower Lats (You Need These!) [YckGZseaDnc],@RyanHumiston/3 Back Exercises For THICK Lower Lats (You Need These!) [YckGZseaDnc].txt,772
373,@RyanHumiston,Big Biceps Workout (START TRAINING LIKE THIS!!) [2fv8EfK8Rlc],@RyanHumiston/Big Biceps Workout (START TRAINING LIKE THIS!!) [2fv8EfK8Rlc].txt,767
374,@RyanHumiston,How To Get BIGGER CALVES (3 MISTAKES YOU'RE MAKING!) [alINH7igRU4],@RyanHumiston/How To Get BIGGER CALVES (3 MISTAKES YOU'RE MAKING!) [alINH7igRU4].txt,979
375,@RyanHumiston,"Science-Based SHOULDER Workout (60% of The Time, It Works Every Time) [17jkRBytzq8]","@RyanHumiston/Science-Based SHOULDER Workout (60% of The Time, It Works Every Time) [17jkRBytzq8].txt",786
376,@RyanHumiston,How To Get Rid of Man Boobs (ULTIMATE CHEST FAT FIX!) [Q7rlkPsq8Uw],@RyanHumiston/How To Get Rid of Man Boobs (ULTIMATE CHEST FAT FIX!) [Q7rlkPsq8Uw].txt,949
377,@RyanHumiston,This is The FUTURE! [0C7xznyxbZg],@RyanHumiston/This is The FUTURE! [0C7xznyxbZg].txt,1681
378,@RyanHumiston,How To Do Dumbbell Rows For A BIGGER THICKER BACK! (THIS WORKS!) [y2v9Eu3urhk],@RyanHumiston/How To Do Dumbbell Rows For A BIGGER THICKER BACK! (THIS WORKS!) [y2v9Eu3urhk].txt,1244
379,@RyanHumiston,The BEST Quad Exercises RANKED! (Backed By Science) [COBRiw9W930],@RyanHumiston/The BEST Quad Exercises RANKED! (Backed By Science) [COBRiw9W930].txt,1877
380,@RyanHumiston,"Lat Exercises YOU'RE DOING WRONG! (Build A Wider, Thicker BACK) [ZvLb9rxsq7Y]","@RyanHumiston/Lat Exercises YOU'RE DOING WRONG! (Build A Wider, Thicker BACK) [ZvLb9rxsq7Y].txt",888
381,@RyanHumiston,This 100% Works! [7yKWqEd48Ec],@RyanHumiston/This 100% Works! [7yKWqEd48Ec].txt,2727
382,@RyanHumiston,BIGGER ARMS In 30 DAYS ＂GUARAN-F'N-TEED＂ [NNhFIRpjkeU],@RyanHumiston/BIGGER ARMS In 30 DAYS ＂GUARAN-F'N-TEED＂ [NNhFIRpjkeU].txt,1284
383,@RyanHumiston,How ONE Exercise Can Build Muscle FASTER (NOT WHAT YOU THINK!) [xG6D7wslxwo],@RyanHumiston/How ONE Exercise Can Build Muscle FASTER (NOT WHAT YOU THINK!) [xG6D7wslxwo].txt,851
384,@RyanHumiston,The Science-Backed Shortcut to Boulder Shoulders – It’s Insane! [DyOtTMCKTPg],@RyanHumiston/The Science-Backed Shortcut to Boulder Shoulders – It’s Insane! [DyOtTMCKTPg].txt,2346
385,@RyanHumiston,10 Min Workout - Bodyweight Only [smeyHJvv04I],@RyanHumiston/10 Min Workout - Bodyweight Only [smeyHJvv04I].txt,1142
386,@RyanHumiston,How TO GUARANTEE Muscle Growth From EVERY Workout! [WSJD3zLZUVA],@RyanHumiston/How TO GUARANTEE Muscle Growth From EVERY Workout! [WSJD3zLZUVA].txt,1079
387,@RyanHumiston,How To Do FRONT RAISES For BIGGER SHOULDERS (THESE WORK!) [DiNYcgchguo],@RyanHumiston/How To Do FRONT RAISES For BIGGER SHOULDERS (THESE WORK!) [DiNYcgchguo].txt,1034
388,@RyanHumiston,Bodybuilders Blueprint On How To Train For MASS [9N_iW7s3L3g],@RyanHumiston/Bodybuilders Blueprint On How To Train For MASS [9N_iW7s3L3g].txt,859
389,@RyanHumiston,Light vs Heavy Weight For Building Muscle ｜ ONE CLEAR WINNER [thTHRATSNLU],@RyanHumiston/Light vs Heavy Weight For Building Muscle ｜ ONE CLEAR WINNER [thTHRATSNLU].txt,584
390,@RyanHumiston,Dumbbell Exercises That YOU NEED To Try! [SijlzDYwrjA],@RyanHumiston/Dumbbell Exercises That YOU NEED To Try! [SijlzDYwrjA].txt,737
391,@RyanHumiston,The PERFECT LEG WORKOUT (The Science LIES!) [7uMRxo8BRkM],@RyanHumiston/The PERFECT LEG WORKOUT (The Science LIES!) [7uMRxo8BRkM].txt,2583
392,@RyanHumiston,Why Your Shoulders AREN'T GROWING (Truth Hurts!) [-7zwBgmJ3hw],@RyanHumiston/Why Your Shoulders AREN'T GROWING (Truth Hurts!) [-7zwBgmJ3hw].txt,864
393,@RyanHumiston,PERFECT Leg Workout (TIME TO GROW!) [0dfJEZHu7-I],@RyanHumiston/PERFECT Leg Workout (TIME TO GROW!) [0dfJEZHu7-I].txt,1276
394,@RyanHumiston,Do This BEFORE Every Workout (BETTER THAN FACE PULLS!) [XS3rSeTHpUs],@RyanHumiston/Do This BEFORE Every Workout (BETTER THAN FACE PULLS!) [XS3rSeTHpUs].txt,956
395,@RyanHumiston,You're Eating Protein WRONG! [KCK9s5Aa5kg],@RyanHumiston/You're Eating Protein WRONG! [KCK9s5Aa5kg].txt,2103
396,@RyanHumiston,We need to talk.. [phkpPiMBrOQ],@RyanHumiston/We need to talk.. [phkpPiMBrOQ].txt,768
397,@RyanHumiston,INTENSE Shoulder Workout (SETS & REPS!) [sjRYeN0JwlU],@RyanHumiston/INTENSE Shoulder Workout (SETS & REPS!) [sjRYeN0JwlU].txt,916
398,@RyanHumiston,Why EVERYONE Should LIFT WEIGHTS [bjp3yHf0ppc],@RyanHumiston/Why EVERYONE Should LIFT WEIGHTS [bjp3yHf0ppc].txt,725
399,@RyanHumiston,ABSOLUTE BEST CHEST WORKOUT (Sets & Reps!) [2hY6i0tsqbg],@RyanHumiston/ABSOLUTE BEST CHEST WORKOUT (Sets & Reps!) [2hY6i0tsqbg].txt,1521
400,@RyanHumiston,Stop Doing THIS! [uS4v5vPMavg],@RyanHumiston/Stop Doing THIS! [uS4v5vPMavg].txt,2362
401,@RyanHumiston,PUSH PULL LEGS Program ｜ Between Two Plates [e_NlrVKj4xM],@RyanHumiston/PUSH PULL LEGS Program ｜ Between Two Plates [e_NlrVKj4xM].txt,339
402,@RyanHumiston,LEG WORKOUT MISTAKES (Fix This And You'll GROW!) [3VXzHG6vCv8],@RyanHumiston/LEG WORKOUT MISTAKES (Fix This And You'll GROW!) [3VXzHG6vCv8].txt,1214
403,@RyanHumiston,3 Bicep Exercises (YOU NEED FOR GROWTH!) ｜ Sets & Reps [GjsBOd8Iozs],@RyanHumiston/3 Bicep Exercises (YOU NEED FOR GROWTH!) ｜ Sets & Reps [GjsBOd8Iozs].txt,883
404,@RyanHumiston,How To Lose Fat FAST! (PART 2) [Rg1XX_04xLI],@RyanHumiston/How To Lose Fat FAST! (PART 2) [Rg1XX_04xLI].txt,830
405,@RyanHumiston,How Much Cardio Should You Do To Lose Fat？ (LESS THAN YOU THINK!) [ILxJ6PPxYoM],@RyanHumiston/How Much Cardio Should You Do To Lose Fat？ (LESS THAN YOU THINK!) [ILxJ6PPxYoM].txt,650
406,@RyanHumiston,Need MORE Muscle Mass？ (DON'T SKIP THIS!) [7BnrYKDlq50],@RyanHumiston/Need MORE Muscle Mass？ (DON'T SKIP THIS!) [7BnrYKDlq50].txt,1354
407,@RyanHumiston,I Was DEAD WRONG About THIS! [r4ZVqu12mV8],@RyanHumiston/I Was DEAD WRONG About THIS! [r4ZVqu12mV8].txt,954
408,@RyanHumiston,Do THIS Before EVERY Exercise To BUILD MORE MUSCLE! [fc6iJauFv7I],@RyanHumiston/Do THIS Before EVERY Exercise To BUILD MORE MUSCLE! [fc6iJauFv7I].txt,1007
409,@RyanHumiston,How To Get BIG BICEPS With DOG SH＊T Exercises [5xoiYyzwqvA],@RyanHumiston/How To Get BIG BICEPS With DOG SH＊T Exercises [5xoiYyzwqvA].txt,1217
410,@RyanHumiston,"7 MINUTE ABS Workout To Get You A 6 Pack (No not 6, I said 7!) [lDDVl-tadso]","@RyanHumiston/7 MINUTE ABS Workout To Get You A 6 Pack (No not 6, I said 7!) [lDDVl-tadso].txt",967
411,@RyanHumiston,I GUARANTEE You’re Doing This WRONG! [z59ulvlIZfk],@RyanHumiston/I GUARANTEE You’re Doing This WRONG! [z59ulvlIZfk].txt,1672
412,@RyanHumiston,WORKOUT MOTIVATION 🔥 GET AFTER IT - GET GROWING! [K8CUEZStRw4],@RyanHumiston/WORKOUT MOTIVATION 🔥 GET AFTER IT - GET GROWING! [K8CUEZStRw4].txt,646
413,@RyanHumiston,How To Build MORE MUSCLE...(GROWTH GUARANTEED!) [NjQ8FhrAnkA],@RyanHumiston/How To Build MORE MUSCLE...(GROWTH GUARANTEED!) [NjQ8FhrAnkA].txt,1117
414,@RyanHumiston,Is Your Protein Powder Good For Building Muscle & Losing Fat？ [EG5YMRIAAN4],@RyanHumiston/Is Your Protein Powder Good For Building Muscle & Losing Fat？ [EG5YMRIAAN4].txt,874
415,@RyanHumiston,Best Back Exercises Ranked (TOP 7 FOR BUILDING MUSCLE!) [4GUvx0AG-Bs],@RyanHumiston/Best Back Exercises Ranked (TOP 7 FOR BUILDING MUSCLE!) [4GUvx0AG-Bs].txt,1352
416,@RyanHumiston,Chest Exercises YOU'RE DOING WRONG! [Ev0MWBkp53Q],@RyanHumiston/Chest Exercises YOU'RE DOING WRONG! [Ev0MWBkp53Q].txt,558
417,@RyanHumiston,You're Training WRONG! [6p5ZhtHqiHo],@RyanHumiston/You're Training WRONG! [6p5ZhtHqiHo].txt,1365
418,@RyanHumiston,We Need To Fix THIS! [svETCaX8Dgo],@RyanHumiston/We Need To Fix THIS! [svETCaX8Dgo].txt,2821
419,@RyanHumiston,Awaken & Grow Your GLUTES (FLAT BUTT FIX!) [dAQeLNv33zI],@RyanHumiston/Awaken & Grow Your GLUTES (FLAT BUTT FIX!) [dAQeLNv33zI].txt,868
420,@RyanHumiston,6 Muscle Building Supplements YOU NEED! [3JsyoHNt7EE],@RyanHumiston/6 Muscle Building Supplements YOU NEED! [3JsyoHNt7EE].txt,819
421,@anabolicbodybuilding,I Can't Lose Weight in a Caloric Deficit - Anabolic Bodybuilding [j-bnu9jtN_s],@anabolicbodybuilding/I Can't Lose Weight in a Caloric Deficit - Anabolic Bodybuilding [j-bnu9jtN_s].txt,936
422,@anabolicbodybuilding,Anadrol (Oxymetholone) - Steroid Profile - Anabolic Bodybuilding [Dar_iQMbjQI],@anabolicbodybuilding/Anadrol (Oxymetholone) - Steroid Profile - Anabolic Bodybuilding [Dar_iQMbjQI].txt,1868
423,@anabolicbodybuilding,Proviron (Mesterolone) - Steroid Profile - Anabolic Bodybuilding [KNtsaC0hg8E],@anabolicbodybuilding/Proviron (Mesterolone) - Steroid Profile - Anabolic Bodybuilding [KNtsaC0hg8E].txt,1595
424,@anabolicbodybuilding,Progressive Overload Principles - Anabolic Bodybuilding [lvxb5uIkoJw],@anabolicbodybuilding/Progressive Overload Principles - Anabolic Bodybuilding [lvxb5uIkoJw].txt,1968
425,@anabolicbodybuilding,Nolvadex (Tamoxifen Citrate) - Drug Profile - Anabolic Bodybuilding [-JyY1_O5umQ],@anabolicbodybuilding/Nolvadex (Tamoxifen Citrate) - Drug Profile - Anabolic Bodybuilding [-JyY1_O5umQ].txt,1222
426,@anabolicbodybuilding,Tren Steroid Profile [rDwoUT9Qr8M],@anabolicbodybuilding/Tren Steroid Profile [rDwoUT9Qr8M].txt,1654
427,@anabolicbodybuilding,Aromatase Inhibitor (AI) Side Effects - Anabolic Bodybuilding [-FgYHdxthJw],@anabolicbodybuilding/Aromatase Inhibitor (AI) Side Effects - Anabolic Bodybuilding [-FgYHdxthJw].txt,700
428,@anabolicbodybuilding,Why you aren’t progressing - Not tracking your workouts. [PzL-QSFLwi8],@anabolicbodybuilding/Why you aren’t progressing - Not tracking your workouts. [PzL-QSFLwi8].txt,494
429,@anabolicbodybuilding,Exemestane (Aromasin) for Bodybuilding - Drug Profile - Anabolic Bodybuilding [tUhQV4_Jj5w],@anabolicbodybuilding/Exemestane (Aromasin) for Bodybuilding - Drug Profile - Anabolic Bodybuilding [tUhQV4_Jj5w].txt,1480
430,@anabolicbodybuilding,2021 Contest Prep Diet - Anabolic Bodybuilding [fOKsa4L70Lk],@anabolicbodybuilding/2021 Contest Prep Diet - Anabolic Bodybuilding [fOKsa4L70Lk].txt,852
431,@anabolicbodybuilding,Do vegan⧸vegetarian diets work for bodybuilding？ [AlYTynEA9Y8],@anabolicbodybuilding/Do vegan⧸vegetarian diets work for bodybuilding？ [AlYTynEA9Y8].txt,687
432,@anabolicbodybuilding,Testosterone Cycle Basics - Anabolic Bodybuilding [pS2OeJj_a8I],@anabolicbodybuilding/Testosterone Cycle Basics - Anabolic Bodybuilding [pS2OeJj_a8I].txt,3192
433,@anabolicbodybuilding,Halotestin (Fluoxymesterone) Steroid Profile - Anabolic Bodybuilding [lqfgTOTr4Uw],@anabolicbodybuilding/Halotestin (Fluoxymesterone) Steroid Profile - Anabolic Bodybuilding [lqfgTOTr4Uw].txt,1105
434,@anabolicbodybuilding,"How Much Muscle Can You Gain On Gear？ How To Bulk, Is Meal Timing Important？ Older Guy Training Tips [Gp3g5ttXpv4]","@anabolicbodybuilding/How Much Muscle Can You Gain On Gear？ How To Bulk, Is Meal Timing Important？ Older Guy Training Tips [Gp3g5ttXpv4].txt",9403
435,@anabolicbodybuilding,Is Calories in ⧸ Calories out (CICO) a myth or scientific fact？ - Anabolic Bodybuilding [tgjSElEqMzQ],@anabolicbodybuilding/Is Calories in ⧸ Calories out (CICO) a myth or scientific fact？ - Anabolic Bodybuilding [tgjSElEqMzQ].txt,1862
436,@anabolicbodybuilding,Types of Aromatase Inhibitors - Suicide Inhibitor vs Reversible Inhibitor -  Anabolic Bodybuilding [_dNq42nE0T4],@anabolicbodybuilding/Types of Aromatase Inhibitors - Suicide Inhibitor vs Reversible Inhibitor -  Anabolic Bodybuilding [_dNq42nE0T4].txt,497
437,@anabolicbodybuilding,Primobolan (Methenalone Enanthate) - Steroid Profile - Anabolic Bodybuilding [UZturhKF-0k],@anabolicbodybuilding/Primobolan (Methenalone Enanthate) - Steroid Profile - Anabolic Bodybuilding [UZturhKF-0k].txt,1390
438,@anabolicbodybuilding,Testosterone Steroid Profile - Anabolic Bodybuilding [TRX8TC_DdMY],@anabolicbodybuilding/Testosterone Steroid Profile - Anabolic Bodybuilding [TRX8TC_DdMY].txt,3350
439,@anabolicbodybuilding,Can you get rid of gyno (gynocamastia) without surgery. [omuZ-P9kEHs],@anabolicbodybuilding/Can you get rid of gyno (gynocamastia) without surgery. [omuZ-P9kEHs].txt,465
440,@anabolicbodybuilding,"Steroids, Bodybuilding, and Erectile Dysfunction (E.D.) - Anabolic Bodybuilding [tsc6An5JRfA]","@anabolicbodybuilding/Steroids, Bodybuilding, and Erectile Dysfunction (E.D.) - Anabolic Bodybuilding [tsc6An5JRfA].txt",1470
441,@anabolicbodybuilding,Shawn Rhoden Dead [zkt_nctEYmI],@anabolicbodybuilding/Shawn Rhoden Dead [zkt_nctEYmI].txt,355
442,@anabolicbodybuilding,Full High Carb Day of Eating - Justin Harris - Anabolic Bodybuilding [04otlNkMbpc],@anabolicbodybuilding/Full High Carb Day of Eating - Justin Harris - Anabolic Bodybuilding [04otlNkMbpc].txt,1989
443,@anabolicbodybuilding,master_transcript1,@anabolicbodybuilding/master_transcript1.txt,120575
444,@anabolicbodybuilding,Protein Requirements for Bodybuilding - Anabolic Bodybuilding [26X187gnojI],@anabolicbodybuilding/Protein Requirements for Bodybuilding - Anabolic Bodybuilding [26X187gnojI].txt,2776
445,@anabolicbodybuilding,Why you aren’t progressing - Fear of overtraining - Anabolic Bodybuilding [z-PYdQyUJhw],@anabolicbodybuilding/Why you aren’t progressing - Fear of overtraining - Anabolic Bodybuilding [z-PYdQyUJhw].txt,398
446,@anabolicbodybuilding,Carb Cycling for Fat Loss - Anabolic Bodybuilding [Y6W46nYQrkc],@anabolicbodybuilding/Carb Cycling for Fat Loss - Anabolic Bodybuilding [Y6W46nYQrkc].txt,1894
447,@anabolicbodybuilding,Best Steroids for Vascularity - Anabolic Bodybuilding [IRuJOkcbHho],@anabolicbodybuilding/Best Steroids for Vascularity - Anabolic Bodybuilding [IRuJOkcbHho].txt,406
448,@anabolicbodybuilding,Why You aren’t Progressing - Analysis Paralysis - Anabolic Bodybuilding [CT34_7YF5ZM],@anabolicbodybuilding/Why You aren’t Progressing - Analysis Paralysis - Anabolic Bodybuilding [CT34_7YF5ZM].txt,572
449,@anabolicbodybuilding,Masteron (Drostanolone Propionate) - Steroid Profile - Anabolic Bodybuilding [pl3P3gGzUc8],@anabolicbodybuilding/Masteron (Drostanolone Propionate) - Steroid Profile - Anabolic Bodybuilding [pl3P3gGzUc8].txt,1557
450,@anabolicbodybuilding,Nandrolone (Deca & NPP) Steroid Profile - Anabolic Bodybuilding [erb87x97qhw],@anabolicbodybuilding/Nandrolone (Deca & NPP) Steroid Profile - Anabolic Bodybuilding [erb87x97qhw].txt,1233
451,@anabolicbodybuilding,What is good lifting form？ - Anabolic Bodybuilding [05UlmsS4b6M],@anabolicbodybuilding/What is good lifting form？ - Anabolic Bodybuilding [05UlmsS4b6M].txt,816
452,@anabolicbodybuilding,Periodized High Volume Training - Anabolic Bodybuilding [hqpQTF7XVUw],@anabolicbodybuilding/Periodized High Volume Training - Anabolic Bodybuilding [hqpQTF7XVUw].txt,3192
453,@anabolicbodybuilding,Turinabol (Tbol) Steroid Profile - Anabolic Bodybuilding [JUOqtUXWkGI],@anabolicbodybuilding/Turinabol (Tbol) Steroid Profile - Anabolic Bodybuilding [JUOqtUXWkGI].txt,940
454,@anabolicbodybuilding,Letrozole (Femera) Profile for Bodybuilding - Anabolic Bodybuilding [yskcDd2tAoE],@anabolicbodybuilding/Letrozole (Femera) Profile for Bodybuilding - Anabolic Bodybuilding [yskcDd2tAoE].txt,1372
455,@anabolicbodybuilding,Anastrozole (Arimidex) Aromatase Inhibitor Profile - Anabolic Bodybuilding [5yH3V-XrpdM],@anabolicbodybuilding/Anastrozole (Arimidex) Aromatase Inhibitor Profile - Anabolic Bodybuilding [5yH3V-XrpdM].txt,2162
456,@anabolicbodybuilding,Why You Aren’t Progressing - Constant Change [Q675BZcfdDA],@anabolicbodybuilding/Why You Aren’t Progressing - Constant Change [Q675BZcfdDA].txt,817
457,@anabolicbodybuilding,2021 Rebound Steroid Cycle - Anabolic Bodybuilding [FSOEQeUPgS0],@anabolicbodybuilding/2021 Rebound Steroid Cycle - Anabolic Bodybuilding [FSOEQeUPgS0].txt,589
458,@anabolicbodybuilding,Equipoise (Boldenone Undecylenate) - Steroid Profile - Anabolic Bodybuilding [R8EC5p_F97Q],@anabolicbodybuilding/Equipoise (Boldenone Undecylenate) - Steroid Profile - Anabolic Bodybuilding [R8EC5p_F97Q].txt,2077
459,@anabolicbodybuilding,My Progress Update - Anabolic Bodybuilding [CAGo1UuUicQ],@anabolicbodybuilding/My Progress Update - Anabolic Bodybuilding [CAGo1UuUicQ].txt,2526
460,@anabolicbodybuilding,Carb Cycling for Hypertrophy - Anabolic Bodybuilding [RJoFkcUAVFI],@anabolicbodybuilding/Carb Cycling for Hypertrophy - Anabolic Bodybuilding [RJoFkcUAVFI].txt,4489
461,@anabolicbodybuilding,My Gyno Surgery Experience - Anabolic Bodybuilding [-sB9dvs7MxY],@anabolicbodybuilding/My Gyno Surgery Experience - Anabolic Bodybuilding [-sB9dvs7MxY].txt,1533
462,@anabolicbodybuilding,George Peterson’s Death - The Risks of Bodybuilding [BXCdv8D-ua8],@anabolicbodybuilding/George Peterson’s Death - The Risks of Bodybuilding [BXCdv8D-ua8].txt,553
463,@anabolicbodybuilding,"Bodybuilding, Steroids & Cardiovascular Health - Anabolic Bodybuilding [I-w5O30mqp8]","@anabolicbodybuilding/Bodybuilding, Steroids & Cardiovascular Health - Anabolic Bodybuilding [I-w5O30mqp8].txt",3485
464,@anabolicbodybuilding,Magic Spoon Fruity Cereal vs Fruit Loops - Nutrition Label Smackdown [VRqcxYMqFkc],@anabolicbodybuilding/Magic Spoon Fruity Cereal vs Fruit Loops - Nutrition Label Smackdown [VRqcxYMqFkc].txt,1264
465,@anabolicbodybuilding,Calculating BMR (Basil Metabolic Rate) - Anabolic Bodybuilding [Icyb0aKl-jk],@anabolicbodybuilding/Calculating BMR (Basil Metabolic Rate) - Anabolic Bodybuilding [Icyb0aKl-jk].txt,1428
466,@anabolicbodybuilding,Anti-Estrogen Basics for Bodybuilding - Anabolic Bodybuilding [XtP8SClPCiI],@anabolicbodybuilding/Anti-Estrogen Basics for Bodybuilding - Anabolic Bodybuilding [XtP8SClPCiI].txt,2263
467,@anabolicbodybuilding,Why Fasted Weight Training is a Bad Idea [FyV_nje1On4],@anabolicbodybuilding/Why Fasted Weight Training is a Bad Idea [FyV_nje1On4].txt,484
468,@anabolicbodybuilding,MENT - Trestolone - Steroid Profile - Anabolic Bodybuilding [yIflDrjBmHE],@anabolicbodybuilding/MENT - Trestolone - Steroid Profile - Anabolic Bodybuilding [yIflDrjBmHE].txt,1756
469,@anabolicbodybuilding,Aromatase Explained - How Test Converts to Estrogen - Anabolic Bodybuilding [-HzN8-f1o8Y],@anabolicbodybuilding/Aromatase Explained - How Test Converts to Estrogen - Anabolic Bodybuilding [-HzN8-f1o8Y].txt,1516
470,@anabolicbodybuilding,Why you aren't progressing - Training Specificity [Qlf6oB1uVX8],@anabolicbodybuilding/Why you aren't progressing - Training Specificity [Qlf6oB1uVX8].txt,292
471,@anabolicbodybuilding,master_transcript,@anabolicbodybuilding/master_transcript.txt,121335
472,@anabolicbodybuilding,Nutrition Label Smackdown - Kind Bar vs Snickers Bar [_rxkJp-zqZ8],@anabolicbodybuilding/Nutrition Label Smackdown - Kind Bar vs Snickers Bar [_rxkJp-zqZ8].txt,1042
473,@anabolicbodybuilding,Clenbuterol - Drug Profile - Anabolic Bodybuilding [bqtfE5f7gJs],@anabolicbodybuilding/Clenbuterol - Drug Profile - Anabolic Bodybuilding [bqtfE5f7gJs].txt,1298
474,@anabolicbodybuilding,Metformin (Glucophage) for Bodybuilding - Drug Profile - Anabolic Bodybuilding [o1hxZ4Sai0k],@anabolicbodybuilding/Metformin (Glucophage) for Bodybuilding - Drug Profile - Anabolic Bodybuilding [o1hxZ4Sai0k].txt,1528
475,@anabolicbodybuilding,Androgenic to Anabolic Ratios ⧸ Ratings Explained - Anabolic Bodybuilding [-72WOmRpHzM],@anabolicbodybuilding/Androgenic to Anabolic Ratios ⧸ Ratings Explained - Anabolic Bodybuilding [-72WOmRpHzM].txt,1000
476,@anabolicbodybuilding,2021 Rebound -  Switching to High Volume Training - - Anabolic Bodybuilding [j3tjyCrVW5U],@anabolicbodybuilding/2021 Rebound -  Switching to High Volume Training - - Anabolic Bodybuilding [j3tjyCrVW5U].txt,743
477,@anabolicbodybuilding,"How To Adjust PED Doses During A Offseason & A Cut, HGH For Older Guys, Best Cardio In The Offseason [130n0rE3VCQ]","@anabolicbodybuilding/How To Adjust PED Doses During A Offseason & A Cut, HGH For Older Guys, Best Cardio In The Offseason [130n0rE3VCQ].txt",7564
478,@anabolicbodybuilding,"Best PEDs For Synergy, Injectable Orals Are The Best？ Short Esters For Fat Loss, Why Derek Beat Hadi [_aPtMQbi2Zs]","@anabolicbodybuilding/Best PEDs For Synergy, Injectable Orals Are The Best？ Short Esters For Fat Loss, Why Derek Beat Hadi [_aPtMQbi2Zs].txt",9780
479,@anabolicbodybuilding,Anavar (Oxandrolone) Steroid Profile - Anabolic Bodybuilding [NhGYs0FVHkE],@anabolicbodybuilding/Anavar (Oxandrolone) Steroid Profile - Anabolic Bodybuilding [NhGYs0FVHkE].txt,2355
480,@anabolicbodybuilding,Winstrol (Stanozolol) - Steroid Profile - Anabolic Bodybuilding [-8YBLuLZvMs],@anabolicbodybuilding/Winstrol (Stanozolol) - Steroid Profile - Anabolic Bodybuilding [-8YBLuLZvMs].txt,1656
481,@anabolicbodybuilding,Cheat Meal Psychology for Bodybuilding [RG0HFuqjrho],@anabolicbodybuilding/Cheat Meal Psychology for Bodybuilding [RG0HFuqjrho].txt,1565
482,@anabolicbodybuilding,DBOL (Methandrostenolone) - Steroid Profile - Anabolic Bodybuilding [PGjOwuqIEEQ],@anabolicbodybuilding/DBOL (Methandrostenolone) - Steroid Profile - Anabolic Bodybuilding [PGjOwuqIEEQ].txt,1765
483,@anabolicbodybuilding,What it takes to become a huge IFBB pro bodybuilder - Anabolic Bodybuilding [l4Mm-XaG9-Y],@anabolicbodybuilding/What it takes to become a huge IFBB pro bodybuilder - Anabolic Bodybuilding [l4Mm-XaG9-Y].txt,769
484,@anabolicbodybuilding,Full-Day of Eating - Medium Carb Day ⧸ Anabolic Bodybuilding [XhX7Z2FY4Cg],@anabolicbodybuilding/Full-Day of Eating - Medium Carb Day ⧸ Anabolic Bodybuilding [XhX7Z2FY4Cg].txt,2046
485,@anabolicbodybuilding,HGH (Somatropin) for Bodybuilding - Drug Profile - Anabolic Bodybuilding [Dj0V2dA1o1w],@anabolicbodybuilding/HGH (Somatropin) for Bodybuilding - Drug Profile - Anabolic Bodybuilding [Dj0V2dA1o1w].txt,3370
486,@anabolicbodybuilding,How to Construct a Bodybuilding Diet - Anabolic Bodybuilding [12ihzqqrzSg],@anabolicbodybuilding/How to Construct a Bodybuilding Diet - Anabolic Bodybuilding [12ihzqqrzSg].txt,3170
487,@ThinkBIGBodybuilding,How Would Flex Have Done at the Olympia？ IJBB 191 [S8yvId3ztfg],@ThinkBIGBodybuilding/How Would Flex Have Done at the Olympia？ IJBB 191 [S8yvId3ztfg].txt,14325
488,@ThinkBIGBodybuilding,Best PEDs Without Shutdown & Steroid QA [oig5JekG58E],@ThinkBIGBodybuilding/Best PEDs Without Shutdown & Steroid QA [oig5JekG58E].txt,14935
489,@ThinkBIGBodybuilding,Planning Your Year in PEDs & Diet To Make Your BEST Progress [tNujelR8HxE],@ThinkBIGBodybuilding/Planning Your Year in PEDs & Diet To Make Your BEST Progress [tNujelR8HxE].txt,12680
490,@ThinkBIGBodybuilding,Growth Hormone： IM or SubQ for Higher Levels？ [PikSSK_2rpU],@ThinkBIGBodybuilding/Growth Hormone： IM or SubQ for Higher Levels？ [PikSSK_2rpU].txt,15099
491,@ThinkBIGBodybuilding,"GLP-1 Drugs, Hypertrophy vs Hyperplasia, MT2 MUSCLE MINDS 132 [V3fN7Zcc1jQ]","@ThinkBIGBodybuilding/GLP-1 Drugs, Hypertrophy vs Hyperplasia, MT2 MUSCLE MINDS 132 [V3fN7Zcc1jQ].txt",13973
492,@ThinkBIGBodybuilding,BODYBUILDING SCIENCE ： What GH Does + Why You Might Not Need to Force Food [ZjgrzNijBIY],@ThinkBIGBodybuilding/BODYBUILDING SCIENCE ： What GH Does + Why You Might Not Need to Force Food [ZjgrzNijBIY].txt,13416
493,@ThinkBIGBodybuilding,WAS DORIAN YATES 96 THE BEST？ + QA IJBB Podcast 162 [2DQKgiAZANM],@ThinkBIGBodybuilding/WAS DORIAN YATES 96 THE BEST？ + QA IJBB Podcast 162 [2DQKgiAZANM].txt,12129
494,@ThinkBIGBodybuilding,FLEX WHEELER & CHRIS COMIER Old School Training (Reaction) [QdHzs1pskIk],@ThinkBIGBodybuilding/FLEX WHEELER & CHRIS COMIER Old School Training (Reaction) [QdHzs1pskIk].txt,1972
495,@ThinkBIGBodybuilding,2025_Mr_Olympia_Preview_Breaking_Down_the_Entire_Open_Lineup,@ThinkBIGBodybuilding/2025_Mr_Olympia_Preview_Breaking_Down_the_Entire_Open_Lineup.txt,9500
496,@ThinkBIGBodybuilding,Is Organic Food Worth It in Bodybuilding？ Muscle Minds [Rq8E3UkvOzo],@ThinkBIGBodybuilding/Is Organic Food Worth It in Bodybuilding？ Muscle Minds [Rq8E3UkvOzo].txt,10910
497,@ThinkBIGBodybuilding,Jay Cutler Reacts ｜ It's Just Bodybuilding Podcast 278 [m9N_6FOdPbY],@ThinkBIGBodybuilding/Jay Cutler Reacts ｜ It's Just Bodybuilding Podcast 278 [m9N_6FOdPbY].txt,16790
498,@ThinkBIGBodybuilding,"TRAINING ON A CUT, DIET HUNGER, ANDY HAMAN - BLOOD SWEAT & GEAR 105 [swaXZ45zHSY]","@ThinkBIGBodybuilding/TRAINING ON A CUT, DIET HUNGER, ANDY HAMAN - BLOOD SWEAT & GEAR 105 [swaXZ45zHSY].txt",19483
499,@ThinkBIGBodybuilding,INSANELY STRONG 😳 Tom Haviland Reaction [6Q8NEuXyuIc],@ThinkBIGBodybuilding/INSANELY STRONG 😳 Tom Haviland Reaction [6Q8NEuXyuIc].txt,1826
500,@ThinkBIGBodybuilding,2 A Day Training In Bodybuilding？ Coaching QA 239 [lAX1pfodj8A],@ThinkBIGBodybuilding/2 A Day Training In Bodybuilding？ Coaching QA 239 [lAX1pfodj8A].txt,11134
501,@ThinkBIGBodybuilding,Lowest Dose Oral Steroids as TRT Plus + PED QA [qisNsGD67II],@ThinkBIGBodybuilding/Lowest Dose Oral Steroids as TRT Plus + PED QA [qisNsGD67II].txt,11153
502,@ThinkBIGBodybuilding,2025 PITTSBURGH PRO PREVIEW： A New Golden Era？ [b5OMrDi7RoQ],@ThinkBIGBodybuilding/2025 PITTSBURGH PRO PREVIEW： A New Golden Era？ [b5OMrDi7RoQ].txt,18672
503,@ThinkBIGBodybuilding,IT'S JUST BODYBUILDING 149  BIG RON & DUSTY [4z4UudoROwA],@ThinkBIGBodybuilding/IT'S JUST BODYBUILDING 149  BIG RON & DUSTY [4z4UudoROwA].txt,16137
504,@ThinkBIGBodybuilding,What Happened to Gym Etiquette？ IJBB Podcast 170 [IHGZmrV9-VI],@ThinkBIGBodybuilding/What Happened to Gym Etiquette？ IJBB Podcast 170 [IHGZmrV9-VI].txt,11180
505,@ThinkBIGBodybuilding,SECRET TO BIG ARMS IN SHIRTS - IT'S JUST BODYBUILDING 145 [rK-wTY6Pr5k],@ThinkBIGBodybuilding/SECRET TO BIG ARMS IN SHIRTS - IT'S JUST BODYBUILDING 145 [rK-wTY6Pr5k].txt,15027
506,@ThinkBIGBodybuilding,The Guerrilla Chemist Best Peptides of 2025 (& His High-Dose Experiment) [1OwtL8v-DS4],@ThinkBIGBodybuilding/The Guerrilla Chemist Best Peptides of 2025 (& His High-Dose Experiment) [1OwtL8v-DS4].txt,23777
507,@ThinkBIGBodybuilding,"Dusty Hanshaw, Big Ron Partlow IT'S (not) JUST BODYBUILDING [xt1ahd035iE]","@ThinkBIGBodybuilding/Dusty Hanshaw, Big Ron Partlow IT'S (not) JUST BODYBUILDING [xt1ahd035iE].txt",15887
508,@ThinkBIGBodybuilding,Nick Walker Unleashed & Prepared to Dominate 2024 [KmOEYL9e-yA],@ThinkBIGBodybuilding/Nick Walker Unleashed & Prepared to Dominate 2024 [KmOEYL9e-yA].txt,13442
509,@ThinkBIGBodybuilding,"IT'S JUST BODYBUILDING PODCAST 73 DUSTY HANSHAW, RON PARTLOW - 2020 WRAP UP [eTKhbGZ8NRw]","@ThinkBIGBodybuilding/IT'S JUST BODYBUILDING PODCAST 73 DUSTY HANSHAW, RON PARTLOW - 2020 WRAP UP [eTKhbGZ8NRw].txt",19534
510,@ThinkBIGBodybuilding,JORDAN PETERS Loading Machines Vs Free Weights [s6BayXBlODU],@ThinkBIGBodybuilding/JORDAN PETERS Loading Machines Vs Free Weights [s6BayXBlODU].txt,1830
511,@ThinkBIGBodybuilding,ARE COACHES PREDATORS？ BSG Coaching QA 160 [Eqgm8pzHoQU],@ThinkBIGBodybuilding/ARE COACHES PREDATORS？ BSG Coaching QA 160 [Eqgm8pzHoQU].txt,12240
512,@ThinkBIGBodybuilding,"Arnold Classic Vlog Hanging w⧸ Big Ron, Dusty & Scott [CBcLPjHUQ-E]","@ThinkBIGBodybuilding/Arnold Classic Vlog Hanging w⧸ Big Ron, Dusty & Scott [CBcLPjHUQ-E].txt",2995
513,@ThinkBIGBodybuilding,DENNIS WOLF Ft Milos Sarcev - IJBB REACTS 22 [S3UsyS9VeKk],@ThinkBIGBodybuilding/DENNIS WOLF Ft Milos Sarcev - IJBB REACTS 22 [S3UsyS9VeKk].txt,4543
514,@ThinkBIGBodybuilding,Oral Steroid Combos？ Combining Lower Dose 2 or More + PED QA [WkeyZ1uADtQ],@ThinkBIGBodybuilding/Oral Steroid Combos？ Combining Lower Dose 2 or More + PED QA [WkeyZ1uADtQ].txt,12190
515,@ThinkBIGBodybuilding,"The Truth About Tren ｜ Side Effects, Esters & Why It Hits So Hard [87IpKxOiK-c]","@ThinkBIGBodybuilding/The Truth About Tren ｜ Side Effects, Esters & Why It Hits So Hard [87IpKxOiK-c].txt",11703
516,@ThinkBIGBodybuilding,Exclusive： James Hollingshead Post-Arnold Classic 2024 [GsP6shJzbfg],@ThinkBIGBodybuilding/Exclusive： James Hollingshead Post-Arnold Classic 2024 [GsP6shJzbfg].txt,6282
517,@ThinkBIGBodybuilding,Shortest Effective Steroid Cycles + Incline vs Flat vs Decline Press [Lx3x3ve2HKY],@ThinkBIGBodybuilding/Shortest Effective Steroid Cycles + Incline vs Flat vs Decline Press [Lx3x3ve2HKY].txt,11592
518,@ThinkBIGBodybuilding,"ED COAN on Tom Haviland, Stem Cells, Training in USSR [aX_hbozw4wg]","@ThinkBIGBodybuilding/ED COAN on Tom Haviland, Stem Cells, Training in USSR [aX_hbozw4wg].txt",5317
519,@ThinkBIGBodybuilding,Nasser El Sonbaty In 2025？ Crazy Squat & Bonac - Bodybuilding Reaction [D6P9f9JFNRQ],@ThinkBIGBodybuilding/Nasser El Sonbaty In 2025？ Crazy Squat & Bonac - Bodybuilding Reaction [D6P9f9JFNRQ].txt,5962
520,@ThinkBIGBodybuilding,DELI MEAT IN BODYBUILDING？ IJBB Podcast 142 Ron & Dusty [AtcNRtALCec],@ThinkBIGBodybuilding/DELI MEAT IN BODYBUILDING？ IJBB Podcast 142 Ron & Dusty [AtcNRtALCec].txt,7537
521,@ThinkBIGBodybuilding,Best TRT Plus Stack for Your Goals + Steroid QA [dCGRDlYHHU4],@ThinkBIGBodybuilding/Best TRT Plus Stack for Your Goals + Steroid QA [dCGRDlYHHU4].txt,10692
522,@ThinkBIGBodybuilding,"Hookers, Blow & Tattoos IT'S JUST BODYBUILDING 143 [aoqnDTduoH8]","@ThinkBIGBodybuilding/Hookers, Blow & Tattoos IT'S JUST BODYBUILDING 143 [aoqnDTduoH8].txt",7005
523,@ThinkBIGBodybuilding,James Hollingshead Back Reaction + PED QA [8DNm1JEmvr8],@ThinkBIGBodybuilding/James Hollingshead Back Reaction + PED QA [8DNm1JEmvr8].txt,12457
524,@ThinkBIGBodybuilding,TRAINING Tips ： Rest Time Between Sets 💪 [tHAdFAjRj7M],@ThinkBIGBodybuilding/TRAINING Tips ： Rest Time Between Sets 💪 [tHAdFAjRj7M].txt,15470
525,@ThinkBIGBodybuilding,Growth Hormone ： IGF Level on Bolus vs Frequent Dosing [mNvzfVuZhes],@ThinkBIGBodybuilding/Growth Hormone ： IGF Level on Bolus vs Frequent Dosing [mNvzfVuZhes].txt,13813
526,@ThinkBIGBodybuilding,"Blinded in Combat, Now a Winning IFBB Pro - Joe Piersante IS Unstoppable [IVN__VKp-7k]","@ThinkBIGBodybuilding/Blinded in Combat, Now a Winning IFBB Pro - Joe Piersante IS Unstoppable [IVN__VKp-7k].txt",9933
527,@ThinkBIGBodybuilding,Which Generation Got It Right？ ＂Smart＂ vs Insane Training + Steroid QA [4XV1wreTRDw],@ThinkBIGBodybuilding/Which Generation Got It Right？ ＂Smart＂ vs Insane Training + Steroid QA [4XV1wreTRDw].txt,14055
528,@ThinkBIGBodybuilding,"TRAINING QA with Ron Partlow, Dusty Hanshaw IJBB 165 [KZSaBc-LCMc]","@ThinkBIGBodybuilding/TRAINING QA with Ron Partlow, Dusty Hanshaw IJBB 165 [KZSaBc-LCMc].txt",15015
529,@ThinkBIGBodybuilding,"Mr Olympia 202 Dave Henry, Old SchoolTraining Reaction [AMpuL1qxlnw]","@ThinkBIGBodybuilding/Mr Olympia 202 Dave Henry, Old SchoolTraining Reaction [AMpuL1qxlnw].txt",8109
530,@ThinkBIGBodybuilding,Good Posing： Put 10 lbs on in 5 Minutes + Cheerleaders in Bodybuilding？😂 [Q2ipLgBDL9E],@ThinkBIGBodybuilding/Good Posing： Put 10 lbs on in 5 Minutes + Cheerleaders in Bodybuilding？😂 [Q2ipLgBDL9E].txt,16796
531,@ThinkBIGBodybuilding,Top 5 Olympia Predictions with Ivan Bodybuilding [UUusMBxipNY],@ThinkBIGBodybuilding/Top 5 Olympia Predictions with Ivan Bodybuilding [UUusMBxipNY].txt,17431
532,@ThinkBIGBodybuilding,Equipoise vs Nandrolone –Which Steroid Wins for Building Mass？ & PED QA [rhe73kqZIvY],@ThinkBIGBodybuilding/Equipoise vs Nandrolone –Which Steroid Wins for Building Mass？ & PED QA [rhe73kqZIvY].txt,13190
533,@ThinkBIGBodybuilding,ChatGPT： Bodybuilding Trends That Won’t Survive [KPtJRbFkjxY],@ThinkBIGBodybuilding/ChatGPT： Bodybuilding Trends That Won’t Survive [KPtJRbFkjxY].txt,15669
534,@ThinkBIGBodybuilding,Arnold Expo Ft Jose Raymond & Nick Walker's Mom 🤯 IJBB [AMgsnTJM9mA],@ThinkBIGBodybuilding/Arnold Expo Ft Jose Raymond & Nick Walker's Mom 🤯 IJBB [AMgsnTJM9mA].txt,9914
535,@ThinkBIGBodybuilding,"FMK ： Tren, EQ, Primo + Dusty Stiff Arms a Dude IJBB 157 [un7VgKiRR3Q]","@ThinkBIGBodybuilding/FMK ： Tren, EQ, Primo + Dusty Stiff Arms a Dude IJBB 157 [un7VgKiRR3Q].txt",14225
536,@ThinkBIGBodybuilding,Cycles for Older Guys + How Strong Can You Get On Gear？ [ybu_KL-4srQ],@ThinkBIGBodybuilding/Cycles for Older Guys + How Strong Can You Get On Gear？ [ybu_KL-4srQ].txt,13388
537,@ThinkBIGBodybuilding,"LONG ESTER GEAR ON A CUT？ BEST GYMS, OLD SCHOOL MEAL PREP [vZM_Tjjueq4]","@ThinkBIGBodybuilding/LONG ESTER GEAR ON A CUT？ BEST GYMS, OLD SCHOOL MEAL PREP [vZM_Tjjueq4].txt",13674
538,@ThinkBIGBodybuilding,"Mutant Mansion Behind the Scenes, Bodybuilding Travel💪 [lhhDJEYGx4U]","@ThinkBIGBodybuilding/Mutant Mansion Behind the Scenes, Bodybuilding Travel💪 [lhhDJEYGx4U].txt",3038
539,@ThinkBIGBodybuilding,MK677 Study Results You Need to Know (Ibutamoren) [Vv352QSI-gM],@ThinkBIGBodybuilding/MK677 Study Results You Need to Know (Ibutamoren) [Vv352QSI-gM].txt,11289
540,@ThinkBIGBodybuilding,Bodybuilding Talk That Went Off the Rails (Coaches Roundtable) [d8MSk7rI9GU],@ThinkBIGBodybuilding/Bodybuilding Talk That Went Off the Rails (Coaches Roundtable) [d8MSk7rI9GU].txt,15328
541,@ThinkBIGBodybuilding,When Bodybuilders Can't Tie Shoes IJBB 258 [yrPDWQFGoGM],@ThinkBIGBodybuilding/When Bodybuilders Can't Tie Shoes IJBB 258 [yrPDWQFGoGM].txt,14367
542,@ThinkBIGBodybuilding,"BEST SQUAT FOR BODYBUILDING + QA, BLOOD SWEAT & GEAR PODCAST 106 [OLdLgd1ofPM]","@ThinkBIGBodybuilding/BEST SQUAT FOR BODYBUILDING + QA, BLOOD SWEAT & GEAR PODCAST 106 [OLdLgd1ofPM].txt",18647
543,@ThinkBIGBodybuilding,Old School Lou Ferrigno Bodybuilding Movie Reaction 💪 [U_ftrEPXqJo],@ThinkBIGBodybuilding/Old School Lou Ferrigno Bodybuilding Movie Reaction 💪 [U_ftrEPXqJo].txt,11231
544,@ThinkBIGBodybuilding,Dave Palumbo： The Original Mass Monster - IJBB Podcast [COA5c_mdsMo],@ThinkBIGBodybuilding/Dave Palumbo： The Original Mass Monster - IJBB Podcast [COA5c_mdsMo].txt,16198
545,@ThinkBIGBodybuilding,＂I Was Just a Machine At Eating Food & Lifting Weight＂ [jNuS27eD_h4],@ThinkBIGBodybuilding/＂I Was Just a Machine At Eating Food & Lifting Weight＂ [jNuS27eD_h4].txt,15544
546,@ThinkBIGBodybuilding,KAMAL ELGARGNI ＂212 is NOT For Me Anymore＂ IJBB Podcast 194 [nwhdopdGXBc],@ThinkBIGBodybuilding/KAMAL ELGARGNI ＂212 is NOT For Me Anymore＂ IJBB Podcast 194 [nwhdopdGXBc].txt,11174
547,@ThinkBIGBodybuilding,RON & DUSTY Back from Dragon's Lair Gym IJBB 161 [DruYwNiefCc],@ThinkBIGBodybuilding/RON & DUSTY Back from Dragon's Lair Gym IJBB 161 [DruYwNiefCc].txt,13120
548,@ThinkBIGBodybuilding,Masteron & Primobolan Together + Prep Cycle Strategies [S27iAtEIAoQ],@ThinkBIGBodybuilding/Masteron & Primobolan Together + Prep Cycle Strategies [S27iAtEIAoQ].txt,11887
549,@ThinkBIGBodybuilding,IntraWorkout Carbs ｜ Everything You Need To Know 💪 [GIlXXZS_SK8],@ThinkBIGBodybuilding/IntraWorkout Carbs ｜ Everything You Need To Know 💪 [GIlXXZS_SK8].txt,6950
550,@ThinkBIGBodybuilding,TRAINING CRITIQUES WITH IFBB PRO - BSG COACHING QA [oQJfDxFgFlk],@ThinkBIGBodybuilding/TRAINING CRITIQUES WITH IFBB PRO - BSG COACHING QA [oQJfDxFgFlk].txt,9938
551,@ThinkBIGBodybuilding,Epic Branch Warren Reaction By Pro Bodybuilders [s3pAxK05sGM],@ThinkBIGBodybuilding/Epic Branch Warren Reaction By Pro Bodybuilders [s3pAxK05sGM].txt,4593
552,@ThinkBIGBodybuilding,Jay Cutler 1999 Reaction Training + Chris Aceto Posing [4Jrd8t6jOI4],@ThinkBIGBodybuilding/Jay Cutler 1999 Reaction Training + Chris Aceto Posing [4Jrd8t6jOI4].txt,4313
553,@ThinkBIGBodybuilding,ARNOLD CLASSIC LINE UP w⧸ JAMIE THE GIANT IJBB 192 [ViyTrveAF5c],@ThinkBIGBodybuilding/ARNOLD CLASSIC LINE UP w⧸ JAMIE THE GIANT IJBB 192 [ViyTrveAF5c].txt,16033
554,@ThinkBIGBodybuilding,"CHASING PRO CARD, HACK VS PRESS, DEFINING STRONG - IT'S JUST BODYBUILDING 76 [1FCaR2s8jXc]","@ThinkBIGBodybuilding/CHASING PRO CARD, HACK VS PRESS, DEFINING STRONG - IT'S JUST BODYBUILDING 76 [1FCaR2s8jXc].txt",19648
555,@ThinkBIGBodybuilding,Was Nick Walker Robbed⁉️ + Say Something Unpopular 😂 [AYWIHbJa2QU],@ThinkBIGBodybuilding/Was Nick Walker Robbed⁉️ + Say Something Unpopular 😂 [AYWIHbJa2QU].txt,16411
556,@ThinkBIGBodybuilding,Are ＂High Level＂ Coaches That Special？ BSG 187 [OcpFG5jxaNc],@ThinkBIGBodybuilding/Are ＂High Level＂ Coaches That Special？ BSG 187 [OcpFG5jxaNc].txt,13469
557,@ThinkBIGBodybuilding,Worst Steroids For Average Gym Bros + Anabolic QA [c9wr01SzOZg],@ThinkBIGBodybuilding/Worst Steroids For Average Gym Bros + Anabolic QA [c9wr01SzOZg].txt,14026
558,@ThinkBIGBodybuilding,AU Steroid Researcher Tests UG Labs - 50% Under Dosed + Heavy Metal Analysis [tfLjD_JOw6M],@ThinkBIGBodybuilding/AU Steroid Researcher Tests UG Labs - 50% Under Dosed + Heavy Metal Analysis [tfLjD_JOw6M].txt,8048
559,@ThinkBIGBodybuilding,Will DEA End TRT？ Steroid Law Expert Explains [-6BlRL-zMNg],@ThinkBIGBodybuilding/Will DEA End TRT？ Steroid Law Expert Explains [-6BlRL-zMNg].txt,4325
560,@ThinkBIGBodybuilding,"IT'S JUST BODYBUILDING PODCAST 81- DUSTY HANSHAW, RON PARTLOW [wqkpyng3AnQ]","@ThinkBIGBodybuilding/IT'S JUST BODYBUILDING PODCAST 81- DUSTY HANSHAW, RON PARTLOW [wqkpyng3AnQ].txt",21023
561,@ThinkBIGBodybuilding,Nick Walker 2025 Olympia Prep — Exclusive Interview [RTbNDK04Ouo],@ThinkBIGBodybuilding/Nick Walker 2025 Olympia Prep — Exclusive Interview [RTbNDK04Ouo].txt,12673
562,@ThinkBIGBodybuilding,"TEXAS PRO RECAP + QA Ron Partlow, Dusty Hanshaw IJBB159 [heC_RJgMNUg]","@ThinkBIGBodybuilding/TEXAS PRO RECAP + QA Ron Partlow, Dusty Hanshaw IJBB159 [heC_RJgMNUg].txt",17972
563,@ThinkBIGBodybuilding,"Kuba Cielen ｜ Volume, Intensity, Improving Weaknesses [owOyZVc_izw]","@ThinkBIGBodybuilding/Kuba Cielen ｜ Volume, Intensity, Improving Weaknesses [owOyZVc_izw].txt",12695
564,@ThinkBIGBodybuilding,Mark Bell Sugar Diet 1000g Sugar Per Day？ 😳 Reaction! [G8gSt1eNqGE],@ThinkBIGBodybuilding/Mark Bell Sugar Diet 1000g Sugar Per Day？ 😳 Reaction! [G8gSt1eNqGE].txt,4651
565,@ThinkBIGBodybuilding,"JAMIE THE GIANT, DUSTY HANSHAW, RON PARTLOW It's Just Bodybuilding 156 [wsSh7kH_Y2U]","@ThinkBIGBodybuilding/JAMIE THE GIANT, DUSTY HANSHAW, RON PARTLOW It's Just Bodybuilding 156 [wsSh7kH_Y2U].txt",14854
566,@ThinkBIGBodybuilding,When Monsters Take Over Your Gym IJBB 275 [UeV-cCCmCqc],@ThinkBIGBodybuilding/When Monsters Take Over Your Gym IJBB 275 [UeV-cCCmCqc].txt,13448
567,@ThinkBIGBodybuilding,"IT'S JUST BODYBUILDING 83 - SOFT TISSUE WORK & QA - RON PARTLOW, DUSTY HANSHAW [60C2WI_8gFs]","@ThinkBIGBodybuilding/IT'S JUST BODYBUILDING 83 - SOFT TISSUE WORK & QA - RON PARTLOW, DUSTY HANSHAW [60C2WI_8gFs].txt",20569
568,@ThinkBIGBodybuilding,UK Wives ｜ The New Best Coaching Guru？ + Tanning Fails [UunpF9NwPiM],@ThinkBIGBodybuilding/UK Wives ｜ The New Best Coaching Guru？ + Tanning Fails [UunpF9NwPiM].txt,14291
569,@ThinkBIGBodybuilding,Deca & Tren Together？ + Turkesterone VS Anavar [Cb3prZ064Fs],@ThinkBIGBodybuilding/Deca & Tren Together？ + Turkesterone VS Anavar [Cb3prZ064Fs].txt,10233
570,@ThinkBIGBodybuilding,Bodybuilding Nerds On Retatrutide + Pittsburgh Pro IG Stalking [SdD3p5nDslM],@ThinkBIGBodybuilding/Bodybuilding Nerds On Retatrutide + Pittsburgh Pro IG Stalking [SdD3p5nDslM].txt,19196
571,@ThinkBIGBodybuilding,DENNIS WOLF ON HIS CAREER ： ＂MY JOB WAS JUST PUSH IT＂ IJBB 154 [p7T235Spkeg],@ThinkBIGBodybuilding/DENNIS WOLF ON HIS CAREER ： ＂MY JOB WAS JUST PUSH IT＂ IJBB 154 [p7T235Spkeg].txt,11854
572,@ThinkBIGBodybuilding,Anavar ： Everything You Need To Know in 2024 [FeD-VvTeRxg],@ThinkBIGBodybuilding/Anavar ： Everything You Need To Know in 2024 [FeD-VvTeRxg].txt,12692
573,@ThinkBIGBodybuilding,Arnold Classic 2024 Preview It's Just Bodybuilding 255 [SfMguQnUUls],@ThinkBIGBodybuilding/Arnold Classic 2024 Preview It's Just Bodybuilding 255 [SfMguQnUUls].txt,18323
574,@ThinkBIGBodybuilding,Steve Kuclo & Justin Harris Bodybuilding Cult Classic💪 [3snSr1AlgIQ],@ThinkBIGBodybuilding/Steve Kuclo & Justin Harris Bodybuilding Cult Classic💪 [3snSr1AlgIQ].txt,3345
575,@ThinkBIGBodybuilding,SHAUN CLARIDA - Giant Killer at the Arnold [mRBxUXA2JZM],@ThinkBIGBodybuilding/SHAUN CLARIDA - Giant Killer at the Arnold [mRBxUXA2JZM].txt,3787
576,@ThinkBIGBodybuilding,Obscene Subway Cookie Pumps. Too Much？ 😂 IJBB Podcast [kO6CqXn7uzs],@ThinkBIGBodybuilding/Obscene Subway Cookie Pumps. Too Much？ 😂 IJBB Podcast [kO6CqXn7uzs].txt,13978
577,@ThinkBIGBodybuilding,Nick Walker’s Win In New York — Was It Even Close？ [9oUTktgg-3w],@ThinkBIGBodybuilding/Nick Walker’s Win In New York — Was It Even Close？ [9oUTktgg-3w].txt,12722
578,@ThinkBIGBodybuilding,FROM STRENGTH TO HYPERTROPHY TRAINING - BEN POLLACK - POWER T0 BODYBUILDER [ZE3LoVr9rGo],@ThinkBIGBodybuilding/FROM STRENGTH TO HYPERTROPHY TRAINING - BEN POLLACK - POWER T0 BODYBUILDER [ZE3LoVr9rGo].txt,10184
579,@ThinkBIGBodybuilding,"Posing Critique, Insane Set Contest, Telling Your Girl Your On Gear？🫢😂 [ybMmL0Xj6bg]","@ThinkBIGBodybuilding/Posing Critique, Insane Set Contest, Telling Your Girl Your On Gear？🫢😂 [ybMmL0Xj6bg].txt",14672
580,@ThinkBIGBodybuilding,Jay Cutler Favorite Moment with Ronnie Coleman [r4hiijWel6Y],@ThinkBIGBodybuilding/Jay Cutler Favorite Moment with Ronnie Coleman [r4hiijWel6Y].txt,1956
581,@ThinkBIGBodybuilding,DUSTY HANSHAW & RON PARTLOW - IT'S JUST BODYBUILDING PODCAST 78 [4sdRDI5zWxM],@ThinkBIGBodybuilding/DUSTY HANSHAW & RON PARTLOW - IT'S JUST BODYBUILDING PODCAST 78 [4sdRDI5zWxM].txt,19050
582,@ThinkBIGBodybuilding,"GH & IGF, TRAINING WITH INJURY, HIT & HEALTH- MUSCLE MINDS BODYBUILDING PODCAST [p2W07w1KsNE]","@ThinkBIGBodybuilding/GH & IGF, TRAINING WITH INJURY, HIT & HEALTH- MUSCLE MINDS BODYBUILDING PODCAST [p2W07w1KsNE].txt",14946
583,@ThinkBIGBodybuilding,Match Your Training To Diet ｜ Kuba Cielen (Deep Dive) [e9HxFrJs2WQ],@ThinkBIGBodybuilding/Match Your Training To Diet ｜ Kuba Cielen (Deep Dive) [e9HxFrJs2WQ].txt,12144
584,@ThinkBIGBodybuilding,IT'S JUST BODYBUILDING 85 - DUSTY HANSHAW & RON PARTLOW - PODCAST [an8WK52NDoI],@ThinkBIGBodybuilding/IT'S JUST BODYBUILDING 85 - DUSTY HANSHAW & RON PARTLOW - PODCAST [an8WK52NDoI].txt,20230
585,@ThinkBIGBodybuilding,MISSY TRUSCOTT - IT'S JUST BODYBUILDING - MISS FITNESS OLYMPIA - IT'S JUST BODYBUILDING PODCAST 74 [x6_BNNoybGQ],@ThinkBIGBodybuilding/MISSY TRUSCOTT - IT'S JUST BODYBUILDING - MISS FITNESS OLYMPIA - IT'S JUST BODYBUILDING PODCAST 74 [x6_BNNoybGQ].txt,20098
586,@ThinkBIGBodybuilding,"L-Carnitine, Mind Muscle Connection, Insulin ShelfLife [msG8gdwiVIQ]","@ThinkBIGBodybuilding/L-Carnitine, Mind Muscle Connection, Insulin ShelfLife [msG8gdwiVIQ].txt",13137
587,@ThinkBIGBodybuilding,The Giant Goes Hollywood - Bodybuilder Turned Gladiator [NVwaCnIvDmA],@ThinkBIGBodybuilding/The Giant Goes Hollywood - Bodybuilder Turned Gladiator [NVwaCnIvDmA].txt,12247
588,@ThinkBIGBodybuilding,Ruff Diesel Growing Muscle & Business IJBB Podcast 198 [dR70Hoo13LI],@ThinkBIGBodybuilding/Ruff Diesel Growing Muscle & Business IJBB Podcast 198 [dR70Hoo13LI].txt,12861
589,@ThinkBIGBodybuilding,Is CBUM's Mustache Overrated？ IJBB Podcast 197 [HDOxDFNCBlo],@ThinkBIGBodybuilding/Is CBUM's Mustache Overrated？ IJBB Podcast 197 [HDOxDFNCBlo].txt,16199
590,@ThinkBIGBodybuilding,Is Bodybuilding Ruined By Social Media？ [hqbgYWQPGu8],@ThinkBIGBodybuilding/Is Bodybuilding Ruined By Social Media？ [hqbgYWQPGu8].txt,12935
591,@ThinkBIGBodybuilding,master_transcript1,@ThinkBIGBodybuilding/master_transcript1.txt,3108569
592,@ThinkBIGBodybuilding,Equipoise & Low Estrogen + Minimal Gear Contest Prep [jKq5yFarTsM],@ThinkBIGBodybuilding/Equipoise & Low Estrogen + Minimal Gear Contest Prep [jKq5yFarTsM].txt,12111
593,@ThinkBIGBodybuilding,Samson Dauda Possibly Out Of Arnold UK？  Reaction [bq40ZxyXCBQ],@ThinkBIGBodybuilding/Samson Dauda Possibly Out Of Arnold UK？  Reaction [bq40ZxyXCBQ].txt,3428
594,@ThinkBIGBodybuilding,"GROW MUSCLE - SAVE YOUR CNS, MUSCLE MINDS BODYBUILDING PODCAST 98 [yo23X-tCVCo]","@ThinkBIGBodybuilding/GROW MUSCLE - SAVE YOUR CNS, MUSCLE MINDS BODYBUILDING PODCAST 98 [yo23X-tCVCo].txt",15661
595,@ThinkBIGBodybuilding,The Science Behind Muscle Activation [cdYZnZuomlQ],@ThinkBIGBodybuilding/The Science Behind Muscle Activation [cdYZnZuomlQ].txt,11788
596,@ThinkBIGBodybuilding,Anavar Breakdown ： Safe TRT Plus v Bro Cycles v Pro Cycles + Steroid QA [ir5CY3eeZZU],@ThinkBIGBodybuilding/Anavar Breakdown ： Safe TRT Plus v Bro Cycles v Pro Cycles + Steroid QA [ir5CY3eeZZU].txt,11145
597,@ThinkBIGBodybuilding,STIMULATE OR ANNIHILATE？ It's Just Bodybuilding Podcast 146 [rnILLazhOHs],@ThinkBIGBodybuilding/STIMULATE OR ANNIHILATE？ It's Just Bodybuilding Podcast 146 [rnILLazhOHs].txt,17767
598,@ThinkBIGBodybuilding,"Liposuction, Peptides & Loose Skin in Bodybuilding + PED QA [fGY9XUlAzGo]","@ThinkBIGBodybuilding/Liposuction, Peptides & Loose Skin in Bodybuilding + PED QA [fGY9XUlAzGo].txt",12673
599,@ThinkBIGBodybuilding,＂The BBQ Tuna Crunch＂ It's Just Bodybuilding Podcast199 [-d4PBr8sCPM],@ThinkBIGBodybuilding/＂The BBQ Tuna Crunch＂ It's Just Bodybuilding Podcast199 [-d4PBr8sCPM].txt,8861
600,@ThinkBIGBodybuilding,"JORDAN PETERS ＂UNLESS I TOOK CONTROL, IT WOULD BE THE END OF ME＂ IJBB PODCAST86 [J4ytGz810XI]","@ThinkBIGBodybuilding/JORDAN PETERS ＂UNLESS I TOOK CONTROL, IT WOULD BE THE END OF ME＂ IJBB PODCAST86 [J4ytGz810XI].txt",20739
601,@ThinkBIGBodybuilding,Bodybuilding MYTHS We Used To Believe - IJBB 206 [Nx-TD2tiy2Y],@ThinkBIGBodybuilding/Bodybuilding MYTHS We Used To Believe - IJBB 206 [Nx-TD2tiy2Y].txt,11112
602,@ThinkBIGBodybuilding,"BACK TRAINING BREAK DOWN -GET MORE OUT OF WORKOUTS, TOMMY STILES, SCOTT MCNALLY [XypXAODJCbo]","@ThinkBIGBodybuilding/BACK TRAINING BREAK DOWN -GET MORE OUT OF WORKOUTS, TOMMY STILES, SCOTT MCNALLY [XypXAODJCbo].txt",13413
603,@ThinkBIGBodybuilding,Do More Plates Actually Equal More Dates？ IJBB 276 [7HPXVsq8UbM],@ThinkBIGBodybuilding/Do More Plates Actually Equal More Dates？ IJBB 276 [7HPXVsq8UbM].txt,12656
604,@ThinkBIGBodybuilding,The Return of Brett Wilkin ｜ Olympia 2025’s Most Overlooked Threat [hj8hgoX51fI],@ThinkBIGBodybuilding/The Return of Brett Wilkin ｜ Olympia 2025’s Most Overlooked Threat [hj8hgoX51fI].txt,16134
605,@ThinkBIGBodybuilding,"Olympia 2025 Predictions ｜ Nick Walker vs Samson, Derek vs Hadi & Classic Drama [xd_tbFQEAHw]","@ThinkBIGBodybuilding/Olympia 2025 Predictions ｜ Nick Walker vs Samson, Derek vs Hadi & Classic Drama [xd_tbFQEAHw].txt",16612
606,@ThinkBIGBodybuilding,The Evolution of Old School Steroid Cycles + PED QA [E84I4PetSyw],@ThinkBIGBodybuilding/The Evolution of Old School Steroid Cycles + PED QA [E84I4PetSyw].txt,13457
607,@ThinkBIGBodybuilding,Which Gym Tool Are You？🤣 It's Just Bodybuilding 195 [wTE7Y0JUznA],@ThinkBIGBodybuilding/Which Gym Tool Are You？🤣 It's Just Bodybuilding 195 [wTE7Y0JUznA].txt,9841
608,@ThinkBIGBodybuilding,Pro Bodybuilders React to Young Dexter Jackson 💪 [YenpNU08Ra8],@ThinkBIGBodybuilding/Pro Bodybuilders React to Young Dexter Jackson 💪 [YenpNU08Ra8].txt,2667
609,@ThinkBIGBodybuilding,"IT'S JUST BODYBUILDING 155QA Dusty Hanshaw, Ron Partlow [otaVdHxv0M0]","@ThinkBIGBodybuilding/IT'S JUST BODYBUILDING 155QA Dusty Hanshaw, Ron Partlow [otaVdHxv0M0].txt",15422
610,@ThinkBIGBodybuilding,Will China Tariffs Destroy the Steroid Supply Chain？ [uo2ixoyliSQ],@ThinkBIGBodybuilding/Will China Tariffs Destroy the Steroid Supply Chain？ [uo2ixoyliSQ].txt,11399
611,@ThinkBIGBodybuilding,Training Volume Rules That Need to Be Trashed BSG 193 [w8xqIMLREQ8],@ThinkBIGBodybuilding/Training Volume Rules That Need to Be Trashed BSG 193 [w8xqIMLREQ8].txt,6520
612,@ThinkBIGBodybuilding,Kevin Levrone Vs Flex Wheeler - Pick One Physique Off The Rack! [epYQcRJY250],@ThinkBIGBodybuilding/Kevin Levrone Vs Flex Wheeler - Pick One Physique Off The Rack! [epYQcRJY250].txt,4390
613,@ThinkBIGBodybuilding,Unlikely Steroid Combos That Actually Work + PED QA [mszeY27B3Sg],@ThinkBIGBodybuilding/Unlikely Steroid Combos That Actually Work + PED QA [mszeY27B3Sg].txt,11978
614,@ThinkBIGBodybuilding,Worst Gym Fails It's Just Bodybuilding Podcast 193 [F_jiip-POVE],@ThinkBIGBodybuilding/Worst Gym Fails It's Just Bodybuilding Podcast 193 [F_jiip-POVE].txt,11698
615,@ThinkBIGBodybuilding,4 Tiers Of Steroid Use ： From TRT to Super Charged [viypclG1av4],@ThinkBIGBodybuilding/4 Tiers Of Steroid Use ： From TRT to Super Charged [viypclG1av4].txt,12191
616,@ThinkBIGBodybuilding,BODYBUILDING SCIENCE YOU SHOULD KNOW PT 2 ： NUTRITION - MUSCLE MINDS 101 [TQSw6BpszMA],@ThinkBIGBodybuilding/BODYBUILDING SCIENCE YOU SHOULD KNOW PT 2 ： NUTRITION - MUSCLE MINDS 101 [TQSw6BpszMA].txt,12254
617,@ThinkBIGBodybuilding,Dorian Yates Battle For Olympia 1996 REACTION 💪 [TE4bgHZ-A18],@ThinkBIGBodybuilding/Dorian Yates Battle For Olympia 1996 REACTION 💪 [TE4bgHZ-A18].txt,2650
618,@ThinkBIGBodybuilding,MS OLYMPIA ANDREA SHAW - It's Just Bodybuilding 148 [QJQ3WmqXhN0],@ThinkBIGBodybuilding/MS OLYMPIA ANDREA SHAW - It's Just Bodybuilding 148 [QJQ3WmqXhN0].txt,12347
619,@ThinkBIGBodybuilding,Arnold Classic Preview & Planning Your Trip to AC [sdY2WqbC4O0],@ThinkBIGBodybuilding/Arnold Classic Preview & Planning Your Trip to AC [sdY2WqbC4O0].txt,18845
620,@ThinkBIGBodybuilding,"Clen Science, Deca Only - MUSCLE MINDS PODCAST [E_UprRGB-jQ]","@ThinkBIGBodybuilding/Clen Science, Deca Only - MUSCLE MINDS PODCAST [E_UprRGB-jQ].txt",15079
621,@ThinkBIGBodybuilding,Best Add-On Steroids to TRT for More Muscle (TRT Plus) [aqaiQkpZwyo],@ThinkBIGBodybuilding/Best Add-On Steroids to TRT for More Muscle (TRT Plus) [aqaiQkpZwyo].txt,12138
622,@ThinkBIGBodybuilding,Craziest Cycle Proposed To This IFBB Pro + Training For Gains vs Fun [FMUkvl8fb9Q],@ThinkBIGBodybuilding/Craziest Cycle Proposed To This IFBB Pro + Training For Gains vs Fun [FMUkvl8fb9Q].txt,13159
623,@ThinkBIGBodybuilding,ThinkBigBodybuilding_7AqK7XWp-Ng,@ThinkBIGBodybuilding/ThinkBigBodybuilding_7AqK7XWp-Ng.txt,16875
624,@ThinkBIGBodybuilding,First Time Gear Stories 😂 IJBB 257 [RjjbOX73aH4],@ThinkBIGBodybuilding/First Time Gear Stories 😂 IJBB 257 [RjjbOX73aH4].txt,13945
625,@ThinkBIGBodybuilding,James Hollingshead Goes Old School Hard W⧸Leroy Davis [mpS22gVA3Gc],@ThinkBIGBodybuilding/James Hollingshead Goes Old School Hard W⧸Leroy Davis [mpS22gVA3Gc].txt,4182
626,@ThinkBIGBodybuilding,"IT'S JUST BODYBUILDING 89 - IFBB INDY PRO + QA, DUSTY HANSHAW, RON PARTLOW [F84QAqmiH7g]","@ThinkBIGBodybuilding/IT'S JUST BODYBUILDING 89 - IFBB INDY PRO + QA, DUSTY HANSHAW, RON PARTLOW [F84QAqmiH7g].txt",23600
627,@ThinkBIGBodybuilding,Is ＂Going To A Dark Place＂ for Lifting Overrated？ [3lll-Cw-rWQ],@ThinkBIGBodybuilding/Is ＂Going To A Dark Place＂ for Lifting Overrated？ [3lll-Cw-rWQ].txt,14476
628,@ThinkBIGBodybuilding,Do You Need a Steroid Coach in 2024？ [JOWPYabOx0I],@ThinkBIGBodybuilding/Do You Need a Steroid Coach in 2024？ [JOWPYabOx0I].txt,16470
629,@ThinkBIGBodybuilding,How Many Competitors Use Tren & What Are Alternatives？ [SvWhh_iBmq8],@ThinkBIGBodybuilding/How Many Competitors Use Tren & What Are Alternatives？ [SvWhh_iBmq8].txt,11485
630,@ThinkBIGBodybuilding,Canadian Tren Master & Dusty Hanshaw It's Just Bodybuilding 144 [q0PDjgHGk5A],@ThinkBIGBodybuilding/Canadian Tren Master & Dusty Hanshaw It's Just Bodybuilding 144 [q0PDjgHGk5A].txt,12610
631,@ThinkBIGBodybuilding,"ZANE WATSON - IT'S JUST BODYBUILDING PODCAST 80 - DUSTY HANSHAW , RON PARTLOW [T62694RC1o4]","@ThinkBIGBodybuilding/ZANE WATSON - IT'S JUST BODYBUILDING PODCAST 80 - DUSTY HANSHAW , RON PARTLOW [T62694RC1o4].txt",17189
632,@ThinkBIGBodybuilding,How much volume can YOU handle？ Muscle Minds 131 [ExMEG5ID4Wo],@ThinkBIGBodybuilding/How much volume can YOU handle？ Muscle Minds 131 [ExMEG5ID4Wo].txt,5469
633,@ThinkBIGBodybuilding,Urs Moves to Open (Coaching Perspective) + 500 Tren e vs 500 Deca？ [ivASnSruBeg],@ThinkBIGBodybuilding/Urs Moves to Open (Coaching Perspective) + 500 Tren e vs 500 Deca？ [ivASnSruBeg].txt,15568
634,@ThinkBIGBodybuilding,Hair Loss Protocols for Bodybuilders ： Dr Dean St Mart [_ZLOCkKK1Xc],@ThinkBIGBodybuilding/Hair Loss Protocols for Bodybuilders ： Dr Dean St Mart [_ZLOCkKK1Xc].txt,6128
635,@ThinkBIGBodybuilding,IT'S JUST BODYBUILDING 84 - FUNNEST GYM STORIES - DUSTY HANSHAW. RON PARTLOW [SO1DsRMeBqM],@ThinkBIGBodybuilding/IT'S JUST BODYBUILDING 84 - FUNNEST GYM STORIES - DUSTY HANSHAW. RON PARTLOW [SO1DsRMeBqM].txt,19850
636,@ThinkBIGBodybuilding,TRAINING PRINCIPLES - SPORTS SCIENCE FOUNDATIONS - MUSCLE MINDS PODCAST 99 [a2CCmtt1F0k],@ThinkBIGBodybuilding/TRAINING PRINCIPLES - SPORTS SCIENCE FOUNDATIONS - MUSCLE MINDS PODCAST 99 [a2CCmtt1F0k].txt,13538
637,@ThinkBIGBodybuilding,"PEAK WEEK, TAN, CARB UP, WATER MANIPULATION + QA - MUSCLE MINDS PODCAST 95 [2R6ThR9wMqs]","@ThinkBIGBodybuilding/PEAK WEEK, TAN, CARB UP, WATER MANIPULATION + QA - MUSCLE MINDS PODCAST 95 [2R6ThR9wMqs].txt",19008
638,@ThinkBIGBodybuilding,"Fill & Spill Loading, Physique Crit & How to Shoot Good Progress Pics [jMLSaKkG2BY]","@ThinkBIGBodybuilding/Fill & Spill Loading, Physique Crit & How to Shoot Good Progress Pics [jMLSaKkG2BY].txt",14629
639,@ThinkBIGBodybuilding,"IT'S JUST BODYBUILDING 75 - STEREOTYPES, BIGGEST GYM FEAR, DELOADS & MORE [OeaMZ8PnoSA]","@ThinkBIGBodybuilding/IT'S JUST BODYBUILDING 75 - STEREOTYPES, BIGGEST GYM FEAR, DELOADS & MORE [OeaMZ8PnoSA].txt",20711
640,@ThinkBIGBodybuilding,The Science Behind Nick Walker’s Training [w9e2_Ty7ldA],@ThinkBIGBodybuilding/The Science Behind Nick Walker’s Training [w9e2_Ty7ldA].txt,14516
641,@ThinkBIGBodybuilding,IS BODYBUILDING SPORT OR PAGEANT ？ BLOOD SWEAT & GEAR PODCAST 104 [xzEvrJWskeE],@ThinkBIGBodybuilding/IS BODYBUILDING SPORT OR PAGEANT ？ BLOOD SWEAT & GEAR PODCAST 104 [xzEvrJWskeE].txt,21442
642,@ThinkBIGBodybuilding,60iu HGH Weekly Strategy w⧸ Paul Barnett + Steroid QA [gq3GfLtUVNM],@ThinkBIGBodybuilding/60iu HGH Weekly Strategy w⧸ Paul Barnett + Steroid QA [gq3GfLtUVNM].txt,13078
643,@ThinkBIGBodybuilding,Are All Steroids Equally as Anabolic？ PhD Deep Dive [P1YF9Uv2x9s],@ThinkBIGBodybuilding/Are All Steroids Equally as Anabolic？ PhD Deep Dive [P1YF9Uv2x9s].txt,13722
644,@ThinkBIGBodybuilding,Why Do 100 Rep Leg Press？ It's Just Bodybuilding 200 [12fetds2fx4],@ThinkBIGBodybuilding/Why Do 100 Rep Leg Press？ It's Just Bodybuilding 200 [12fetds2fx4].txt,15439
645,@ThinkBIGBodybuilding,Chris Tuttle Great Old School Bodybuilding Stories [IIFNS4DEaSM],@ThinkBIGBodybuilding/Chris Tuttle Great Old School Bodybuilding Stories [IIFNS4DEaSM].txt,14757
646,@ThinkBIGBodybuilding,Dom Cardone ｜ From Bodybuilder to Top Coach [F46AOVAd4Vs],@ThinkBIGBodybuilding/Dom Cardone ｜ From Bodybuilder to Top Coach [F46AOVAd4Vs].txt,13164
647,@ThinkBIGBodybuilding,It's Just Bodybuilding Business ： Mutant CEO [2xiFnCL-3ME],@ThinkBIGBodybuilding/It's Just Bodybuilding Business ： Mutant CEO [2xiFnCL-3ME].txt,6745
648,@ThinkBIGBodybuilding,Arnold Classic Predictions  IJBB Podcast 263 [T2ZHYmiVLDU],@ThinkBIGBodybuilding/Arnold Classic Predictions  IJBB Podcast 263 [T2ZHYmiVLDU].txt,16206
649,@ThinkBIGBodybuilding,"IT'S JUST BODYBUILDING PODCAST 77 - DUSTY HANSHAW, RON PARTLOW [bedTE3eYwE0]","@ThinkBIGBodybuilding/IT'S JUST BODYBUILDING PODCAST 77 - DUSTY HANSHAW, RON PARTLOW [bedTE3eYwE0].txt",20987
650,@ThinkBIGBodybuilding,THE GOAT ： ED COAN It's Just Bodybuilding 207 [9J6ThSyXSgs],@ThinkBIGBodybuilding/THE GOAT ： ED COAN It's Just Bodybuilding 207 [9J6ThSyXSgs].txt,13559
651,@ThinkBIGBodybuilding,Hunter Labrada 290 lbs and Fresh Receptors - First Interview BACK! [5WG5HiywPJw],@ThinkBIGBodybuilding/Hunter Labrada 290 lbs and Fresh Receptors - First Interview BACK! [5WG5HiywPJw].txt,17743
652,@ThinkBIGBodybuilding,Build Your INTENSITY Using These Tools ｜ Kuba Cielen [t45GeFneabg],@ThinkBIGBodybuilding/Build Your INTENSITY Using These Tools ｜ Kuba Cielen [t45GeFneabg].txt,12840
653,@ThinkBIGBodybuilding,Hockey Fights + Arnold Classic IJBB Podcast 201 [whehCjIHj40],@ThinkBIGBodybuilding/Hockey Fights + Arnold Classic IJBB Podcast 201 [whehCjIHj40].txt,12583
654,@ThinkBIGBodybuilding,Is Classic Physique Becoming Open Lite？ + Steroid QA [N-JolqyzPfM],@ThinkBIGBodybuilding/Is Classic Physique Becoming Open Lite？ + Steroid QA [N-JolqyzPfM].txt,11141
655,@ThinkBIGBodybuilding,BEST Steroid Cycles For Average Gym Bros + Anabolic QA [NYVGPaIMo8Y],@ThinkBIGBodybuilding/BEST Steroid Cycles For Average Gym Bros + Anabolic QA [NYVGPaIMo8Y].txt,12089
656,@ThinkBIGBodybuilding,Science Behind Weak Muscle Groups - Muscle Minds 130 [T1gd1Z1FpQY],@ThinkBIGBodybuilding/Science Behind Weak Muscle Groups - Muscle Minds 130 [T1gd1Z1FpQY].txt,17381
657,@ThinkBIGBodybuilding,"DUSTY HANSHAW, BIG RON PARTLOW It's Just Bodybuilding Podcast 166 [4BeEvDg4fV8]","@ThinkBIGBodybuilding/DUSTY HANSHAW, BIG RON PARTLOW It's Just Bodybuilding Podcast 166 [4BeEvDg4fV8].txt",7417
658,@ThinkBIGBodybuilding,"DAVE TATE On Crazy Training, Business, John Meadows [LrQf1GLbEvY]","@ThinkBIGBodybuilding/DAVE TATE On Crazy Training, Business, John Meadows [LrQf1GLbEvY].txt",15008
659,@ThinkBIGBodybuilding,Your Hardest Training Block Ever! 😂💪 Coaching QA 247 [OGGupzMupyc],@ThinkBIGBodybuilding/Your Hardest Training Block Ever! 😂💪 Coaching QA 247 [OGGupzMupyc].txt,10692
660,@ThinkBIGBodybuilding,TREN - Now You're the Main Character - It's Just Bodybuilding [LotKlpv9FI8],@ThinkBIGBodybuilding/TREN - Now You're the Main Character - It's Just Bodybuilding [LotKlpv9FI8].txt,9961
661,@ThinkBIGBodybuilding,master_transcript,@ThinkBIGBodybuilding/master_transcript.txt,3111624
662,@ThinkBIGBodybuilding,Best & Worst Fast Food for Bodybuilding Gains IJBB 274 [RbmNBIZypvE],@ThinkBIGBodybuilding/Best & Worst Fast Food for Bodybuilding Gains IJBB 274 [RbmNBIZypvE].txt,13281
663,@ThinkBIGBodybuilding,Mike Mentzer Lecture Reaction - Muscle Minds 141 [4PeDSwIykF0],@ThinkBIGBodybuilding/Mike Mentzer Lecture Reaction - Muscle Minds 141 [4PeDSwIykF0].txt,12066
664,@ThinkBIGBodybuilding,RAT STUDIES Pros & Cons in Bodybuilding - Muscle Minds [0m_qmf0DL30],@ThinkBIGBodybuilding/RAT STUDIES Pros & Cons in Bodybuilding - Muscle Minds [0m_qmf0DL30].txt,14349
665,@ThinkBIGBodybuilding,"MIKE VAN WYCK, DUSTY HANSHAW, RON PARTLOW IJBB 160 [qk-ZXUwcjWI]","@ThinkBIGBodybuilding/MIKE VAN WYCK, DUSTY HANSHAW, RON PARTLOW IJBB 160 [qk-ZXUwcjWI].txt",15229
666,@ThinkBIGBodybuilding,Egg McMuffin Carb Up + Other Coaching Questions [5eyT61_gzBM],@ThinkBIGBodybuilding/Egg McMuffin Carb Up + Other Coaching Questions [5eyT61_gzBM].txt,13610
667,@ThinkBIGBodybuilding,Getting Jacked When Food is SO Expensive DNS Podcast172 [o7B2SUu0Wjw],@ThinkBIGBodybuilding/Getting Jacked When Food is SO Expensive DNS Podcast172 [o7B2SUu0Wjw].txt,6853
668,@ThinkBIGBodybuilding,ThinkBigBodybuilding_TkSIrjCvH3Y,@ThinkBIGBodybuilding/ThinkBigBodybuilding_TkSIrjCvH3Y.txt,12651
669,@ThinkBIGBodybuilding,"Tom Platz, Rich Gaspari Bodybuilding Historian REACTS [08q9DTn8z7k]","@ThinkBIGBodybuilding/Tom Platz, Rich Gaspari Bodybuilding Historian REACTS [08q9DTn8z7k].txt",13305
670,@ThinkBIGBodybuilding,"WEED IN BODYBUILDING Dusty Hanshaw, Ron Partlow IJBB163 [D2XNrTcGF14]","@ThinkBIGBodybuilding/WEED IN BODYBUILDING Dusty Hanshaw, Ron Partlow IJBB163 [D2XNrTcGF14].txt",11893
671,@ThinkBIGBodybuilding,HGH & Other Tools To Maintain Muscle Between Cycles [DWZdDxe4N3w],@ThinkBIGBodybuilding/HGH & Other Tools To Maintain Muscle Between Cycles [DWZdDxe4N3w].txt,11002
672,@ThinkBIGBodybuilding,"It's Just Bodybuilding Podcast 147 Dusty Hanshaw, Ron Partlow [y2AE80Ya2WU]","@ThinkBIGBodybuilding/It's Just Bodybuilding Podcast 147 Dusty Hanshaw, Ron Partlow [y2AE80Ya2WU].txt",12897
673,@ThinkBIGBodybuilding,5 Bodybuilders You Should Be Following For Training [QW7qp4Px1VY],@ThinkBIGBodybuilding/5 Bodybuilders You Should Be Following For Training [QW7qp4Px1VY].txt,22889
674,@ThinkBIGBodybuilding,Growth Hormone ｜ Is Low Dose Worth It？ DNS 215 [v52Z_mztvK8],@ThinkBIGBodybuilding/Growth Hormone ｜ Is Low Dose Worth It？ DNS 215 [v52Z_mztvK8].txt,12540
675,@ThinkBIGBodybuilding,"Dusty Hanshaw, Ron Partlow, It's Just Bodybuilding 167 [c293C1MqJNg]","@ThinkBIGBodybuilding/Dusty Hanshaw, Ron Partlow, It's Just Bodybuilding 167 [c293C1MqJNg].txt",17756
676,@ThinkBIGBodybuilding,How Stefan Kienzl Creates Champions ｜ Urs’ Next Chapter [TqRMPR-DZt8],@ThinkBIGBodybuilding/How Stefan Kienzl Creates Champions ｜ Urs’ Next Chapter [TqRMPR-DZt8].txt,11848
677,@ThinkBIGBodybuilding,DO YOU NEED PULL DOWNS FOR A BIG BACK？ COACHING QA 159 [XaJLPLQYn2w],@ThinkBIGBodybuilding/DO YOU NEED PULL DOWNS FOR A BIG BACK？ COACHING QA 159 [XaJLPLQYn2w].txt,18821
678,@ThinkBIGBodybuilding,Middle Weight ➡️Super Heavy ➡️IFBB PRO BSG Coaching 188 [gYuVzp5hCAs],@ThinkBIGBodybuilding/Middle Weight ➡️Super Heavy ➡️IFBB PRO BSG Coaching 188 [gYuVzp5hCAs].txt,12929
679,@ThinkBIGBodybuilding,IT'S JUST BODYBUILDING 87 W⧸ IFBB PROS DUSTY HANSHAW & RON PARTLOW - PODCAST [uj3pS_a27v4],@ThinkBIGBodybuilding/IT'S JUST BODYBUILDING 87 W⧸ IFBB PROS DUSTY HANSHAW & RON PARTLOW - PODCAST [uj3pS_a27v4].txt,21377
680,@ThinkBIGBodybuilding,Gear ： The New Beer Goggles IJBB Podcast 168 [PIeWo_0H-00],@ThinkBIGBodybuilding/Gear ： The New Beer Goggles IJBB Podcast 168 [PIeWo_0H-00].txt,19016
681,@ThinkBIGBodybuilding,EAA VS BCAA - BODYBUILDING SCIENCE [iJogEDmYp7o],@ThinkBIGBodybuilding/EAA VS BCAA - BODYBUILDING SCIENCE [iJogEDmYp7o].txt,14852
682,@ThinkBIGBodybuilding,Branch Warren & Johnnie Jackson REACTION [oaW7bRgH5Uw],@ThinkBIGBodybuilding/Branch Warren & Johnnie Jackson REACTION [oaW7bRgH5Uw].txt,5164
683,@ThinkBIGBodybuilding,Cialis - Best Preworkout Ever？ + CGM for Bodybuilding？ [--OgU0C9X6U],@ThinkBIGBodybuilding/Cialis - Best Preworkout Ever？ + CGM for Bodybuilding？ [--OgU0C9X6U].txt,14129
684,@ThinkBIGBodybuilding,Minimal Effective Dose Of Each Steroid For Actual Muscle Gains [QmRum7BzBMQ],@ThinkBIGBodybuilding/Minimal Effective Dose Of Each Steroid For Actual Muscle Gains [QmRum7BzBMQ].txt,12658
685,@ThinkBIGBodybuilding,Pro Bodybuilders React to Kai Greene 💪 [LXC3gfe3r5Y],@ThinkBIGBodybuilding/Pro Bodybuilders React to Kai Greene 💪 [LXC3gfe3r5Y].txt,3281
686,@ThinkBIGBodybuilding,The Truth Behind Dorian Haywood’s Masters Olympia Win [5JSqstoL07M],@ThinkBIGBodybuilding/The Truth Behind Dorian Haywood’s Masters Olympia Win [5JSqstoL07M].txt,7129
687,@ThinkBIGBodybuilding,"DUSTY HANSHAW, RON PARTLOW IT'S JUST BODYBUILDING 79 - Listener QA [PagxccBh2EA]","@ThinkBIGBodybuilding/DUSTY HANSHAW, RON PARTLOW IT'S JUST BODYBUILDING 79 - Listener QA [PagxccBh2EA].txt",19304
688,@ThinkBIGBodybuilding,Tampa Pro Breakdown + What Were Our Last Cycles？ [OZ27nAlpLtc],@ThinkBIGBodybuilding/Tampa Pro Breakdown + What Were Our Last Cycles？ [OZ27nAlpLtc].txt,19128
689,@ThinkBIGBodybuilding,RESTING B!TCH FACE (JUST SAY NO) - IJBB 151 [4AShQC-Oaj0],@ThinkBIGBodybuilding/RESTING B!TCH FACE (JUST SAY NO) - IJBB 151 [4AShQC-Oaj0].txt,17468
690,@ThinkBIGBodybuilding,BODYBUILDING SCIENCE YOU SHOULD KNOW PT 1 TRAINING - MUSCLE MINDS PODCAST 100 [EZGxhhVAygI],@ThinkBIGBodybuilding/BODYBUILDING SCIENCE YOU SHOULD KNOW PT 1 TRAINING - MUSCLE MINDS PODCAST 100 [EZGxhhVAygI].txt,16030
691,@ThinkBIGBodybuilding,＂I'm About Old School Bodybuilding＂ Ms O Andrea Shaw [idTK0o9bheo],@ThinkBIGBodybuilding/＂I'm About Old School Bodybuilding＂ Ms O Andrea Shaw [idTK0o9bheo].txt,10284
692,@ThinkBIGBodybuilding,"TAMPA PRO RECAP + Hardest Set EVER, It's Just Bodybuilding 158 [hPrMDubX2uk]","@ThinkBIGBodybuilding/TAMPA PRO RECAP + Hardest Set EVER, It's Just Bodybuilding 158 [hPrMDubX2uk].txt",18804
693,@ThinkBIGBodybuilding,Everything You Wanted To Ask A Bodybuilding Coach [pb-03ZT4FL4],@ThinkBIGBodybuilding/Everything You Wanted To Ask A Bodybuilding Coach [pb-03ZT4FL4].txt,13107
694,@ThinkBIGBodybuilding,JAMES HOLLINGSHEAD Using Anger In The Gym [2ptJvQwIJbY],@ThinkBIGBodybuilding/JAMES HOLLINGSHEAD Using Anger In The Gym [2ptJvQwIJbY].txt,2062
695,@ThinkBIGBodybuilding,IAIN vs ANTOINE It's Just Bodybuilding 152 [uS-MM068Tn4],@ThinkBIGBodybuilding/IAIN vs ANTOINE It's Just Bodybuilding 152 [uS-MM068Tn4].txt,13279
696,@ThinkBIGBodybuilding,The Dark Story of Craig Titus & Kelly Ryan ： Muscle & Murder [OeFchIpUpH8],@ThinkBIGBodybuilding/The Dark Story of Craig Titus & Kelly Ryan ： Muscle & Murder [OeFchIpUpH8].txt,4539
697,@ThinkBIGBodybuilding,Jordan Hutchinson Exclusive – Tampa & Texas Pro Champ [WlRifQEFTLM],@ThinkBIGBodybuilding/Jordan Hutchinson Exclusive – Tampa & Texas Pro Champ [WlRifQEFTLM].txt,16491
698,@ThinkBIGBodybuilding,Mike Matarazzo 90's Bodybuilding Legend - Reaction [mZOVT9FBLwg],@ThinkBIGBodybuilding/Mike Matarazzo 90's Bodybuilding Legend - Reaction [mZOVT9FBLwg].txt,5780
699,@ThinkBIGBodybuilding,NICK WALKER “The Mutant WILL Have Redemption” 🔥 [EJ2Nu1AUZRM],@ThinkBIGBodybuilding/NICK WALKER “The Mutant WILL Have Redemption” 🔥 [EJ2Nu1AUZRM].txt,10631
700,@ThinkBIGBodybuilding,Effective Carb Cycling Strategies + Best Pulldown Grip [Bp0gceJyEco],@ThinkBIGBodybuilding/Effective Carb Cycling Strategies + Best Pulldown Grip [Bp0gceJyEco].txt,11582
701,@ThinkBIGBodybuilding,BODYBUILDING GENETICS & Should You Just Give Up？ [pj3L-EYlsFo],@ThinkBIGBodybuilding/BODYBUILDING GENETICS & Should You Just Give Up？ [pj3L-EYlsFo].txt,14395
702,@ThinkBIGBodybuilding,Grow Into A Show？ + Contest Prep With NO Tren？ [mrik03Pce9o],@ThinkBIGBodybuilding/Grow Into A Show？ + Contest Prep With NO Tren？ [mrik03Pce9o].txt,9135
703,@ThinkBIGBodybuilding,The Truth About Building Muscle with Average Genetic [STIHRKxFAmo],@ThinkBIGBodybuilding/The Truth About Building Muscle with Average Genetic [STIHRKxFAmo].txt,2287
704,@ThinkBIGBodybuilding,HOW TO SELECT EXERCISES - BODYBUILDING COACHING QA 148 [_CIUEyJRz1A],@ThinkBIGBodybuilding/HOW TO SELECT EXERCISES - BODYBUILDING COACHING QA 148 [_CIUEyJRz1A].txt,12929
705,@ThinkBIGBodybuilding,Master Midsection Control ｜ Olympia Prep with IFBB Pro Kellen Wilson [MygXuZkV7gA],@ThinkBIGBodybuilding/Master Midsection Control ｜ Olympia Prep with IFBB Pro Kellen Wilson [MygXuZkV7gA].txt,13019
706,@ThinkBIGBodybuilding,Rebound & Cruise Dose Principles For Max Off-Season Gains [z7zFcGYMfa4],@ThinkBIGBodybuilding/Rebound & Cruise Dose Principles For Max Off-Season Gains [z7zFcGYMfa4].txt,9565
707,@ThinkBIGBodybuilding,Cialis In Bodybuilding？ Test Suspension Preworkout？ [X4tCWpNrARI],@ThinkBIGBodybuilding/Cialis In Bodybuilding？ Test Suspension Preworkout？ [X4tCWpNrARI].txt,10785
708,@ThinkBIGBodybuilding,"IT'S JUST BODYBUILDING 88, DUSTY HANSHAW & RON PARTLOW [qMJf8jvjPS8]","@ThinkBIGBodybuilding/IT'S JUST BODYBUILDING 88, DUSTY HANSHAW & RON PARTLOW [qMJf8jvjPS8].txt",18264
709,@ThinkBIGBodybuilding,Perfect Pairs ： The  PB&J of Anabolic Steroids & PEDs [j0CsP6QlasY],@ThinkBIGBodybuilding/Perfect Pairs ： The  PB&J of Anabolic Steroids & PEDs [j0CsP6QlasY].txt,11139
710,@ThinkBIGBodybuilding,3 Grams Of Gear？？ And How Cycle Dosing is Built [s1Bgsj-RgKs],@ThinkBIGBodybuilding/3 Grams Of Gear？？ And How Cycle Dosing is Built [s1Bgsj-RgKs].txt,11418
711,@ThinkBIGBodybuilding,"IT'S JUST BODYBUILDING PODCAST 82 - DUSTY HANSHAW, RON PARTLOW [XMTSgzT2nzs]","@ThinkBIGBodybuilding/IT'S JUST BODYBUILDING PODCAST 82 - DUSTY HANSHAW, RON PARTLOW [XMTSgzT2nzs].txt",16120
712,@ThinkBIGBodybuilding,PED SCIENCE YOU DIDN'T KNOW - MUSCLE MINDS BODYBUILDING PODCAST 102 [dVku81gceNM],@ThinkBIGBodybuilding/PED SCIENCE YOU DIDN'T KNOW - MUSCLE MINDS BODYBUILDING PODCAST 102 [dVku81gceNM].txt,16616
713,@ThinkBIGBodybuilding,Sasan Heirati Being a Great Pro AND a Great Family Man [MlHD25BrFtU],@ThinkBIGBodybuilding/Sasan Heirati Being a Great Pro AND a Great Family Man [MlHD25BrFtU].txt,13307
714,@ThinkBIGBodybuilding,"Anadrol Explained -Strength, Size & Surprising Uses (Oxymetholone) [qde3mI6VC80]","@ThinkBIGBodybuilding/Anadrol Explained -Strength, Size & Surprising Uses (Oxymetholone) [qde3mI6VC80].txt",11923
715,@ThinkBIGBodybuilding,The Steroid Market Has Collapsed ｜ Janoshik Reveals Why [Vf__M0KLNzQ],@ThinkBIGBodybuilding/The Steroid Market Has Collapsed ｜ Janoshik Reveals Why [Vf__M0KLNzQ].txt,6623
716,@ThinkBIGBodybuilding,"Pre, Intra, Post Workout Nutrition To Maximize Gains [KPMh1LSJHfE]","@ThinkBIGBodybuilding/Pre, Intra, Post Workout Nutrition To Maximize Gains [KPMh1LSJHfE].txt",8141
717,@ThinkBIGBodybuilding,Layering In Oral Steroids For Cosmetic Look On A Cut [3C1iicLi0WM],@ThinkBIGBodybuilding/Layering In Oral Steroids For Cosmetic Look On A Cut [3C1iicLi0WM].txt,15688
718,@ThinkBIGBodybuilding,How To Not Be A Psycho In Prep ｜ IJBB Podcast 262 [0-146ZI7M2E],@ThinkBIGBodybuilding/How To Not Be A Psycho In Prep ｜ IJBB Podcast 262 [0-146ZI7M2E].txt,13884
719,@ThinkBIGBodybuilding,CONTEST PREP SPECIAL - BODYBUILDING COACHING QA 153 [w-2Belr44Qg],@ThinkBIGBodybuilding/CONTEST PREP SPECIAL - BODYBUILDING COACHING QA 153 [w-2Belr44Qg].txt,13353
720,@ThinkBIGBodybuilding,Jesse James West Talks Gear with Dave (Reaction) + QA [V6buKIrCsrg],@ThinkBIGBodybuilding/Jesse James West Talks Gear with Dave (Reaction) + QA [V6buKIrCsrg].txt,12679
721,@ThinkBIGBodybuilding,Experienced Coaches Pick 5 Compounds To Contest Prep On [vFmjD8p574E],@ThinkBIGBodybuilding/Experienced Coaches Pick 5 Compounds To Contest Prep On [vFmjD8p574E].txt,13354
722,@ThinkBIGBodybuilding,Do You Really Need 2 Grams Of Gear To Compete？ DNS 220 [8oZov0RPdo8],@ThinkBIGBodybuilding/Do You Really Need 2 Grams Of Gear To Compete？ DNS 220 [8oZov0RPdo8].txt,10685
723,@ThinkBIGBodybuilding,Fouad Abiad ： My Biggest Mistake in Bodybuilding Prep [-kGf5KTu5IQ],@ThinkBIGBodybuilding/Fouad Abiad ： My Biggest Mistake in Bodybuilding Prep [-kGf5KTu5IQ].txt,2030
724,@ThinkBIGBodybuilding,"IT'S JUST BODYBUILDING 90 - DUSTY'S WORKOUT, INDO PRO REVIEW, BAD BB FASHION [u8J0WfaWj4M]","@ThinkBIGBodybuilding/IT'S JUST BODYBUILDING 90 - DUSTY'S WORKOUT, INDO PRO REVIEW, BAD BB FASHION [u8J0WfaWj4M].txt",21286
725,@ThinkBIGBodybuilding,No Primobolan？ Is EQ the New Go-To For Estrogen Control？ [8Wf96bpTRfM],@ThinkBIGBodybuilding/No Primobolan？ Is EQ the New Go-To For Estrogen Control？ [8Wf96bpTRfM].txt,11140
726,@ThinkBIGBodybuilding,CNS ADAPTATION FROM TRAINING - BRAIN IS THE ULTIMATE LIMITER IN THE GYM - MM97 [LymEn0d80zo],@ThinkBIGBodybuilding/CNS ADAPTATION FROM TRAINING - BRAIN IS THE ULTIMATE LIMITER IN THE GYM - MM97 [LymEn0d80zo].txt,16707
727,@ThinkBIGBodybuilding,Bodybuilding on a Budget： Build Muscle Without Going Broke [eYWcNW_cet0],@ThinkBIGBodybuilding/Bodybuilding on a Budget： Build Muscle Without Going Broke [eYWcNW_cet0].txt,12098
728,@ThinkBIGBodybuilding,IT'S JUST BODYBUILDING PODCAST 153 BIG RON & DUSTY [3Lh0vQ-L0f0],@ThinkBIGBodybuilding/IT'S JUST BODYBUILDING PODCAST 153 BIG RON & DUSTY [3Lh0vQ-L0f0].txt,12347
729,@ThinkBIGBodybuilding,CHEST TRAINING TECHNIQUES - TOMMY STILES & SCOTT MCNALLY - BODYBUILDING WORKOUT [T-ZfFKO2w-c],@ThinkBIGBodybuilding/CHEST TRAINING TECHNIQUES - TOMMY STILES & SCOTT MCNALLY - BODYBUILDING WORKOUT [T-ZfFKO2w-c].txt,12559
730,@ThinkBIGBodybuilding,Shawn Ray & Bob Cicherillo On Old School Bodybuilding [eX6KnXYXj1c],@ThinkBIGBodybuilding/Shawn Ray & Bob Cicherillo On Old School Bodybuilding [eX6KnXYXj1c].txt,13117
731,@ThinkBIGBodybuilding,"Science of Clenbuterol, Thyroid, ECA, DNP Melanotan II [jo_QX4p59L4]","@ThinkBIGBodybuilding/Science of Clenbuterol, Thyroid, ECA, DNP Melanotan II [jo_QX4p59L4].txt",17779
732,@ThinkBIGBodybuilding,Kickstart Your Cut Cycle with Tren？ NPP？ Anadrol？ Pros & Cons [C1wL8kVoEUg],@ThinkBIGBodybuilding/Kickstart Your Cut Cycle with Tren？ NPP？ Anadrol？ Pros & Cons [C1wL8kVoEUg].txt,13295
733,failed_syncs,fetch_summary.txt.txt.txt.txt.txt.txt.txt.txt,failed_syncs/fetch_summary.txt.txt.txt.txt.txt.txt.txt.txt.txt,867
734,failed_syncs,master_transcript_combined.txt.txt.txt.txt.txt.txt,failed_syncs/master_transcript_combined.txt.txt.txt.txt.txt.txt.txt,2601
735,failed_syncs,fetch_summary.txt.txt.txt.txt,failed_syncs/fetch_summary.txt.txt.txt.txt.txt,867
736,failed_syncs,master_transcript_combined.txt.txt.txt.txt,failed_syncs/master_transcript_combined.txt.txt.txt.txt.txt,2601
737,failed_syncs,master_transcript_combined.txt.txt.txt,failed_syncs/master_transcript_combined.txt.txt.txt.txt,2601
738,failed_syncs,fetch_summary.txt.txt.txt,failed_syncs/fetch_summary.txt.txt.txt.txt,867
739,failed_syncs,fetch_summary.txt.txt,failed_syncs/fetch_summary.txt.txt.txt,867
740,failed_syncs,master_transcript_combined.txt.txt,failed_syncs/master_transcript_combined.txt.txt.txt,2601
741,failed_syncs,fetch_summary.txt.txt.txt.txt.txt.txt,failed_syncs/fetch_summary.txt.txt.txt.txt.txt.txt.txt,867
742,failed_syncs,fetch_summary.txt.txt.txt.txt.txt.txt.txt,failed_syncs/fetch_summary.txt.txt.txt.txt.txt.txt.txt.txt,867
743,failed_syncs,fetch_summary.txt.txt.txt.txt.txt,failed_syncs/fetch_summary.txt.txt.txt.txt.txt.txt,867
744,failed_syncs,master_transcript_combined.txt.txt.txt.txt.txt,failed_syncs/master_transcript_combined.txt.txt.txt.txt.txt.txt,2601
745,failed_syncs,master_transcript,failed_syncs/master_transcript.txt,870
746,failed_syncs,fetch_summary.txt,failed_syncs/fetch_summary.txt.txt,867
747,failed_syncs,master_transcript_combined.txt.txt.txt.txt.txt.txt.txt.txt,failed_syncs/master_transcript_combined.txt.txt.txt.txt.txt.txt.txt.txt.txt,2601
748,failed_syncs,master_transcript_combined.txt,failed_syncs/master_transcript_combined.txt.txt,2601
749,failed_syncs,master_transcript_combined.txt.txt.txt.txt.txt.txt.txt,failed_syncs/master_transcript_combined.txt.txt.txt.txt.txt.txt.txt.txt,2601
750,@MulliganBrothers,Urgency - Motivational video [yYx-1nrDpHg],@MulliganBrothers/Urgency - Motivational video [yYx-1nrDpHg].txt,482
751,@MulliganBrothers,[MOTIVATION] Conor Mcgregor 'untouchable' [JXX4-wCZVjc],@MulliganBrothers/[MOTIVATION] Conor Mcgregor 'untouchable' [JXX4-wCZVjc].txt,381
752,@MulliganBrothers,Elon Musk Speech - 'The Dumbest experiment In History' [znukFtaWPAw],@MulliganBrothers/Elon Musk Speech - 'The Dumbest experiment In History' [znukFtaWPAw].txt,697
753,@MulliganBrothers,Motivational Speech - Kevin hart ＂WHAT NOW＂ [cJy3nKwfDZ8],@MulliganBrothers/Motivational Speech - Kevin hart ＂WHAT NOW＂ [cJy3nKwfDZ8].txt,296
754,@MulliganBrothers,Motivational Video - Natalie Portman [bgjYcfe5TAo],@MulliganBrothers/Motivational Video - Natalie Portman [bgjYcfe5TAo].txt,534
755,@MulliganBrothers,Fall Forward - Motivational video [lOUbu8I46KM],@MulliganBrothers/Fall Forward - Motivational video [lOUbu8I46KM].txt,252
756,@MulliganBrothers,MINDSET OF THE ELITE - Powerful Motivational video [cU-my2mzhmU],@MulliganBrothers/MINDSET OF THE ELITE - Powerful Motivational video [cU-my2mzhmU].txt,784
757,@MulliganBrothers,Motivational video - URGENCY 2 [1pN3n5Ann7I],@MulliganBrothers/Motivational video - URGENCY 2 [1pN3n5Ann7I].txt,605
758,@MulliganBrothers,MMA Motivation ᴴᴰ [7mzR2MRmJo0],@MulliganBrothers/MMA Motivation ᴴᴰ [7mzR2MRmJo0].txt,248
759,@MulliganBrothers,Leonardo DiCaprio - Climate change speech [LEONARDO DICAPRIO FOUNDATION] [r1RbGwkikAo],@MulliganBrothers/Leonardo DiCaprio - Climate change speech [LEONARDO DICAPRIO FOUNDATION] [r1RbGwkikAo].txt,661
760,@MulliganBrothers,Arnold Reveals His Secret Mindset for Massive Success [xoXYe9e01_Y],@MulliganBrothers/Arnold Reveals His Secret Mindset for Massive Success [xoXYe9e01_Y].txt,1721
761,@MulliganBrothers,The Story Of Quentin Tarantino - Motivational Video For Filmmakers [Bi0yhBW040s],@MulliganBrothers/The Story Of Quentin Tarantino - Motivational Video For Filmmakers [Bi0yhBW040s].txt,498
762,@MulliganBrothers,NEVER DOUBT YOURSELF - Motivational video [gvipGFcbBTQ],@MulliganBrothers/NEVER DOUBT YOURSELF - Motivational video [gvipGFcbBTQ].txt,1230
763,@MulliganBrothers,MOTIVATION - POTENTIAL [PART 5] [TJVOFUgXVUo],@MulliganBrothers/MOTIVATION - POTENTIAL [PART 5] [TJVOFUgXVUo].txt,632
764,@MulliganBrothers,PROBLEMS - Motivational video [o14-5-JYtDM],@MulliganBrothers/PROBLEMS - Motivational video [o14-5-JYtDM].txt,548
765,@MulliganBrothers,Make a Decision ｜ 2014 Motivation ｜ [vjAOWvplaUo],@MulliganBrothers/Make a Decision ｜ 2014 Motivation ｜ [vjAOWvplaUo].txt,575
766,@MulliganBrothers,WHAT'S YOUR WHY - Best Motivational Video [xEwf8Nbk0R8],@MulliganBrothers/WHAT'S YOUR WHY - Best Motivational Video [xEwf8Nbk0R8].txt,1273
767,@MulliganBrothers,HOW - MOTIVATIONAL VIDEO FOR 2016 [bi8iiTw2wi8],@MulliganBrothers/HOW - MOTIVATIONAL VIDEO FOR 2016 [bi8iiTw2wi8].txt,438
768,@MulliganBrothers,10 Minutes to Start Your Day Best! - MORNING MOTIVATION ｜ Motivational Video for Success [qIBruolKTOs],@MulliganBrothers/10 Minutes to Start Your Day Best! - MORNING MOTIVATION ｜ Motivational Video for Success [qIBruolKTOs].txt,1086
769,@MulliganBrothers,RISK - Motivational video [Elon Musk] [JGfygJXTwq4],@MulliganBrothers/RISK - Motivational video [Elon Musk] [JGfygJXTwq4].txt,516
770,@MulliganBrothers,MOTIVATION - MAKE IT HAPPEN [n_8ZIYxtPvc],@MulliganBrothers/MOTIVATION - MAKE IT HAPPEN [n_8ZIYxtPvc].txt,923
771,@MulliganBrothers,IMAGINE - Motivational Video [TcV_ORBeEjc],@MulliganBrothers/IMAGINE - Motivational Video [TcV_ORBeEjc].txt,204
772,@MulliganBrothers,TAKE CONTROL OF YOUR LIFE NOW - Motivational Video [5x-M1mtNKAs],@MulliganBrothers/TAKE CONTROL OF YOUR LIFE NOW - Motivational Video [5x-M1mtNKAs].txt,391
773,@MulliganBrothers,HOW TO BE RICH - Motivational video [DbV0zfFjo5Y],@MulliganBrothers/HOW TO BE RICH - Motivational video [DbV0zfFjo5Y].txt,400
774,@MulliganBrothers,Jackie Chan - Motivational Video [UnYlk7hRScE],@MulliganBrothers/Jackie Chan - Motivational Video [UnYlk7hRScE].txt,280
775,@MulliganBrothers,MOTIVATION - Matt Damon (MIT Commencement speech) [XXew7rhnvdM],@MulliganBrothers/MOTIVATION - Matt Damon (MIT Commencement speech) [XXew7rhnvdM].txt,382
776,@MulliganBrothers,HOW TO BE A YOUTUBE SENSATION   ft Casey Neistat [0Hs9eV1162A],@MulliganBrothers/HOW TO BE A YOUTUBE SENSATION   ft Casey Neistat [0Hs9eV1162A].txt,342
777,@MulliganBrothers,Stephen Hawking - Motivation [CJx5zMGos44],@MulliganBrothers/Stephen Hawking - Motivation [CJx5zMGos44].txt,198
778,@MulliganBrothers,Life changing speech [34t0qu7g0C8],@MulliganBrothers/Life changing speech [34t0qu7g0C8].txt,283
779,@MulliganBrothers,This Life Advice Will Change Your Future (MUST WATCH) [rD89m-LTbDM],@MulliganBrothers/This Life Advice Will Change Your Future (MUST WATCH) [rD89m-LTbDM].txt,1165
780,@MulliganBrothers,Arnold Schwarzenegger - Motivational video [W3-TRUlPeMw],@MulliganBrothers/Arnold Schwarzenegger - Motivational video [W3-TRUlPeMw].txt,1308
781,@MulliganBrothers,Motivation - Don't lose yourself [lx8SMLYSu6A],@MulliganBrothers/Motivation - Don't lose yourself [lx8SMLYSu6A].txt,474
782,@MulliganBrothers,Don't Give Up On Yourself - Motivational Video [cht_V10Ecn0],@MulliganBrothers/Don't Give Up On Yourself - Motivational Video [cht_V10Ecn0].txt,395
783,@MulliganBrothers,EVERYDAY - Motivation [LES BROWN] [MG1reuKXYq0],@MulliganBrothers/EVERYDAY - Motivation [LES BROWN] [MG1reuKXYq0].txt,772
784,@MulliganBrothers,DON'T EVER GIVE UP - Motivational Video [NiZOWdIz2WM],@MulliganBrothers/DON'T EVER GIVE UP - Motivational Video [NiZOWdIz2WM].txt,1202
785,@MulliganBrothers,Arnold schwarzenegger 2015 - Motivational video [ptcqyPg1zus],@MulliganBrothers/Arnold schwarzenegger 2015 - Motivational video [ptcqyPg1zus].txt,577
786,@MulliganBrothers,STAN LEE - Inspirational video [iZiNKB28_Ns],@MulliganBrothers/STAN LEE - Inspirational video [iZiNKB28_Ns].txt,435
787,@MulliganBrothers,MOTIVATIONAL VIDEO - IT'S YOU [j1guR3wkEgA],@MulliganBrothers/MOTIVATIONAL VIDEO - IT'S YOU [j1guR3wkEgA].txt,450
788,@MulliganBrothers,master_transcript1,@MulliganBrothers/master_transcript1.txt,86144
789,@MulliganBrothers,MMA- Ultimate Fighting Motivation 2014 [J0Y5l10InAg],@MulliganBrothers/MMA- Ultimate Fighting Motivation 2014 [J0Y5l10InAg].txt,749
790,@MulliganBrothers,STAND OUT - Motivational video [N8ZdlSEzeVA],@MulliganBrothers/STAND OUT - Motivational video [N8ZdlSEzeVA].txt,363
791,@MulliganBrothers,BOXING MOTIVATION - Witness greatness [SwuYiyvXG3s],@MulliganBrothers/BOXING MOTIVATION - Witness greatness [SwuYiyvXG3s].txt,205
792,@MulliganBrothers,MOTIVATIONAL VIDEO - THE CLOCK RUNS TO FAST [wUu5fmeP86k],@MulliganBrothers/MOTIVATIONAL VIDEO - THE CLOCK RUNS TO FAST [wUu5fmeP86k].txt,524
793,@MulliganBrothers,FROM NOTHING TO SOMETHING - Motivational video [ZawIKeK--ZA],@MulliganBrothers/FROM NOTHING TO SOMETHING - Motivational video [ZawIKeK--ZA].txt,4268
794,@MulliganBrothers,Change of mind - motivational video [oPeYtl4I0hs],@MulliganBrothers/Change of mind - motivational video [oPeYtl4I0hs].txt,388
795,@MulliganBrothers,PSYCHOLOGICAL FITNESS - How To Overcome Anything - Motivational Video [6txwdvPW8Eg],@MulliganBrothers/PSYCHOLOGICAL FITNESS - How To Overcome Anything - Motivational Video [6txwdvPW8Eg].txt,1336
796,@MulliganBrothers,THE POWER WITHIN - Motivational video [5NHLZyD0jjM],@MulliganBrothers/THE POWER WITHIN - Motivational video [5NHLZyD0jjM].txt,784
797,@MulliganBrothers,Ronaldo - Motivational Video [9qV6qneSk_Q],@MulliganBrothers/Ronaldo - Motivational Video [9qV6qneSk_Q].txt,403
798,@MulliganBrothers,Cancer survivor - Motivational video [Djuro Vukotic] [EeyFmSPDq0I],@MulliganBrothers/Cancer survivor - Motivational video [Djuro Vukotic] [EeyFmSPDq0I].txt,387
799,@MulliganBrothers,YOU'RE THE DIRECTOR - MOTIVATIONAL VIDEO [eh51FA10o1s],@MulliganBrothers/YOU'RE THE DIRECTOR - MOTIVATIONAL VIDEO [eh51FA10o1s].txt,520
800,@MulliganBrothers,Carrie Fisher - The Loss Of Fear - Motivational Video [fZGtBeYDbnk],@MulliganBrothers/Carrie Fisher - The Loss Of Fear - Motivational Video [fZGtBeYDbnk].txt,265
801,@MulliganBrothers,MOTIVATION - BUSINESS [Warren Buffett] [oLWScthpAgY],@MulliganBrothers/MOTIVATION - BUSINESS [Warren Buffett] [oLWScthpAgY].txt,400
802,@MulliganBrothers,MOTIVATION - Morgan Freeman [zfrVau8cYD0],@MulliganBrothers/MOTIVATION - Morgan Freeman [zfrVau8cYD0].txt,318
803,@MulliganBrothers,DON'T QUIT NOW -  Motivational video [hK-FG1DOEjM],@MulliganBrothers/DON'T QUIT NOW -  Motivational video [hK-FG1DOEjM].txt,497
804,@MulliganBrothers,MOTIVATION - EXCUSES [PART 4] [Mdi6fc7zCTk],@MulliganBrothers/MOTIVATION - EXCUSES [PART 4] [Mdi6fc7zCTk].txt,1010
805,@MulliganBrothers,2pac's motivational speech - A TRIBUTE VIDEO ＂CHANGE＂ [56toVeV-2GY],@MulliganBrothers/2pac's motivational speech - A TRIBUTE VIDEO ＂CHANGE＂ [56toVeV-2GY].txt,749
806,@MulliganBrothers,Kai greene ｜ Mr Olympia 2013？ [fKTGwhWHj_k],@MulliganBrothers/Kai greene ｜ Mr Olympia 2013？ [fKTGwhWHj_k].txt,308
807,@MulliganBrothers,MOTIVATION - Idris Elba ＂Work hard sleep less＂ [00rPgc0tISM],@MulliganBrothers/MOTIVATION - Idris Elba ＂Work hard sleep less＂ [00rPgc0tISM].txt,436
808,@MulliganBrothers,The Dignity of Being Human - MOTIVATION [_oTpSrpxXcg],@MulliganBrothers/The Dignity of Being Human - MOTIVATION [_oTpSrpxXcg].txt,1489
809,@MulliganBrothers,"NEVER GIVE UP! - The Most Powerful Motivational Videos for Success, Students & Working Out [sdA2kdkRctE]","@MulliganBrothers/NEVER GIVE UP! - The Most Powerful Motivational Videos for Success, Students & Working Out [sdA2kdkRctE].txt",799
810,@MulliganBrothers,MOTIVATIONAL VIDEO - Circumstances [vLPQCN5-kk4],@MulliganBrothers/MOTIVATIONAL VIDEO - Circumstances [vLPQCN5-kk4].txt,142
811,@MulliganBrothers,FEARS and DREAMS - Motivational Video [9qLx-oy6Zlc],@MulliganBrothers/FEARS and DREAMS - Motivational Video [9qLx-oy6Zlc].txt,2196
812,@MulliganBrothers,DEPRESSION - Motivational Video [48H7FkH7EeQ],@MulliganBrothers/DEPRESSION - Motivational Video [48H7FkH7EeQ].txt,270
813,@MulliganBrothers,Why Not？ - The Key To Success - Motivational Video [j6RqbpY1-7I],@MulliganBrothers/Why Not？ - The Key To Success - Motivational Video [j6RqbpY1-7I].txt,1601
814,@MulliganBrothers,Conor McGregor - Motivational video [CHAMPION] [DBJUgxHHN8Q],@MulliganBrothers/Conor McGregor - Motivational video [CHAMPION] [DBJUgxHHN8Q].txt,361
815,@MulliganBrothers,FOCUS ON YOURSELF NOT OTHERS - Best Motivational Video [coaZDUxTyWA],@MulliganBrothers/FOCUS ON YOURSELF NOT OTHERS - Best Motivational Video [coaZDUxTyWA].txt,1068
816,@MulliganBrothers,MOTIVATION - THE START [PART 1] [cAWMy50kyX4],@MulliganBrothers/MOTIVATION - THE START [PART 1] [cAWMy50kyX4].txt,586
817,@MulliganBrothers,DREAM BIG - MOTIVATION [s_Y02SX5rEw],@MulliganBrothers/DREAM BIG - MOTIVATION [s_Y02SX5rEw].txt,228
818,@MulliganBrothers,From Zero to YouTube King： PewDiePie's Journey ｜ Motivational Video [R4F4ef7Xv5A],@MulliganBrothers/From Zero to YouTube King： PewDiePie's Journey ｜ Motivational Video [R4F4ef7Xv5A].txt,493
819,@MulliganBrothers,PRICE OF SUCCESS - Motivational Video [sWKRFt5AcDg],@MulliganBrothers/PRICE OF SUCCESS - Motivational Video [sWKRFt5AcDg].txt,281
820,@MulliganBrothers,Ronda Rousey - Motivational video ＂A DO NOTHING BITCH＂ (DNB) [R21QgcLuBqw],@MulliganBrothers/Ronda Rousey - Motivational video ＂A DO NOTHING BITCH＂ (DNB) [R21QgcLuBqw].txt,173
821,@MulliganBrothers,Football Pump-Up 2016-17 - ＂No excuse is acceptable＂ [shQPvL-yTuU],@MulliganBrothers/Football Pump-Up 2016-17 - ＂No excuse is acceptable＂ [shQPvL-yTuU].txt,224
822,@MulliganBrothers,UNCHAINED - Motivational video [xCCTWbDEDj4],@MulliganBrothers/UNCHAINED - Motivational video [xCCTWbDEDj4].txt,487
823,@MulliganBrothers,Elliott Hulse Becoming [Best Of Yo Elliott] [bVHDJhpcQV8],@MulliganBrothers/Elliott Hulse Becoming [Best Of Yo Elliott] [bVHDJhpcQV8].txt,227
824,@MulliganBrothers,Conor Mcgregor - Motivational video [JUST DECIDE] [WldsRzmu4zs],@MulliganBrothers/Conor Mcgregor - Motivational video [JUST DECIDE] [WldsRzmu4zs].txt,316
825,@MulliganBrothers,Battleground - Motivational video [cfcRaldmZk8],@MulliganBrothers/Battleground - Motivational video [cfcRaldmZk8].txt,372
826,@MulliganBrothers,WHAT ARE YOUR GOALS - Motivational Video [DNITe9snHqA],@MulliganBrothers/WHAT ARE YOUR GOALS - Motivational Video [DNITe9snHqA].txt,982
827,@MulliganBrothers,MIND SHIFT - Must Hear ＊powerful＊ Inspirational Speech [2zi-41jHvvE],@MulliganBrothers/MIND SHIFT - Must Hear ＊powerful＊ Inspirational Speech [2zi-41jHvvE].txt,1007
828,@MulliganBrothers,MOTIVATION - BUSINESS MOTIVATION FOR ENTREPRENEURS [GkIMtlP7MKw],@MulliganBrothers/MOTIVATION - BUSINESS MOTIVATION FOR ENTREPRENEURS [GkIMtlP7MKw].txt,570
829,@MulliganBrothers,J.K.  Rowling - motivational speech [MyOvJzRA-P0],@MulliganBrothers/J.K.  Rowling - motivational speech [MyOvJzRA-P0].txt,214
830,@MulliganBrothers,Cancer - Motivational video [The V Foundation] feat Jim Valvano [C8rrDuFLwaw],@MulliganBrothers/Cancer - Motivational video [The V Foundation] feat Jim Valvano [C8rrDuFLwaw].txt,608
831,@MulliganBrothers,Why Not You？ - Motivational video [Lo5Wb0nYMyk],@MulliganBrothers/Why Not You？ - Motivational video [Lo5Wb0nYMyk].txt,2271
832,@MulliganBrothers,MOTIVATION - Mike Tyson [GDldWTFnpyA],@MulliganBrothers/MOTIVATION - Mike Tyson [GDldWTFnpyA].txt,247
833,@MulliganBrothers,HARD WORK - Motivational video [puDQoBPpWyQ],@MulliganBrothers/HARD WORK - Motivational video [puDQoBPpWyQ].txt,1166
834,@MulliganBrothers,MOTIVATION - WRITE DOWN YOUR DREAMS [a5Ffan0_Ibw],@MulliganBrothers/MOTIVATION - WRITE DOWN YOUR DREAMS [a5Ffan0_Ibw].txt,478
835,@MulliganBrothers,Motivational video - HOW Much Time Do you Have left [feat les brown] [NoYjNM9pRao],@MulliganBrothers/Motivational video - HOW Much Time Do you Have left [feat les brown] [NoYjNM9pRao].txt,339
836,@MulliganBrothers,WE ARE THE UNDERDOGS - MOTIVATION [d6GG1Z0reMo],@MulliganBrothers/WE ARE THE UNDERDOGS - MOTIVATION [d6GG1Z0reMo].txt,454
837,@MulliganBrothers,ARE YOU SERIOUS？ - MOTIVATION [njQcOKOpFwk],@MulliganBrothers/ARE YOU SERIOUS？ - MOTIVATION [njQcOKOpFwk].txt,1689
838,@MulliganBrothers,EMBRACE YOUR FAILURES - Motivation [YGF3N3dTMaQ],@MulliganBrothers/EMBRACE YOUR FAILURES - Motivation [YGF3N3dTMaQ].txt,1378
839,@MulliganBrothers,master_transcript,@MulliganBrothers/master_transcript.txt,87359
840,@MulliganBrothers,Are you scared of change？ - Motivational video [Feat Peter Dinklage] [GBz-pwTyxtA],@MulliganBrothers/Are you scared of change？ - Motivational video [Feat Peter Dinklage] [GBz-pwTyxtA].txt,754
841,@MulliganBrothers,Pure Motivation ｜ Mulligan Brothers ｜ [2iu2m_Wxxnc],@MulliganBrothers/Pure Motivation ｜ Mulligan Brothers ｜ [2iu2m_Wxxnc].txt,1271
842,@MulliganBrothers,PROVE YOU CAN DO IT - Motivational video [br5eA-5EFTc],@MulliganBrothers/PROVE YOU CAN DO IT - Motivational video [br5eA-5EFTc].txt,1259
843,@MulliganBrothers,MOTIVATION - ＂PLAN B SUCKS＂ [uPGNrGfjOIE],@MulliganBrothers/MOTIVATION - ＂PLAN B SUCKS＂ [uPGNrGfjOIE].txt,351
844,@MulliganBrothers,Conor Mcgregor ＂Two weight world champion＂ MOTIVATION [Ls0xX6IXPHs],@MulliganBrothers/Conor Mcgregor ＂Two weight world champion＂ MOTIVATION [Ls0xX6IXPHs].txt,727
845,@MulliganBrothers,YOU MUST WATCH THIS - Motivational Video [NPyVSR4MEmA],@MulliganBrothers/YOU MUST WATCH THIS - Motivational Video [NPyVSR4MEmA].txt,764
846,@MulliganBrothers,NO MATTER HOW HARD IT GETS - Motivational video [M9fXOivDGU8],@MulliganBrothers/NO MATTER HOW HARD IT GETS - Motivational video [M9fXOivDGU8].txt,2170
847,@MulliganBrothers,LEAVE A LEGACY - Motivational Video [ngvERUL8uy4],@MulliganBrothers/LEAVE A LEGACY - Motivational Video [ngvERUL8uy4].txt,352
848,@MulliganBrothers,HOW TO BECOME A SUCCESSFUL ARTIST [2kpFCGoXfBo],@MulliganBrothers/HOW TO BECOME A SUCCESSFUL ARTIST [2kpFCGoXfBo].txt,542
849,@MulliganBrothers,TIME - Motivational Video [NUBuyE-EAIA],@MulliganBrothers/TIME - Motivational Video [NUBuyE-EAIA].txt,1394
850,@MulliganBrothers,MOTIVATION - CHANGE [PART 3] [G5uEh_79EDw],@MulliganBrothers/MOTIVATION - CHANGE [PART 3] [G5uEh_79EDw].txt,636
851,@MulliganBrothers,THE PATH - Motivational video [UKgrY_9mWnk],@MulliganBrothers/THE PATH - Motivational video [UKgrY_9mWnk].txt,1519
852,@MulliganBrothers,I WILL - Motivational video [iEqgsCmddKQ],@MulliganBrothers/I WILL - Motivational video [iEqgsCmddKQ].txt,979
853,@MulliganBrothers,Jim Carrey  - Motivational Speech [_ok0PXY7HhU],@MulliganBrothers/Jim Carrey  - Motivational Speech [_ok0PXY7HhU].txt,254
854,@MulliganBrothers,Lebron James make a Decision [y2LMy03uWtw],@MulliganBrothers/Lebron James make a Decision [y2LMy03uWtw].txt,342
855,@MulliganBrothers,LIFE IS A GIFT - Motivational video [b9WxCwSlVc0],@MulliganBrothers/LIFE IS A GIFT - Motivational video [b9WxCwSlVc0].txt,104
856,@MulliganBrothers,Calisthenics Highlights 2013 ｜ MulliganBrothers ｜ [8RI5J8YQHFA],@MulliganBrothers/Calisthenics Highlights 2013 ｜ MulliganBrothers ｜ [8RI5J8YQHFA].txt,338
857,@MulliganBrothers,Fail to Succeed ｜ Michael Jordan ｜ [Pscbwh9iKv0],@MulliganBrothers/Fail to Succeed ｜ Michael Jordan ｜ [Pscbwh9iKv0].txt,373
858,@MulliganBrothers,STOP WASTING TIME？ - Motivational video [z83YEbSCZhA],@MulliganBrothers/STOP WASTING TIME？ - Motivational video [z83YEbSCZhA].txt,1250
859,@MulliganBrothers,It Has To Be Done - Motivational Video [v05qoLSRDPw],@MulliganBrothers/It Has To Be Done - Motivational Video [v05qoLSRDPw].txt,807
860,@MulliganBrothers,CT Fletcher - Motivational Speech OBSESSION [dWuGqdsQCm4],@MulliganBrothers/CT Fletcher - Motivational Speech OBSESSION [dWuGqdsQCm4].txt,409
861,@MulliganBrothers,[MOTIVATION] Conor Mcgregor 'What doesn't kill you makes you stronger' [-idijgzSSA4],@MulliganBrothers/[MOTIVATION] Conor Mcgregor 'What doesn't kill you makes you stronger' [-idijgzSSA4].txt,340
862,@MulliganBrothers,MOTIVATION FOR WOMEN ＂DESTINY＂ Oprah Winfrey's - Motivational Speech [0jaMXGnDnJQ],@MulliganBrothers/MOTIVATION FOR WOMEN ＂DESTINY＂ Oprah Winfrey's - Motivational Speech [0jaMXGnDnJQ].txt,420
863,@MulliganBrothers,What Is Life - Inspirational Video [dT-A-Ede-Bc],@MulliganBrothers/What Is Life - Inspirational Video [dT-A-Ede-Bc].txt,349
864,@MulliganBrothers,Anthony Robles - No excuses - Motivational video [TBQJ_ijbbGc],@MulliganBrothers/Anthony Robles - No excuses - Motivational video [TBQJ_ijbbGc].txt,268
865,@MulliganBrothers,MOTIVATION - Enjoy the process [HucIg0s8bHQ],@MulliganBrothers/MOTIVATION - Enjoy the process [HucIg0s8bHQ].txt,311
866,@MulliganBrothers,FAITH - Stephen Curry's Motivational Speech [ukN8lr4Mbkc],@MulliganBrothers/FAITH - Stephen Curry's Motivational Speech [ukN8lr4Mbkc].txt,365
867,@MulliganBrothers,Most People Die Before Age 25 - Motivational video - ft Prince EA [jgEyJ3eVxz0],@MulliganBrothers/Most People Die Before Age 25 - Motivational video - ft Prince EA [jgEyJ3eVxz0].txt,566
868,@MulliganBrothers,The Best Ever - Motivational Video [4OOzK6_ADUg],@MulliganBrothers/The Best Ever - Motivational Video [4OOzK6_ADUg].txt,298
869,@MulliganBrothers,MOTIVATION - BUSINESS 'BE A WOLF' [mAB3Pg_J1ME],@MulliganBrothers/MOTIVATION - BUSINESS 'BE A WOLF' [mAB3Pg_J1ME].txt,396
870,@MulliganBrothers,DON'T LOSE FAITH - MOTIVATIONAL VIDEO [wGyOvWvXDuk],@MulliganBrothers/DON'T LOSE FAITH - MOTIVATIONAL VIDEO [wGyOvWvXDuk].txt,494
871,@MulliganBrothers,Motivational Video - LIMITS ft Lewis Hamilton [97uwIfbUg_U],@MulliganBrothers/Motivational Video - LIMITS ft Lewis Hamilton [97uwIfbUg_U].txt,440
872,@MulliganBrothers,LIFE - Motivational video [SHfQsq2MVGo],@MulliganBrothers/LIFE - Motivational video [SHfQsq2MVGo].txt,304
873,@MulliganBrothers,DON'T LET THEM CHANGE YOU - Motivational video [2017] [WMEdbENypqM],@MulliganBrothers/DON'T LET THEM CHANGE YOU - Motivational video [2017] [WMEdbENypqM].txt,1387
874,@MulliganBrothers,MMA - GSP [pY7IcKaksLw],@MulliganBrothers/MMA - GSP [pY7IcKaksLw].txt,264
875,@MulliganBrothers,THE GAME - Paul Pierce - Basketball Motivation [NdcG9D0hwm8],@MulliganBrothers/THE GAME - Paul Pierce - Basketball Motivation [NdcG9D0hwm8].txt,449
876,@MulliganBrothers,IGNORE HATERS - MOTIVATION [PF54jfEFhIM],@MulliganBrothers/IGNORE HATERS - MOTIVATION [PF54jfEFhIM].txt,1444
877,@MulliganBrothers,Usain Bolt - All This For 9.58 Seconds - Motivational Video [DWM3HlIw7d0],@MulliganBrothers/Usain Bolt - All This For 9.58 Seconds - Motivational Video [DWM3HlIw7d0].txt,709
878,@MulliganBrothers,Leonardo DiCaprio's UN speech [lK-vrvfsTT4],@MulliganBrothers/Leonardo DiCaprio's UN speech [lK-vrvfsTT4].txt,481
879,@RenaissancePeriodization,Getting Stronger Won't Help You Get Bigger [NWQyXN-HfDo],@RenaissancePeriodization/Getting Stronger Won't Help You Get Bigger [NWQyXN-HfDo].txt,3430
880,@RenaissancePeriodization,Get Massive Legs With This Two Exercise NATTY Leg Workout! [FAprLejFj2c],@RenaissancePeriodization/Get Massive Legs With This Two Exercise NATTY Leg Workout! [FAprLejFj2c].txt,2448
881,@RenaissancePeriodization,This Wwe Star Shatters Expectations With His Insanely Effective Chest Workout [q9WOnolJn3Q],@RenaissancePeriodization/This Wwe Star Shatters Expectations With His Insanely Effective Chest Workout [q9WOnolJn3Q].txt,2705
882,@RenaissancePeriodization,We've Checked Out Hundreds Of Your Squats- Here's How To Fix Them! [I7eR8d0cNQQ],@RenaissancePeriodization/We've Checked Out Hundreds Of Your Squats- Here's How To Fix Them! [I7eR8d0cNQQ].txt,1883
883,@RenaissancePeriodization,Exercise Scientist Critiques Jay Cutler's BRUTAL Olympia Chest Workout [Egu7JXlCT00],@RenaissancePeriodization/Exercise Scientist Critiques Jay Cutler's BRUTAL Olympia Chest Workout [Egu7JXlCT00].txt,3313
884,@RenaissancePeriodization,Can You Maximize Protein Absorption With Food Pairings？ [6_1NYDZac_o],@RenaissancePeriodization/Can You Maximize Protein Absorption With Food Pairings？ [6_1NYDZac_o].txt,2378
885,@RenaissancePeriodization,5 Things Everyone Gets Wrong About Arm Training [jT_xCFuYyS4],@RenaissancePeriodization/5 Things Everyone Gets Wrong About Arm Training [jT_xCFuYyS4].txt,2000
886,@RenaissancePeriodization,Pro Bodybuilder Attempts To Train Legs With His Wife [bg3T9xKHC4E],@RenaissancePeriodization/Pro Bodybuilder Attempts To Train Legs With His Wife [bg3T9xKHC4E].txt,2390
887,@RenaissancePeriodization,Exercise Scientist Dismantles Gary Brecka’s Absurd Health Advice [HKWOcjajPo8],@RenaissancePeriodization/Exercise Scientist Dismantles Gary Brecka’s Absurd Health Advice [HKWOcjajPo8].txt,4373
888,@RenaissancePeriodization,Exercise Scientist Critiques PewDiePie's Training [3DKPgp3tdsU],@RenaissancePeriodization/Exercise Scientist Critiques PewDiePie's Training [3DKPgp3tdsU].txt,3479
889,@RenaissancePeriodization,How To Reduce Your Injury Rate In The Gym By 10x [ixKX9LQlWjA],@RenaissancePeriodization/How To Reduce Your Injury Rate In The Gym By 10x [ixKX9LQlWjA].txt,3284
890,@RenaissancePeriodization,Exercise Scientist Critiques HIS OWN Old Training Videos [Upd8wnYB16o],@RenaissancePeriodization/Exercise Scientist Critiques HIS OWN Old Training Videos [Upd8wnYB16o].txt,3783
891,@RenaissancePeriodization,Get Bigger Legs On One Simple Machine! (ft. Marc Lobliner) [vlES1_S2NiY],@RenaissancePeriodization/Get Bigger Legs On One Simple Machine! (ft. Marc Lobliner) [vlES1_S2NiY].txt,2428
892,@RenaissancePeriodization,Is HIT Training The Best Way To Grow Muscle？ [VWQji1f7EOU],@RenaissancePeriodization/Is HIT Training The Best Way To Grow Muscle？ [VWQji1f7EOU].txt,4852
893,@RenaissancePeriodization,Exercise Scientist Critiques Lean Beef Patty's Training [TY-BB7sPkfM],@RenaissancePeriodization/Exercise Scientist Critiques Lean Beef Patty's Training [TY-BB7sPkfM].txt,4431
894,@RenaissancePeriodization,Exercise Scientist REACTS To Kyriakos Grizzly [0fEWEDq5JgY],@RenaissancePeriodization/Exercise Scientist REACTS To Kyriakos Grizzly [0fEWEDq5JgY].txt,2999
895,@RenaissancePeriodization,How to Improve Your Pull-up Strength Quickly and Easily [wXA6HdugLlo],@RenaissancePeriodization/How to Improve Your Pull-up Strength Quickly and Easily [wXA6HdugLlo].txt,4005
896,@RenaissancePeriodization,"Should You Lift Heavy For Muscle Gains, Light For Fat Loss？ [20D0EDj1RPw]","@RenaissancePeriodization/Should You Lift Heavy For Muscle Gains, Light For Fat Loss？ [20D0EDj1RPw].txt",4884
897,@RenaissancePeriodization,The World's Best Trainers ALL Make These Mistakes (Stop Making Them Yourself!) [OFDdGJ0PpM0],@RenaissancePeriodization/The World's Best Trainers ALL Make These Mistakes (Stop Making Them Yourself!) [OFDdGJ0PpM0].txt,2687
898,@RenaissancePeriodization,52 Sets Is BEST For Building Muscle (New Science) [l8c9BPtwXMs],@RenaissancePeriodization/52 Sets Is BEST For Building Muscle (New Science) [l8c9BPtwXMs].txt,6963
899,@RenaissancePeriodization,Jacked Guys MUST Know A Lot About Building Muscle [pfIevsMBe74],@RenaissancePeriodization/Jacked Guys MUST Know A Lot About Building Muscle [pfIevsMBe74].txt,3235
900,@RenaissancePeriodization,Find Out Why Walking Isn't Really Exercise In This Revealing New Video! [jscD2hhP11k],@RenaissancePeriodization/Find Out Why Walking Isn't Really Exercise In This Revealing New Video! [jscD2hhP11k].txt,701
901,@RenaissancePeriodization,Why You Should Never Do Overhead Presses For Bigger Delts! [NNk7uJcCZGg],@RenaissancePeriodization/Why You Should Never Do Overhead Presses For Bigger Delts! [NNk7uJcCZGg].txt,1863
902,@RenaissancePeriodization,Good Morning Master Class ｜ Targeting The Muscle [I9l9WRZ5SWE],@RenaissancePeriodization/Good Morning Master Class ｜ Targeting The Muscle [I9l9WRZ5SWE].txt,1283
903,@RenaissancePeriodization,Why Blindly Copying A Pro Bodybuilder Is A Terrible Idea [ak0FKN6nJxA],@RenaissancePeriodization/Why Blindly Copying A Pro Bodybuilder Is A Terrible Idea [ak0FKN6nJxA].txt,2368
904,@RenaissancePeriodization,Get Ripped Abs With These 5 Simple Training Rules [8w2nnuis7wc],@RenaissancePeriodization/Get Ripped Abs With These 5 Simple Training Rules [8w2nnuis7wc].txt,1553
905,@RenaissancePeriodization,Best Lifting Techniques To Avoid Pain And Stimulate Growth (ft RP Hypertrophy App) [hqHViW_9wjw],@RenaissancePeriodization/Best Lifting Techniques To Avoid Pain And Stimulate Growth (ft RP Hypertrophy App) [hqHViW_9wjw].txt,2346
906,@RenaissancePeriodization,Exercise Scientist Dissects Will Tennyson's Training (In Person!) [p-f29rL58B0],@RenaissancePeriodization/Exercise Scientist Dissects Will Tennyson's Training (In Person!) [p-f29rL58B0].txt,4524
907,@RenaissancePeriodization,Upper Chest Growth Beast [3n3DK9S-FUY],@RenaissancePeriodization/Upper Chest Growth Beast [3n3DK9S-FUY].txt,1397
908,@RenaissancePeriodization,My WORST Training Injuries (Learn From This!) [ErTXiqcCMJA],@RenaissancePeriodization/My WORST Training Injuries (Learn From This!) [ErTXiqcCMJA].txt,6014
909,@RenaissancePeriodization,We're All SOOOOO Impressed [CkA2TQuiwFk],@RenaissancePeriodization/We're All SOOOOO Impressed [CkA2TQuiwFk].txt,1392
910,@RenaissancePeriodization,Machines vs Free Weights： Which Is Best For Muscle Growth？ [tZtZCfVocxQ],@RenaissancePeriodization/Machines vs Free Weights： Which Is Best For Muscle Growth？ [tZtZCfVocxQ].txt,2345
911,@RenaissancePeriodization,This Evening Routine Is WAY More Important Than Morning Routines [Vv28M0q_ANc],@RenaissancePeriodization/This Evening Routine Is WAY More Important Than Morning Routines [Vv28M0q_ANc].txt,7607
912,@RenaissancePeriodization,"The Truth About ＂Calories In, Calories Out＂ [ZkxWbvPJK1M]","@RenaissancePeriodization/The Truth About ＂Calories In, Calories Out＂ [ZkxWbvPJK1M].txt",1616
913,@RenaissancePeriodization,Exercise Scientist Examines The Tren Twins Steroid Advice [WyHoNZJj23I],@RenaissancePeriodization/Exercise Scientist Examines The Tren Twins Steroid Advice [WyHoNZJj23I].txt,2631
914,@RenaissancePeriodization,How To Create The Optimal Caloric Deficit For Fat Loss [_TKn1oQT5hI],@RenaissancePeriodization/How To Create The Optimal Caloric Deficit For Fat Loss [_TKn1oQT5hI].txt,2589
915,@RenaissancePeriodization,The Worst Shoulder Exercises People Still Do (And What to Do Instead) [RtRWO8vrZZA],@RenaissancePeriodization/The Worst Shoulder Exercises People Still Do (And What to Do Instead) [RtRWO8vrZZA].txt,2788
916,@RenaissancePeriodization,Shocking The Muscle For Better Gains...Literally [F29RatUMHKo],@RenaissancePeriodization/Shocking The Muscle For Better Gains...Literally [F29RatUMHKo].txt,2378
917,@RenaissancePeriodization,Struggling to Gain Muscle as a Natty？ Ask the Expert (ft Jeremy Ethier) [vawuA8-CLWw],@RenaissancePeriodization/Struggling to Gain Muscle as a Natty？ Ask the Expert (ft Jeremy Ethier) [vawuA8-CLWw].txt,5338
918,@RenaissancePeriodization,The Absolute Worst Exercises People Do (And What to Do Instead) [7Rl7yC1npiM],@RenaissancePeriodization/The Absolute Worst Exercises People Do (And What to Do Instead) [7Rl7yC1npiM].txt,1881
919,@RenaissancePeriodization,Exercise Scientist Reacts To The Most BRUTAL Gym Fails [sTLIYS0EfmQ],@RenaissancePeriodization/Exercise Scientist Reacts To The Most BRUTAL Gym Fails [sTLIYS0EfmQ].txt,4094
920,@RenaissancePeriodization,＂Gotta keep the traps out of side delt training bro＂ [XPNx4DcG3lw],@RenaissancePeriodization/＂Gotta keep the traps out of side delt training bro＂ [XPNx4DcG3lw].txt,2233
921,@RenaissancePeriodization,＂You MUST Train To Failure To Grow Muscle Bro＂ [-WCK3FnSzD4],@RenaissancePeriodization/＂You MUST Train To Failure To Grow Muscle Bro＂ [-WCK3FnSzD4].txt,2541
922,@RenaissancePeriodization,How To Use SUPERSETS To Maximize Growth [KqlQrt2VFQc],@RenaissancePeriodization/How To Use SUPERSETS To Maximize Growth [KqlQrt2VFQc].txt,2296
923,@RenaissancePeriodization,This Could Replace Steroids… Forever [9-MUfUiA808],@RenaissancePeriodization/This Could Replace Steroids… Forever [9-MUfUiA808].txt,5719
924,@RenaissancePeriodization,Exercise Scientist Critiques Bradley Cooper's Training For American Sniper [s1n_jZOUJEQ],@RenaissancePeriodization/Exercise Scientist Critiques Bradley Cooper's Training For American Sniper [s1n_jZOUJEQ].txt,1504
925,@RenaissancePeriodization,Partial Reps Are THE BEST For Muscle Growth [c90y7RQo_lQ],@RenaissancePeriodization/Partial Reps Are THE BEST For Muscle Growth [c90y7RQo_lQ].txt,1450
926,@RenaissancePeriodization,Heavy Singles- Good For Muscle Growth？ [GYShdl-BeNs],@RenaissancePeriodization/Heavy Singles- Good For Muscle Growth？ [GYShdl-BeNs].txt,2442
927,@RenaissancePeriodization,Tristyn Lee And Jonni Shreve Attempt The MOST BRUTAL Leg Day [yA-xiIv_LMM],@RenaissancePeriodization/Tristyn Lee And Jonni Shreve Attempt The MOST BRUTAL Leg Day [yA-xiIv_LMM].txt,2777
928,@RenaissancePeriodization,Do You REALLY Need Rest Days？ [1cZbv9Eyd4c],@RenaissancePeriodization/Do You REALLY Need Rest Days？ [1cZbv9Eyd4c].txt,5914
929,@RenaissancePeriodization,"How Bad Is the Protein Powder Lead Problem, Really？ [aDEjrRT82nE]","@RenaissancePeriodization/How Bad Is the Protein Powder Lead Problem, Really？ [aDEjrRT82nE].txt",3070
930,@RenaissancePeriodization,My Home Gym Tour - See My Insane Workout Setup! [44sbAn7jkoo],@RenaissancePeriodization/My Home Gym Tour - See My Insane Workout Setup! [44sbAn7jkoo].txt,3917
931,@RenaissancePeriodization,The Worst Advice I've Ever Followed [6bVTWPf-NJg],@RenaissancePeriodization/The Worst Advice I've Ever Followed [6bVTWPf-NJg].txt,3574
932,@RenaissancePeriodization,Is Stevia Worse Than The Other Sweeteners？ [6LbGflwk3gQ],@RenaissancePeriodization/Is Stevia Worse Than The Other Sweeteners？ [6LbGflwk3gQ].txt,833
933,@RenaissancePeriodization,ADVANCED Tips to Increase Your Bench Press [XRQO7EucVIg],@RenaissancePeriodization/ADVANCED Tips to Increase Your Bench Press [XRQO7EucVIg].txt,2402
934,@RenaissancePeriodization,Shirtless Selfies Are Harmful!？ [HWLescQx6qM],@RenaissancePeriodization/Shirtless Selfies Are Harmful!？ [HWLescQx6qM].txt,5500
935,@RenaissancePeriodization,Can Mini Bulking Help You Build More Muscle？ [MLnObnifIko],@RenaissancePeriodization/Can Mini Bulking Help You Build More Muscle？ [MLnObnifIko].txt,3963
936,@RenaissancePeriodization,Exercise Scientist Critiques EXTREEME Strongman Diets (Unsafe？) [0jP-p1ouCwo],@RenaissancePeriodization/Exercise Scientist Critiques EXTREEME Strongman Diets (Unsafe？) [0jP-p1ouCwo].txt,4094
937,@RenaissancePeriodization,Exercise Scientist Critiques Sam Sulek's Workouts [kLPH8HKdnNg],@RenaissancePeriodization/Exercise Scientist Critiques Sam Sulek's Workouts [kLPH8HKdnNg].txt,3729
938,@RenaissancePeriodization,Artificial Sweeteners Make You Gain Weight？ [1WYbJZHucuM],@RenaissancePeriodization/Artificial Sweeteners Make You Gain Weight？ [1WYbJZHucuM].txt,1763
939,@RenaissancePeriodization,How Get The Most Muscle Growth From Dropsets [51TKExRtxZM],@RenaissancePeriodization/How Get The Most Muscle Growth From Dropsets [51TKExRtxZM].txt,1742
940,@RenaissancePeriodization,Is Inflammation GOOD For Muscle Gains？ DOMS Explained [4LI7QC6D2Ng],@RenaissancePeriodization/Is Inflammation GOOD For Muscle Gains？ DOMS Explained [4LI7QC6D2Ng].txt,1826
941,@RenaissancePeriodization,Exercise Scientist vs Navy SEAL： Does Their Training Work？ [60vVC-L-KBY],@RenaissancePeriodization/Exercise Scientist vs Navy SEAL： Does Their Training Work？ [60vVC-L-KBY].txt,3595
942,@RenaissancePeriodization,Can A Carnivore Bodybuilder Handle A Hardcore Arm Workout？ w Tristyn Lee [bxH_SWFXzyE],@RenaissancePeriodization/Can A Carnivore Bodybuilder Handle A Hardcore Arm Workout？ w Tristyn Lee [bxH_SWFXzyE].txt,2357
943,@RenaissancePeriodization,Train HEAVY To Look More DENSE？？ [s5iM1BS7waI],@RenaissancePeriodization/Train HEAVY To Look More DENSE？？ [s5iM1BS7waI].txt,1578
944,@RenaissancePeriodization,Back Training With The Leanest Natural Pro Bodybuilder Alive [pO9vlub_CBg],@RenaissancePeriodization/Back Training With The Leanest Natural Pro Bodybuilder Alive [pO9vlub_CBg].txt,2724
945,@RenaissancePeriodization,Barbell Only Complete Delt Workout [Gkk2tsBHWx0],@RenaissancePeriodization/Barbell Only Complete Delt Workout [Gkk2tsBHWx0].txt,2193
946,@RenaissancePeriodization,"One Top Set, One Drop Set- Good Training？ [R4yfkwBphOs]","@RenaissancePeriodization/One Top Set, One Drop Set- Good Training？ [R4yfkwBphOs].txt",3140
947,@RenaissancePeriodization,Skinnyfat To Ripped： How To Decide If You Should Cut Or Bulk [cKZwY2_n1uQ],@RenaissancePeriodization/Skinnyfat To Ripped： How To Decide If You Should Cut Or Bulk [cKZwY2_n1uQ].txt,2556
948,@RenaissancePeriodization,Exercise Scientist Destroys The Rock's Training [_42d7MslMAc],@RenaissancePeriodization/Exercise Scientist Destroys The Rock's Training [_42d7MslMAc].txt,3677
949,@RenaissancePeriodization,Get A HUGE Back With This Simple Squat Rack Only Full Back Workout! [12qx3j3ewzY],@RenaissancePeriodization/Get A HUGE Back With This Simple Squat Rack Only Full Back Workout! [12qx3j3ewzY].txt,2645
950,@RenaissancePeriodization,Everyday Drugs That Can Steal Muscle Gains [qcTEB71RyBI],@RenaissancePeriodization/Everyday Drugs That Can Steal Muscle Gains [qcTEB71RyBI].txt,5889
951,@RenaissancePeriodization,Get Huge Without The Gym： Workout And Grow Muscle With No Equipment [7qXn1QGJjIE],@RenaissancePeriodization/Get Huge Without The Gym： Workout And Grow Muscle With No Equipment [7qXn1QGJjIE].txt,3040
952,@RenaissancePeriodization,Are Artificial Sugars Messing With Your Insulin Response？ [gQ4fYBXMTdc],@RenaissancePeriodization/Are Artificial Sugars Messing With Your Insulin Response？ [gQ4fYBXMTdc].txt,1179
953,@RenaissancePeriodization,How To Design An Amazing Muscle Growth Training Split (ft. RP Hypertrophy App) [KCqJPPxMuM0],@RenaissancePeriodization/How To Design An Amazing Muscle Growth Training Split (ft. RP Hypertrophy App) [KCqJPPxMuM0].txt,3673
954,@RenaissancePeriodization,The New Blueprint for Massive Arms (Full Program Included!) [YnhB47vs8Cc],@RenaissancePeriodization/The New Blueprint for Massive Arms (Full Program Included!) [YnhB47vs8Cc].txt,7553
955,@RenaissancePeriodization,This Is Why Your Training MUST Get Harder Every Week! [KNzfGnbEXfA],@RenaissancePeriodization/This Is Why Your Training MUST Get Harder Every Week! [KNzfGnbEXfA].txt,4193
956,@RenaissancePeriodization,Exercise Scientist Critiques UNREAL STRENGTH MONSTER [pLqvy5VecZw],@RenaissancePeriodization/Exercise Scientist Critiques UNREAL STRENGTH MONSTER [pLqvy5VecZw].txt,3479
957,@RenaissancePeriodization,Thor Tries Bodybuilding [mRXQuIKL9Dc],@RenaissancePeriodization/Thor Tries Bodybuilding [mRXQuIKL9Dc].txt,3203
958,@RenaissancePeriodization,Exercise Scientist Breaks Down Michael B. Jordan's Shocking Workout [A-B6lul05aQ],@RenaissancePeriodization/Exercise Scientist Breaks Down Michael B. Jordan's Shocking Workout [A-B6lul05aQ].txt,1820
959,@RenaissancePeriodization,The Fool-Proof Way To Lose Fat And Get Shredded [qB74X92vCac],@RenaissancePeriodization/The Fool-Proof Way To Lose Fat And Get Shredded [qB74X92vCac].txt,9676
960,@RenaissancePeriodization,Only Train In ＂Active Range Of Motion＂ For Best Muscle Growth [ZWQD3hcjP2s],@RenaissancePeriodization/Only Train In ＂Active Range Of Motion＂ For Best Muscle Growth [ZWQD3hcjP2s].txt,2863
961,@RenaissancePeriodization,Exercise Scientist Responds： Sam Sulek Slams ＂Science-Based＂ Lifting [iBybbU4PRsE],@RenaissancePeriodization/Exercise Scientist Responds： Sam Sulek Slams ＂Science-Based＂ Lifting [iBybbU4PRsE].txt,4817
962,@RenaissancePeriodization,Exercise Scientist Destroys The WORST of TikTok Fitness [eK8-R_maIH4],@RenaissancePeriodization/Exercise Scientist Destroys The WORST of TikTok Fitness [eK8-R_maIH4].txt,3584
963,@RenaissancePeriodization,How to Cut Water Weight The Right Way (advice from a 1000 lbs Squatter) [jn9g_zR935I],@RenaissancePeriodization/How to Cut Water Weight The Right Way (advice from a 1000 lbs Squatter) [jn9g_zR935I].txt,6469
964,@RenaissancePeriodization,We Force Atlantis CEO To Use His Equipment The Right Way [YyyjK3hiAo4],@RenaissancePeriodization/We Force Atlantis CEO To Use His Equipment The Right Way [YyyjK3hiAo4].txt,2108
965,@RenaissancePeriodization,The Most Effective Full Body Workout You Can Do Without A Gym [BKTtJk9-3x0],@RenaissancePeriodization/The Most Effective Full Body Workout You Can Do Without A Gym [BKTtJk9-3x0].txt,1970
966,@RenaissancePeriodization,How To Get Bigger Calves： The Best Training Program And Techniques [u3bQko7t4c4],@RenaissancePeriodization/How To Get Bigger Calves： The Best Training Program And Techniques [u3bQko7t4c4].txt,5405
967,@RenaissancePeriodization,Weight Training Is Bad For Weight Loss？ [phHV2L1htPQ],@RenaissancePeriodization/Weight Training Is Bad For Weight Loss？ [phHV2L1htPQ].txt,771
968,@RenaissancePeriodization,＂Gotta do leg extensions to warm up for quad training bro＂ [p8h4zPtdUv0],@RenaissancePeriodization/＂Gotta do leg extensions to warm up for quad training bro＂ [p8h4zPtdUv0].txt,1539
969,@RenaissancePeriodization,Can We Build His Legs Enough For A Pro Card？ (Quad Emphasis Training Program) [ZdbYojSLcJQ],@RenaissancePeriodization/Can We Build His Legs Enough For A Pro Card？ (Quad Emphasis Training Program) [ZdbYojSLcJQ].txt,1765
970,@RenaissancePeriodization,How Little Can You Train And Still Grow Muscle？ [O7cHeHW-puk],@RenaissancePeriodization/How Little Can You Train And Still Grow Muscle？ [O7cHeHW-puk].txt,3862
971,@RenaissancePeriodization,Get Shredded With The 5 Rules Of Fat Burning Cardio! [VNgfAzTO3xU],@RenaissancePeriodization/Get Shredded With The 5 Rules Of Fat Burning Cardio! [VNgfAzTO3xU].txt,1668
972,@RenaissancePeriodization,The Best Forgotten Exercises From the '80s [6gbXysgUJgs],@RenaissancePeriodization/The Best Forgotten Exercises From the '80s [6gbXysgUJgs].txt,2269
973,@RenaissancePeriodization,STOP Messing This Up! The MOST GAINS Come From The Basics [ooWTrYDPRLw],@RenaissancePeriodization/STOP Messing This Up! The MOST GAINS Come From The Basics [ooWTrYDPRLw].txt,1232
974,@RenaissancePeriodization,This Pill Grows POUNDS of Muscle (But Is There A Catch？) [Xi77xSdVmic],@RenaissancePeriodization/This Pill Grows POUNDS of Muscle (But Is There A Catch？) [Xi77xSdVmic].txt,7530
975,@RenaissancePeriodization,EZ Bar Curl For Growth ｜ Targeting The Muscle [tJIFTI9wZOw],@RenaissancePeriodization/EZ Bar Curl For Growth ｜ Targeting The Muscle [tJIFTI9wZOw].txt,2036
976,@RenaissancePeriodization,Every Type of Pull Up For Muscle Growth [sSHpdH-jeU8],@RenaissancePeriodization/Every Type of Pull Up For Muscle Growth [sSHpdH-jeU8].txt,5482
977,@RenaissancePeriodization,"Inside Look： How Dr. Mike Trains Back, with SCIENCE! [4tW-s-9sL-0]","@RenaissancePeriodization/Inside Look： How Dr. Mike Trains Back, with SCIENCE! [4tW-s-9sL-0].txt",3109
978,@RenaissancePeriodization,Exercise Scientist Critiques The HEAVIEST LIFTS EVER [ncdBIUcY_rg],@RenaissancePeriodization/Exercise Scientist Critiques The HEAVIEST LIFTS EVER [ncdBIUcY_rg].txt,3383
979,@RenaissancePeriodization,PRs At All Costs？？？ [FGZ-jqbgBDY],@RenaissancePeriodization/PRs At All Costs？？？ [FGZ-jqbgBDY].txt,655
980,@RenaissancePeriodization,Select The Best Exercises For Your Muscle Growth Program (ft. RP Hypertrophy App) [2MziJoXw9z4],@RenaissancePeriodization/Select The Best Exercises For Your Muscle Growth Program (ft. RP Hypertrophy App) [2MziJoXw9z4].txt,2695
981,@RenaissancePeriodization,You Gotta Train Ultra Hard To Grow Bro...RIR Is Stupid [sh6rUfBXe2E],@RenaissancePeriodization/You Gotta Train Ultra Hard To Grow Bro...RIR Is Stupid [sh6rUfBXe2E].txt,3831
982,@RenaissancePeriodization,What You NEED To Know About Training To Failure [3Wty0YHf8v4],@RenaissancePeriodization/What You NEED To Know About Training To Failure [3Wty0YHf8v4].txt,1278
983,@RenaissancePeriodization,Bodybuilding Is Under Attack [EVJDzKZFRzU],@RenaissancePeriodization/Bodybuilding Is Under Attack [EVJDzKZFRzU].txt,4016
984,@RenaissancePeriodization,Unveiling The Surprising Effects Of Alcohol On Your Muscle Gains! [Pn8JT9Tp6Nc],@RenaissancePeriodization/Unveiling The Surprising Effects Of Alcohol On Your Muscle Gains! [Pn8JT9Tp6Nc].txt,3510
985,@RenaissancePeriodization,The Fake Certainty of Nutrition Science [JMDDtdNmuuI],@RenaissancePeriodization/The Fake Certainty of Nutrition Science [JMDDtdNmuuI].txt,8224
986,@RenaissancePeriodization,How Much Weight Should You Be Lifting For Each Exercise？ (ft RP Hypertrophy App) [QBXeCDNqL8E],@RenaissancePeriodization/How Much Weight Should You Be Lifting For Each Exercise？ (ft RP Hypertrophy App) [QBXeCDNqL8E].txt,2601
987,@RenaissancePeriodization,Are You Warming Up Like This？ [AiGK8kQ57H8],@RenaissancePeriodization/Are You Warming Up Like This？ [AiGK8kQ57H8].txt,1708
988,@RenaissancePeriodization,Will Cutting Sugar Actually Transform Your Body!？ [FfhEAVLBWiM],@RenaissancePeriodization/Will Cutting Sugar Actually Transform Your Body!？ [FfhEAVLBWiM].txt,4391
989,@RenaissancePeriodization,2022 Olympia Predictions [NCHE-SK50Wo],@RenaissancePeriodization/2022 Olympia Predictions [NCHE-SK50Wo].txt,2551
990,@RenaissancePeriodization,How to Do SKULLCRUSHERS for BIG Triceps ｜ Targeting The Muscle Series [8t2a93BjDec],@RenaissancePeriodization/How to Do SKULLCRUSHERS for BIG Triceps ｜ Targeting The Muscle Series [8t2a93BjDec].txt,2501
991,@RenaissancePeriodization,The Only Guide You Need For Cheat Meals! [S1DpnskOXAM],@RenaissancePeriodization/The Only Guide You Need For Cheat Meals! [S1DpnskOXAM].txt,3360
992,@RenaissancePeriodization,Do You REALLY Need To Track Sleep For Best Results At The Gym？ [FklhOhdxaU8],@RenaissancePeriodization/Do You REALLY Need To Track Sleep For Best Results At The Gym？ [FklhOhdxaU8].txt,2029
993,@RenaissancePeriodization,Complete Back Development Workout [E81VwgxD45c],@RenaissancePeriodization/Complete Back Development Workout [E81VwgxD45c].txt,3458
994,@RenaissancePeriodization,How To Get On Track For Fat Loss and Muscle Gain [9qUpUVw_zaU],@RenaissancePeriodization/How To Get On Track For Fat Loss and Muscle Gain [9qUpUVw_zaU].txt,4572
995,@RenaissancePeriodization,Exercise Scientist Critiques Fitness Influencer Diets [2ybnX-CVoKs],@RenaissancePeriodization/Exercise Scientist Critiques Fitness Influencer Diets [2ybnX-CVoKs].txt,3997
996,@RenaissancePeriodization,20 Minute Arm Antagonist Superset Workout [f4UaOxL2XIM],@RenaissancePeriodization/20 Minute Arm Antagonist Superset Workout [f4UaOxL2XIM].txt,1806
997,@RenaissancePeriodization,Sleep Is The Best Muscle Building ＂Drug＂？ [1xeSCokUsSI],@RenaissancePeriodization/Sleep Is The Best Muscle Building ＂Drug＂？ [1xeSCokUsSI].txt,1003
998,@RenaissancePeriodization,Exercise Scientist Critiques WORLD'S STRONGEST MAN Tom Stoltman’s Training [0a-Htkz5NYQ],@RenaissancePeriodization/Exercise Scientist Critiques WORLD'S STRONGEST MAN Tom Stoltman’s Training [0a-Htkz5NYQ].txt,4026
999,@RenaissancePeriodization,We Ruined Our Friendship With Jeff Nippard [2-0MbuI567o],@RenaissancePeriodization/We Ruined Our Friendship With Jeff Nippard [2-0MbuI567o].txt,2333
1000,@RenaissancePeriodization,Get Six-pack Abs At Home With The Best Single Ab Exercise! [9V7h1RCsI6E],@RenaissancePeriodization/Get Six-pack Abs At Home With The Best Single Ab Exercise! [9V7h1RCsI6E].txt,1008
1001,@RenaissancePeriodization,Never Use Straps Again： Best Tool For Back Growth [10gP3nfpr2g],@RenaissancePeriodization/Never Use Straps Again： Best Tool For Back Growth [10gP3nfpr2g].txt,2423
1002,@RenaissancePeriodization,Exercise Scientist Baffled By Brie Larson's Captain Marvel Workout [ywRmNYrep8k],@RenaissancePeriodization/Exercise Scientist Baffled By Brie Larson's Captain Marvel Workout [ywRmNYrep8k].txt,2525
1003,@RenaissancePeriodization,Exercise Scientist Critiques Tom Brady's NFL Workout [YQ1bFxKjzJ0],@RenaissancePeriodization/Exercise Scientist Critiques Tom Brady's NFL Workout [YQ1bFxKjzJ0].txt,3645
1004,@RenaissancePeriodization,What's The Best Way To Get 6 Pack Abs？ [WorfHjYpSmU],@RenaissancePeriodization/What's The Best Way To Get 6 Pack Abs？ [WorfHjYpSmU].txt,3943
1005,@RenaissancePeriodization,Are Seed Oils Bad For Your Health？ [PyIqMvlbtfA],@RenaissancePeriodization/Are Seed Oils Bad For Your Health？ [PyIqMvlbtfA].txt,983
1006,@RenaissancePeriodization,5 Tips For Growing Bigger Quads Quickly! [vdHYj7iwNRE],@RenaissancePeriodization/5 Tips For Growing Bigger Quads Quickly! [vdHYj7iwNRE].txt,1247
1007,@RenaissancePeriodization,Exercise Scientist Critiques The STRONGEST BENCH PRESSER EVER [AqxlTElnSL0],@RenaissancePeriodization/Exercise Scientist Critiques The STRONGEST BENCH PRESSER EVER [AqxlTElnSL0].txt,4276
1008,@RenaissancePeriodization,Asking The Most Awkward Questions At The Olympia 2023 [uK7pBPcfuHU],@RenaissancePeriodization/Asking The Most Awkward Questions At The Olympia 2023 [uK7pBPcfuHU].txt,939
1009,@RenaissancePeriodization,Why Tracking Your Rest Times Between Sets Is A Terrible Idea [RKl_HvaAuEI],@RenaissancePeriodization/Why Tracking Your Rest Times Between Sets Is A Terrible Idea [RKl_HvaAuEI].txt,4474
1010,@RenaissancePeriodization,16 Set Biceps and Triceps Massacre- Try It! [t_yvamP9pdI],@RenaissancePeriodization/16 Set Biceps and Triceps Massacre- Try It! [t_yvamP9pdI].txt,3264
1011,@RenaissancePeriodization,Is High Fructose Corn Syrup That Bad For You？ [_9Rl4cl2LVw],@RenaissancePeriodization/Is High Fructose Corn Syrup That Bad For You？ [_9Rl4cl2LVw].txt,3570
1012,@RenaissancePeriodization,Barbell Only Bicep and Delt Workout (with natural pro) [gfANqsdaAF0],@RenaissancePeriodization/Barbell Only Bicep and Delt Workout (with natural pro) [gfANqsdaAF0].txt,2353
1013,@RenaissancePeriodization,Vertical Emphasis Back Day With Dr. Mike and Jared Feather IFBB PRO [lclyZKssug4],@RenaissancePeriodization/Vertical Emphasis Back Day With Dr. Mike and Jared Feather IFBB PRO [lclyZKssug4].txt,2407
1014,@RenaissancePeriodization,Cutting His Chest Volume IN HALF For A Better Workout [9Dsm4PzkQpQ],@RenaissancePeriodization/Cutting His Chest Volume IN HALF For A Better Workout [9Dsm4PzkQpQ].txt,2620
1015,@RenaissancePeriodization,Finished Your Program？ Here's What's Next! [S7Hs_8UcRkw],@RenaissancePeriodization/Finished Your Program？ Here's What's Next! [S7Hs_8UcRkw].txt,2141
1016,@RenaissancePeriodization,This Gym Equipment Will Blow Your Mind! [wERcmoOtZ8o],@RenaissancePeriodization/This Gym Equipment Will Blow Your Mind! [wERcmoOtZ8o].txt,2340
1017,@RenaissancePeriodization,5 Killer Delt Movements (From a Pro Bodybuilder) [ykyv2gScPgI],@RenaissancePeriodization/5 Killer Delt Movements (From a Pro Bodybuilder) [ykyv2gScPgI].txt,3756
1018,@RenaissancePeriodization,Feeder Workouts： The Secret To Huge Muscle Growth？ [4M7MT5NqZZU],@RenaissancePeriodization/Feeder Workouts： The Secret To Huge Muscle Growth？ [4M7MT5NqZZU].txt,4491
1019,@RenaissancePeriodization,Scientifically-Proven Push Workout To Build Muscle! with Jeff Nippard [unpNp3Wi2Gk],@RenaissancePeriodization/Scientifically-Proven Push Workout To Build Muscle! with Jeff Nippard [unpNp3Wi2Gk].txt,2318
1020,@RenaissancePeriodization,Did I Make a Mistake？ [3Vj752bts2A],@RenaissancePeriodization/Did I Make a Mistake？ [3Vj752bts2A].txt,4462
1021,@RenaissancePeriodization,Are Protein Bars Actually Healthy？ [1nsDlMyXyZQ],@RenaissancePeriodization/Are Protein Bars Actually Healthy？ [1nsDlMyXyZQ].txt,3309
1022,@RenaissancePeriodization,How To Squat Like A Boss： Advanced Tips For Increasing Your Squat Strength [tuso8rptn14],@RenaissancePeriodization/How To Squat Like A Boss： Advanced Tips For Increasing Your Squat Strength [tuso8rptn14].txt,3753
1023,@RenaissancePeriodization,master_transcript1,@RenaissancePeriodization/master_transcript1.txt,1169253
1024,@RenaissancePeriodization,Did We LIE？ (Defending Our Most Hated Exercises) [61P50SRZlVA],@RenaissancePeriodization/Did We LIE？ (Defending Our Most Hated Exercises) [61P50SRZlVA].txt,2857
1025,@RenaissancePeriodization,Can A Bodybuilder COOK BETTER Than A Kid？ [VaqHhc1vhAc],@RenaissancePeriodization/Can A Bodybuilder COOK BETTER Than A Kid？ [VaqHhc1vhAc].txt,1475
1026,@RenaissancePeriodization,The Scam Supplement That Made Millions (Turkesterone) [aO3YexGG9Bk],@RenaissancePeriodization/The Scam Supplement That Made Millions (Turkesterone) [aO3YexGG9Bk].txt,3770
1027,@RenaissancePeriodization,Eating Tasty Food Will RUIN Your Diet And Physique？ [WgI6jSGvFEY],@RenaissancePeriodization/Eating Tasty Food Will RUIN Your Diet And Physique？ [WgI6jSGvFEY].txt,1413
1028,@RenaissancePeriodization,Just Counting Calories Won’t Get You Shredded [zQkIl9nc2Qs],@RenaissancePeriodization/Just Counting Calories Won’t Get You Shredded [zQkIl9nc2Qs].txt,3072
1029,@RenaissancePeriodization,Exercise Scientist Critiques The BEST PHYSIQUE OF ALL TIME？ [oUfffvs6rnE],@RenaissancePeriodization/Exercise Scientist Critiques The BEST PHYSIQUE OF ALL TIME？ [oUfffvs6rnE].txt,3691
1030,@RenaissancePeriodization,Kumail Nanjiani's Hollywood Workout： Exercise Scientist's Critique [qppUHrhE15Y],@RenaissancePeriodization/Kumail Nanjiani's Hollywood Workout： Exercise Scientist's Critique [qppUHrhE15Y].txt,1730
1031,@RenaissancePeriodization,＂The Smith Machine Is A Waste Of Time Bro＂ [RyhOCZMyyLI],@RenaissancePeriodization/＂The Smith Machine Is A Waste Of Time Bro＂ [RyhOCZMyyLI].txt,1419
1032,@RenaissancePeriodization,Does Not Getting Sore Mean You're Not Growing Muscle？ [CAh0GzVKjo4],@RenaissancePeriodization/Does Not Getting Sore Mean You're Not Growing Muscle？ [CAh0GzVKjo4].txt,1529
1033,@RenaissancePeriodization,Use These Training Techniques For BEST GROWTH (ft RP Hypertrophy App) [XX1GD3sA1_c],@RenaissancePeriodization/Use These Training Techniques For BEST GROWTH (ft RP Hypertrophy App) [XX1GD3sA1_c].txt,5177
1034,@RenaissancePeriodization,Fixing Tristyn Lee's ＂Terrible＂ Chest With This Scientific Workout! [0a7VN48qBSQ],@RenaissancePeriodization/Fixing Tristyn Lee's ＂Terrible＂ Chest With This Scientific Workout! [0a7VN48qBSQ].txt,2491
1035,@RenaissancePeriodization,Grow Your Glutes With These Science-based Exercises (no Hip Thrusts Required) [_gakDkB24WI],@RenaissancePeriodization/Grow Your Glutes With These Science-based Exercises (no Hip Thrusts Required) [_gakDkB24WI].txt,2255
1036,@RenaissancePeriodization,The 5 Most Dangerous Machines in the Gym [gRPNk1t717g],@RenaissancePeriodization/The 5 Most Dangerous Machines in the Gym [gRPNk1t717g].txt,5470
1037,@RenaissancePeriodization,The Most Important Technique For Muscle Growth [oFVmj51sD70],@RenaissancePeriodization/The Most Important Technique For Muscle Growth [oFVmj51sD70].txt,3981
1038,@RenaissancePeriodization,Build Insanely Huge Arms With These Unique Training Techniques [fqy-nbWSITM],@RenaissancePeriodization/Build Insanely Huge Arms With These Unique Training Techniques [fqy-nbWSITM].txt,2329
1039,@RenaissancePeriodization,The Most Important Muscles To Train To Look Bigger [8t_BkXF3XBc],@RenaissancePeriodization/The Most Important Muscles To Train To Look Bigger [8t_BkXF3XBc].txt,4273
1040,@RenaissancePeriodization,Champion Strongman Tries BRUTAL High Volume Bodybuilding Workout [kzNs6CLG3XA],@RenaissancePeriodization/Champion Strongman Tries BRUTAL High Volume Bodybuilding Workout [kzNs6CLG3XA].txt,3105
1041,@RenaissancePeriodization,"Build Chest, Shoulders & Triceps with This Brutal High Volume Workout [rw6B7NmGe6U]","@RenaissancePeriodization/Build Chest, Shoulders & Triceps with This Brutal High Volume Workout [rw6B7NmGe6U].txt",2681
1042,@RenaissancePeriodization,The Smith Machine： It's Not As Bad As You Think! [OOmtbQjmmro],@RenaissancePeriodization/The Smith Machine： It's Not As Bad As You Think! [OOmtbQjmmro].txt,1154
1043,@RenaissancePeriodization,The 8 Biggest Muscle Building Mistakes [U384dnCC2Nk],@RenaissancePeriodization/The 8 Biggest Muscle Building Mistakes [U384dnCC2Nk].txt,5390
1044,@RenaissancePeriodization,Marine Challenged Us! [qo3QxOvKeaE],@RenaissancePeriodization/Marine Challenged Us! [qo3QxOvKeaE].txt,2498
1045,@RenaissancePeriodization,Simple is Better [3lQWc7oRLb0],@RenaissancePeriodization/Simple is Better [3lQWc7oRLb0].txt,762
1046,@RenaissancePeriodization,The Cambered Bar Will Change Your Chest Training [a4muTr5ZV9Y],@RenaissancePeriodization/The Cambered Bar Will Change Your Chest Training [a4muTr5ZV9Y].txt,1567
1047,@RenaissancePeriodization,We Make A 475lb Bench Presser Suffer With 50lb Dumbbells [JmndmFQydhk],@RenaissancePeriodization/We Make A 475lb Bench Presser Suffer With 50lb Dumbbells [JmndmFQydhk].txt,3887
1048,@RenaissancePeriodization,Simple Tips to Increase Your Bench Press IMMEDIATELY [d5caBG51H0s],@RenaissancePeriodization/Simple Tips to Increase Your Bench Press IMMEDIATELY [d5caBG51H0s].txt,3337
1049,@RenaissancePeriodization,3 Exercise Scientists Share Their Ultimate Science-based Back Workout. [EBHySTucELA],@RenaissancePeriodization/3 Exercise Scientists Share Their Ultimate Science-based Back Workout. [EBHySTucELA].txt,3297
1050,@RenaissancePeriodization,Need More Growth？ Myorep Match Is The Solution! [KIJ77QTsvlo],@RenaissancePeriodization/Need More Growth？ Myorep Match Is The Solution! [KIJ77QTsvlo].txt,3475
1051,@RenaissancePeriodization,The ＂Safest＂ Way to Use Steroids ｜ Joe Jeffery [R-RYJNxt-dE],@RenaissancePeriodization/The ＂Safest＂ Way to Use Steroids ｜ Joe Jeffery [R-RYJNxt-dE].txt,20021
1052,@RenaissancePeriodization,GET MORE RESULTS： Dumbbell Press Master Class [f0hOKO_eD-Q],@RenaissancePeriodization/GET MORE RESULTS： Dumbbell Press Master Class [f0hOKO_eD-Q].txt,2408
1053,@RenaissancePeriodization,The Strength vs Size Training Mistakes Everyone Makes [LD47bsiyQPM],@RenaissancePeriodization/The Strength vs Size Training Mistakes Everyone Makes [LD47bsiyQPM].txt,5653
1054,@RenaissancePeriodization,Get Bigger Quads With This Science-Based Program! [lUGgXv-V9B4],@RenaissancePeriodization/Get Bigger Quads With This Science-Based Program! [lUGgXv-V9B4].txt,6889
1055,@RenaissancePeriodization,How Safe Is Pre Workout!？  (What Science Says) [71M1HK2smzQ],@RenaissancePeriodization/How Safe Is Pre Workout!？  (What Science Says) [71M1HK2smzQ].txt,3594
1056,@RenaissancePeriodization,How Hard Should You Be Training Legs For ELITE Growth？ [zQCzgSBTP1I],@RenaissancePeriodization/How Hard Should You Be Training Legs For ELITE Growth？ [zQCzgSBTP1I].txt,2592
1057,@RenaissancePeriodization,In A Rush？ Try This Time Saving Full Upper Body Workout! [y_fIuZaI3QY],@RenaissancePeriodization/In A Rush？ Try This Time Saving Full Upper Body Workout! [y_fIuZaI3QY].txt,2776
1058,@RenaissancePeriodization,How To Add More Reps To Your Pushups FOR SURE [3-yAymzidmE],@RenaissancePeriodization/How To Add More Reps To Your Pushups FOR SURE [3-yAymzidmE].txt,7491
1059,@RenaissancePeriodization,Why Pro Athletes Suck at Weight Training [nYIczQYRx4I],@RenaissancePeriodization/Why Pro Athletes Suck at Weight Training [nYIczQYRx4I].txt,6521
1060,@RenaissancePeriodization,Biggest Mistakes Advanced Bodybuilders Make At The Gym [lOF9fLMmq04],@RenaissancePeriodization/Biggest Mistakes Advanced Bodybuilders Make At The Gym [lOF9fLMmq04].txt,3664
1061,@RenaissancePeriodization,Nicotine for Fat Loss： Genius Hack or Deadly？ [6Xjo9zddF2Y],@RenaissancePeriodization/Nicotine for Fat Loss： Genius Hack or Deadly？ [6Xjo9zddF2Y].txt,3894
1062,@RenaissancePeriodization,Exercise Scientist Destroys The WORST FITNESS TREND EVER [KJBlo6X4Mm4],@RenaissancePeriodization/Exercise Scientist Destroys The WORST FITNESS TREND EVER [KJBlo6X4Mm4].txt,4228
1063,@RenaissancePeriodization,7 Deadlift Modifications For More MUSCLE GROWTH [meBN9bMbN4Y],@RenaissancePeriodization/7 Deadlift Modifications For More MUSCLE GROWTH [meBN9bMbN4Y].txt,2646
1064,@RenaissancePeriodization,3 Insanely Effective Pieces Of Equipment For Huge Muscle Gains! [-ZS9zdbMIjM],@RenaissancePeriodization/3 Insanely Effective Pieces Of Equipment For Huge Muscle Gains! [-ZS9zdbMIjM].txt,2580
1065,@RenaissancePeriodization,Exercise Scientist Exposes V Shred's Diet And Training Claims! [LzNkmlfGOKk],@RenaissancePeriodization/Exercise Scientist Exposes V Shred's Diet And Training Claims! [LzNkmlfGOKk].txt,3720
1066,@RenaissancePeriodization,Are SARMs The New Secret Weapon For Building Muscle Mass？ [tfR8vrUEC80],@RenaissancePeriodization/Are SARMs The New Secret Weapon For Building Muscle Mass？ [tfR8vrUEC80].txt,814
1067,@RenaissancePeriodization,Stop Overdoing It! How Many Sets Should You Really Be Doing？ [cfXTQmFRjWU],@RenaissancePeriodization/Stop Overdoing It! How Many Sets Should You Really Be Doing？ [cfXTQmFRjWU].txt,5358
1068,@RenaissancePeriodization,Exercise Scientist Destroys Mark Wahlberg's INSANE Training [Iy7oUnAPTPk],@RenaissancePeriodization/Exercise Scientist Destroys Mark Wahlberg's INSANE Training [Iy7oUnAPTPk].txt,3458
1069,@RenaissancePeriodization,Everyone Makes These Mistakes Trying To Get Shredded [t6pcduvmBKE],@RenaissancePeriodization/Everyone Makes These Mistakes Trying To Get Shredded [t6pcduvmBKE].txt,4357
1070,@RenaissancePeriodization,5 Simple Rules For Awesome Chest Training [xbrXnRI0vNc],@RenaissancePeriodization/5 Simple Rules For Awesome Chest Training [xbrXnRI0vNc].txt,1189
1071,@RenaissancePeriodization,Carnivore Is The Best Diet For Overall Health？ [jedDe2wxHt4],@RenaissancePeriodization/Carnivore Is The Best Diet For Overall Health？ [jedDe2wxHt4].txt,518
1072,@RenaissancePeriodization,How To Build A Budget Home Gym For Cheap [81twIK-lLA8],@RenaissancePeriodization/How To Build A Budget Home Gym For Cheap [81twIK-lLA8].txt,2750
1073,@RenaissancePeriodization,Why Is Keto So Good For Weight Loss？ [yTSJuzE0XsA],@RenaissancePeriodization/Why Is Keto So Good For Weight Loss？ [yTSJuzE0XsA].txt,2359
1074,@RenaissancePeriodization,Close Grip Bench Pressing For Maximum Growth ｜ Targeting The Muscle [Cv5nS1AH_jE],@RenaissancePeriodization/Close Grip Bench Pressing For Maximum Growth ｜ Targeting The Muscle [Cv5nS1AH_jE].txt,1488
1075,@RenaissancePeriodization,How To Avoid The Biggest Mistakes Intermediate Gym-goers Make! [pteEPMEPLHE],@RenaissancePeriodization/How To Avoid The Biggest Mistakes Intermediate Gym-goers Make! [pteEPMEPLHE].txt,3215
1076,@RenaissancePeriodization,All Protein Is Not Created Equal [coRih_UvFQQ],@RenaissancePeriodization/All Protein Is Not Created Equal [coRih_UvFQQ].txt,5293
1077,@RenaissancePeriodization,DISGUSTING And Effective 6 Set Quad Growth Workout [yfWO28yClUs],@RenaissancePeriodization/DISGUSTING And Effective 6 Set Quad Growth Workout [yfWO28yClUs].txt,2419
1078,@RenaissancePeriodization,LOW vs HIGH Reps For Fat Loss- One IS BETTER! [vlWgRZmtgpg],@RenaissancePeriodization/LOW vs HIGH Reps For Fat Loss- One IS BETTER! [vlWgRZmtgpg].txt,4671
1079,@RenaissancePeriodization,Exercise Scientist's Top 5 Quad Exercises [Pid6a3kRmSA],@RenaissancePeriodization/Exercise Scientist's Top 5 Quad Exercises [Pid6a3kRmSA].txt,2754
1080,@RenaissancePeriodization,Exercise Scientist CAN'T Critique Bro Science Life [WWUlRLJN6Ug],@RenaissancePeriodization/Exercise Scientist CAN'T Critique Bro Science Life [WWUlRLJN6Ug].txt,3584
1081,@RenaissancePeriodization,The Morality Of Doping In Sport [8dMU4kP727g],@RenaissancePeriodization/The Morality Of Doping In Sport [8dMU4kP727g].txt,3849
1082,@RenaissancePeriodization,Ban All Fruit Juices NOW!! [7DdFVsx7d_w],@RenaissancePeriodization/Ban All Fruit Juices NOW!! [7DdFVsx7d_w].txt,959
1083,@RenaissancePeriodization,Exercise Scientist Critiques Chris Bumstead's Leg Training [7yJoZ8cf1aM],@RenaissancePeriodization/Exercise Scientist Critiques Chris Bumstead's Leg Training [7yJoZ8cf1aM].txt,4172
1084,@RenaissancePeriodization,Exercise Scientist Critiques Jesse James West's Training [Xh_cZUrT_qo],@RenaissancePeriodization/Exercise Scientist Critiques Jesse James West's Training [Xh_cZUrT_qo].txt,4032
1085,@RenaissancePeriodization,Can You Get Shredded On A Bad Diet？ [YqcJjvbZZrk],@RenaissancePeriodization/Can You Get Shredded On A Bad Diet？ [YqcJjvbZZrk].txt,2220
1086,@RenaissancePeriodization,Fasting： The Ultimate Diet Tool？ [XO9yXBcWNK8],@RenaissancePeriodization/Fasting： The Ultimate Diet Tool？ [XO9yXBcWNK8].txt,2318
1087,@RenaissancePeriodization,Our Wild Quest For The Perfect Protein Bar [bM5EFC0Z0Ew],@RenaissancePeriodization/Our Wild Quest For The Perfect Protein Bar [bM5EFC0Z0Ew].txt,2310
1088,@RenaissancePeriodization,These Diet Mistakes Are Ruining Your Muscle Gains [sSK4boihogY],@RenaissancePeriodization/These Diet Mistakes Are Ruining Your Muscle Gains [sSK4boihogY].txt,5154
1089,@RenaissancePeriodization,Get The Most Out Of Chest Machines ｜ Targeting The Muscle [SUdQ1roIWz0],@RenaissancePeriodization/Get The Most Out Of Chest Machines ｜ Targeting The Muscle [SUdQ1roIWz0].txt,1860
1090,@RenaissancePeriodization,Modern Men’s Low Testosterone Crisis — What’s Going On [19PrZ_ow63w],@RenaissancePeriodization/Modern Men’s Low Testosterone Crisis — What’s Going On [19PrZ_ow63w].txt,5194
1091,@RenaissancePeriodization,How To Get Massive Legs Without Training To Failure [JcYUXqKAnJ4],@RenaissancePeriodization/How To Get Massive Legs Without Training To Failure [JcYUXqKAnJ4].txt,2851
1092,@RenaissancePeriodization,＂Natty Or Not＂ Culture Is Failing You (Here’s Why) [gKYB7vAMQy8],@RenaissancePeriodization/＂Natty Or Not＂ Culture Is Failing You (Here’s Why) [gKYB7vAMQy8].txt,5166
1093,@RenaissancePeriodization,Ranking the Best and Worst High Protein Chips [5ekMoKdH_co],@RenaissancePeriodization/Ranking the Best and Worst High Protein Chips [5ekMoKdH_co].txt,3875
1094,@RenaissancePeriodization,The 5 Rules of Bicep Training [q8jjwZbhBas],@RenaissancePeriodization/The 5 Rules of Bicep Training [q8jjwZbhBas].txt,1378
1095,@RenaissancePeriodization,Pro Crossfitters Destroy Bodybuilding Workout with Rich Froning [gzh1Qd2hE0M],@RenaissancePeriodization/Pro Crossfitters Destroy Bodybuilding Workout with Rich Froning [gzh1Qd2hE0M].txt,2306
1096,@RenaissancePeriodization,Is Too Much ＂Sex＂ Ruining Your Muscle Gains？ [_C5E26LYMR0],@RenaissancePeriodization/Is Too Much ＂Sex＂ Ruining Your Muscle Gains？ [_C5E26LYMR0].txt,1695
1097,@RenaissancePeriodization,Exercise Scientist Exposes Dr. Oz's Nutrition Lies [-iXaN-3NH0E],@RenaissancePeriodization/Exercise Scientist Exposes Dr. Oz's Nutrition Lies [-iXaN-3NH0E].txt,5210
1098,@RenaissancePeriodization,The Top 5 Evidence-Based Ab Exercises [Q6Jk5eT-kp0],@RenaissancePeriodization/The Top 5 Evidence-Based Ab Exercises [Q6Jk5eT-kp0].txt,2639
1099,@RenaissancePeriodization,Scientific HEAVY Push Workout W⧸ Alex Leonidas [8eCahSvl-Ak],@RenaissancePeriodization/Scientific HEAVY Push Workout W⧸ Alex Leonidas [8eCahSvl-Ak].txt,2424
1100,@RenaissancePeriodization,The 5 Most Overrated Supplements Of 2025 [BpwCepCyfMk],@RenaissancePeriodization/The 5 Most Overrated Supplements Of 2025 [BpwCepCyfMk].txt,4033
1101,@RenaissancePeriodization,Do Steroids Make you Dumber？ [jGlDUpBI6Sc],@RenaissancePeriodization/Do Steroids Make you Dumber？ [jGlDUpBI6Sc].txt,3971
1102,@RenaissancePeriodization,How To Deload And Set Yourself Up For Maximum Gains ft Omar Isuf [mo91YlX8eew],@RenaissancePeriodization/How To Deload And Set Yourself Up For Maximum Gains ft Omar Isuf [mo91YlX8eew].txt,3054
1103,@RenaissancePeriodization,Exercise Scientist Puts LeanBeefPatty's Workouts To The Test! [nLsZ23BeoYA],@RenaissancePeriodization/Exercise Scientist Puts LeanBeefPatty's Workouts To The Test! [nLsZ23BeoYA].txt,3630
1104,@RenaissancePeriodization,How To Build Muscle As Quickly As Possible [3l2AVq3V_GM],@RenaissancePeriodization/How To Build Muscle As Quickly As Possible [3l2AVq3V_GM].txt,1806
1105,@RenaissancePeriodization,Partial Reps That Actually Build Muscle (And Aren't Bro Bullsh＊t) [gVp-lZBLQBo],@RenaissancePeriodization/Partial Reps That Actually Build Muscle (And Aren't Bro Bullsh＊t) [gVp-lZBLQBo].txt,4130
1106,@RenaissancePeriodization,How Much Volume Is Right FOR YOU (ft RP Hypertrophy App) [7JPARzebDhw],@RenaissancePeriodization/How Much Volume Is Right FOR YOU (ft RP Hypertrophy App) [7JPARzebDhw].txt,2618
1107,@RenaissancePeriodization,The Mirrors In The Gym： How They Help (or Hurt) Your Workout [9RaHxcko_54],@RenaissancePeriodization/The Mirrors In The Gym： How They Help (or Hurt) Your Workout [9RaHxcko_54].txt,2700
1108,@RenaissancePeriodization,How Much Do Steroids Really Matter For Recovery？ [_rhDJtI-nDQ],@RenaissancePeriodization/How Much Do Steroids Really Matter For Recovery？ [_rhDJtI-nDQ].txt,2336
1109,@RenaissancePeriodization,The Most Dangerous Supplements People Still Take [NkdtQn6mtbA],@RenaissancePeriodization/The Most Dangerous Supplements People Still Take [NkdtQn6mtbA].txt,5392
1110,@RenaissancePeriodization,Can Dr. Mike Hang With The Pros？ feat Jonni Shreve [lwlUGQAOAgQ],@RenaissancePeriodization/Can Dr. Mike Hang With The Pros？ feat Jonni Shreve [lwlUGQAOAgQ].txt,2179
1111,@RenaissancePeriodization,Do Natty Bodybuilders Train Different Than Enhanced？ Alex Leonidas + Jonni Shreve [biZnoETtr1k],@RenaissancePeriodization/Do Natty Bodybuilders Train Different Than Enhanced？ Alex Leonidas + Jonni Shreve [biZnoETtr1k].txt,2374
1112,@RenaissancePeriodization,Exercise Scientist Critiques The Tren Twins Workout [GN2-l2rYfag],@RenaissancePeriodization/Exercise Scientist Critiques The Tren Twins Workout [GN2-l2rYfag].txt,3363
1113,@RenaissancePeriodization,Get Shredded For Spring Break NOW- Huge Changes In Weeks! [60eqYpfAz_k],@RenaissancePeriodization/Get Shredded For Spring Break NOW- Huge Changes In Weeks! [60eqYpfAz_k].txt,7050
1114,@RenaissancePeriodization,Exercise Scientist Critiques The Kardashians Hollywood Workouts [BRo6Jr9Cf8Y],@RenaissancePeriodization/Exercise Scientist Critiques The Kardashians Hollywood Workouts [BRo6Jr9Cf8Y].txt,2980
1115,@RenaissancePeriodization,Get THE MOST Out Of Carbs (for Muscle Gain And Fat Loss) [SEDy2JsRlqk],@RenaissancePeriodization/Get THE MOST Out Of Carbs (for Muscle Gain And Fat Loss) [SEDy2JsRlqk].txt,1721
1116,@RenaissancePeriodization,Bench Press for Maximum Muscle Growth ｜ Targeting The Muscle [A0NBCkpYatQ],@RenaissancePeriodization/Bench Press for Maximum Muscle Growth ｜ Targeting The Muscle [A0NBCkpYatQ].txt,2061
1117,@RenaissancePeriodization,DON'T Be This Guy： The Dumbest Reason To Do Steroids [WzR2XeYj_Dk],@RenaissancePeriodization/DON'T Be This Guy： The Dumbest Reason To Do Steroids [WzR2XeYj_Dk].txt,6772
1118,@RenaissancePeriodization,MSG Is Bad For You...REALLY？ [fmQ6AWzzbog],@RenaissancePeriodization/MSG Is Bad For You...REALLY？ [fmQ6AWzzbog].txt,847
1119,@RenaissancePeriodization,How Training Like a “Wuss” Made Me Bigger [tkphtPsFX5U],@RenaissancePeriodization/How Training Like a “Wuss” Made Me Bigger [tkphtPsFX5U].txt,6405
1120,@RenaissancePeriodization,Why Men And Women MUST Train Differently [yXFoQVfG97U],@RenaissancePeriodization/Why Men And Women MUST Train Differently [yXFoQVfG97U].txt,5924
1121,@RenaissancePeriodization,Work SMARTER：  Build Bigger Quads With Lighter Weights! [920FIW5El-I],@RenaissancePeriodization/Work SMARTER：  Build Bigger Quads With Lighter Weights! [920FIW5El-I].txt,3244
1122,@RenaissancePeriodization,Are Weighted Pull Ups Good For Back Growth？？？ [07TusZktXZw],@RenaissancePeriodization/Are Weighted Pull Ups Good For Back Growth？？？ [07TusZktXZw].txt,2588
1123,@RenaissancePeriodization,CRUSH YOUR GOALS- Let Us Help You EVEN MORE This Year! [urnxZViFYNM],@RenaissancePeriodization/CRUSH YOUR GOALS- Let Us Help You EVEN MORE This Year! [urnxZViFYNM].txt,1741
1124,@RenaissancePeriodization,"5 Training Principles I Got Right Early, You Should Too! [tC4qy8eyc6w]","@RenaissancePeriodization/5 Training Principles I Got Right Early, You Should Too! [tC4qy8eyc6w].txt",2817
1125,@RenaissancePeriodization,Exercise Scientist Critiques David Laid’s Training & Physique [Gfvc2TTumP4],@RenaissancePeriodization/Exercise Scientist Critiques David Laid’s Training & Physique [Gfvc2TTumP4].txt,4346
1126,@RenaissancePeriodization,I Tried Bodybuilding In Iceland- Not What I Expected! [SHKtS32yAUs],@RenaissancePeriodization/I Tried Bodybuilding In Iceland- Not What I Expected! [SHKtS32yAUs].txt,2148
1127,@RenaissancePeriodization,Alternating Press and Hold- Good For Muscle Growth？ [ounnCdWwJzs],@RenaissancePeriodization/Alternating Press and Hold- Good For Muscle Growth？ [ounnCdWwJzs].txt,2489
1128,@RenaissancePeriodization,Lateral Raise Technique For Huge Delts ｜ Targeting The Muscle Series [n5dsI9qQXwY],@RenaissancePeriodization/Lateral Raise Technique For Huge Delts ｜ Targeting The Muscle Series [n5dsI9qQXwY].txt,1286
1129,@RenaissancePeriodization,How To Deadlift For Huge Glutes [mzjX21QqazI],@RenaissancePeriodization/How To Deadlift For Huge Glutes [mzjX21QqazI].txt,1379
1130,@RenaissancePeriodization,Is Insulin Resistance Keeping You From Gaining Muscle？ [w6jIZunRX1Q],@RenaissancePeriodization/Is Insulin Resistance Keeping You From Gaining Muscle？ [w6jIZunRX1Q].txt,3832
1131,@RenaissancePeriodization,Exercise Scientist Breaks Down Henry Cavill's Witcher Training [0he74WIcuDA],@RenaissancePeriodization/Exercise Scientist Breaks Down Henry Cavill's Witcher Training [0he74WIcuDA].txt,1645
1132,@RenaissancePeriodization,Why You Should Train MORE Than The Pros [vSehq8HxHdg],@RenaissancePeriodization/Why You Should Train MORE Than The Pros [vSehq8HxHdg].txt,2689
1133,@RenaissancePeriodization,The ＂Best＂ Chest Exercise？ We Examine The Science [Axgc8KH7wGE],@RenaissancePeriodization/The ＂Best＂ Chest Exercise？ We Examine The Science [Axgc8KH7wGE].txt,1591
1134,@RenaissancePeriodization,End The Shoulder Impingement Hysteria! [Weo5dx6xjQQ],@RenaissancePeriodization/End The Shoulder Impingement Hysteria! [Weo5dx6xjQQ].txt,3916
1135,@RenaissancePeriodization,"Squat, Bench, Deadlift, For Maximum Muscle Growth？ [a7qjehDhrDU]","@RenaissancePeriodization/Squat, Bench, Deadlift, For Maximum Muscle Growth？ [a7qjehDhrDU].txt",1941
1136,@RenaissancePeriodization,You Might Be Fatter Than You Think! How To Tell Body Fat Percentage ACCURATELY [bGOt-UvWnV0],@RenaissancePeriodization/You Might Be Fatter Than You Think! How To Tell Body Fat Percentage ACCURATELY [bGOt-UvWnV0].txt,6112
1137,@RenaissancePeriodization,Maximize Whole Back Growth On The Barbell Row ｜ Targeting The Muscle [7B5Exks1KJE],@RenaissancePeriodization/Maximize Whole Back Growth On The Barbell Row ｜ Targeting The Muscle [7B5Exks1KJE].txt,1561
1138,@RenaissancePeriodization,How To Estimate Reps In Reserve (ft RP Hypertrophy App) [qkzKd2Pk-5I],@RenaissancePeriodization/How To Estimate Reps In Reserve (ft RP Hypertrophy App) [qkzKd2Pk-5I].txt,2574
1139,@RenaissancePeriodization,Dr. Mike's Grocery Haul [q7H2EqAEO5s],@RenaissancePeriodization/Dr. Mike's Grocery Haul [q7H2EqAEO5s].txt,2503
1140,@RenaissancePeriodization,How Shredded Can You Get？ There's A Limit! [p2us1TsxdUw],@RenaissancePeriodization/How Shredded Can You Get？ There's A Limit! [p2us1TsxdUw].txt,3257
1141,@RenaissancePeriodization,Too Much Protein Is Bad For You!？ [ktstmyTCWw8],@RenaissancePeriodization/Too Much Protein Is Bad For You!？ [ktstmyTCWw8].txt,1293
1142,@RenaissancePeriodization,How To Grow HUGE Forearms (Best Exercises and Program) [EcLfndWlYB0],@RenaissancePeriodization/How To Grow HUGE Forearms (Best Exercises and Program) [EcLfndWlYB0].txt,4614
1143,@RenaissancePeriodization,The Best Lift For Testing Overall Strength (According To An Exercise Scientist) [Iy5vIAVmRHk],@RenaissancePeriodization/The Best Lift For Testing Overall Strength (According To An Exercise Scientist) [Iy5vIAVmRHk].txt,1388
1144,@RenaissancePeriodization,We Tested The Craziest Gym Equipment! [trj3bAZnUaE],@RenaissancePeriodization/We Tested The Craziest Gym Equipment! [trj3bAZnUaE].txt,1282
1145,@RenaissancePeriodization,Exercise Scientist Reviews Celebrity Workouts [MIo2-bCS4kg],@RenaissancePeriodization/Exercise Scientist Reviews Celebrity Workouts [MIo2-bCS4kg].txt,1572
1146,@RenaissancePeriodization,master_transcript,@RenaissancePeriodization/master_transcript.txt,1173485
1147,@RenaissancePeriodization,＂Gotta Keep Constant Tension On the Muscle For It To Grow Bro...＂ [83ZKDR7jFJ0],@RenaissancePeriodization/＂Gotta Keep Constant Tension On the Muscle For It To Grow Bro...＂ [83ZKDR7jFJ0].txt,2473
1148,@RenaissancePeriodization,Does Eating Right After Lifting Make a Difference？ [Vz3UbXK96og],@RenaissancePeriodization/Does Eating Right After Lifting Make a Difference？ [Vz3UbXK96og].txt,3737
1149,@RenaissancePeriodization,What You NEED In Your Workout Shake [B-eKnRTuTTk],@RenaissancePeriodization/What You NEED In Your Workout Shake [B-eKnRTuTTk].txt,1652
1150,@RenaissancePeriodization,Is TRT for you？ [mwgJVimtq-g],@RenaissancePeriodization/Is TRT for you？ [mwgJVimtq-g].txt,3916
1151,@RenaissancePeriodization,Exercise Scientist Critiques Alex Eubank’s Training & Early TRT [2FF3TfhxDaI],@RenaissancePeriodization/Exercise Scientist Critiques Alex Eubank’s Training & Early TRT [2FF3TfhxDaI].txt,3923
1152,@RenaissancePeriodization,Relaxation Leads To MORE GAINZ？ [d2rL3dC92SM],@RenaissancePeriodization/Relaxation Leads To MORE GAINZ？ [d2rL3dC92SM].txt,4103
1153,@RenaissancePeriodization,"Quads, Glutes, Hams ROASTED In Just 3 Exercises [aYMJwuhAflQ]","@RenaissancePeriodization/Quads, Glutes, Hams ROASTED In Just 3 Exercises [aYMJwuhAflQ].txt",2172
1154,@RenaissancePeriodization,Exercise Scientist Critiques Mr. Beast’s 100LBS Weight Loss Challenge [bfmXOgc76iY],@RenaissancePeriodization/Exercise Scientist Critiques Mr. Beast’s 100LBS Weight Loss Challenge [bfmXOgc76iY].txt,3931
1155,@RenaissancePeriodization,Rating the Most Popular Protein Powders (Some Were BAD) [r9HEuoJZX-Q],@RenaissancePeriodization/Rating the Most Popular Protein Powders (Some Were BAD) [r9HEuoJZX-Q].txt,4766
1156,@RenaissancePeriodization,Add Some Serious Size To Your Arms- Check Out This Tricep Growth Program! [A_3RMqfkWrQ],@RenaissancePeriodization/Add Some Serious Size To Your Arms- Check Out This Tricep Growth Program! [A_3RMqfkWrQ].txt,9128
1157,@RenaissancePeriodization,Why You NEED A Training Partner (For More Reasons Than You think) [2OreBKMipk8],@RenaissancePeriodization/Why You NEED A Training Partner (For More Reasons Than You think) [2OreBKMipk8].txt,5334
1158,@RenaissancePeriodization,Master The Controversial Upright Row ｜ Targeting The Muscle [V3h_1IUY-f0],@RenaissancePeriodization/Master The Controversial Upright Row ｜ Targeting The Muscle [V3h_1IUY-f0].txt,1407
1159,@RenaissancePeriodization,Is A High Protein Diet Shortening Your Life？ NEW STUDY [nEDRvttwEjw],@RenaissancePeriodization/Is A High Protein Diet Shortening Your Life？ NEW STUDY [nEDRvttwEjw].txt,4497
1160,@RenaissancePeriodization,Exercise Scientist Critiques Ben Affleck's Hollywood Workout For Batman [w_Rgft0Z4N8],@RenaissancePeriodization/Exercise Scientist Critiques Ben Affleck's Hollywood Workout For Batman [w_Rgft0Z4N8].txt,1532
1161,@RenaissancePeriodization,Should You Take Weight Loss Drugs？ [matVhd7k25w],@RenaissancePeriodization/Should You Take Weight Loss Drugs？ [matVhd7k25w].txt,5093
1162,@RenaissancePeriodization,Build A Bigger Chest And Triceps With The Latest Science [wFRM8Bjl6qY],@RenaissancePeriodization/Build A Bigger Chest And Triceps With The Latest Science [wFRM8Bjl6qY].txt,1957
1163,@RenaissancePeriodization,Will Tennyson CHALLENGES Dr. Mike's Insane Leg Day Workout! [p1u_EoG7Qyw],@RenaissancePeriodization/Will Tennyson CHALLENGES Dr. Mike's Insane Leg Day Workout! [p1u_EoG7Qyw].txt,2609
1164,@RenaissancePeriodization,What Matters MOST For Effective Muscle Growth [WezRje4Z78k],@RenaissancePeriodization/What Matters MOST For Effective Muscle Growth [WezRje4Z78k].txt,3072
1165,@RenaissancePeriodization,IFBB Pro SHOCKED When We Fix His Barbell Row (You’re rowing the WRONG Way) [Ydq8MFa_Vj8],@RenaissancePeriodization/IFBB Pro SHOCKED When We Fix His Barbell Row (You’re rowing the WRONG Way) [Ydq8MFa_Vj8].txt,3036
1166,@RenaissancePeriodization,How Big Can You Get Naturally？  Examining the Recent Controversy [yHa9Bs5la4I],@RenaissancePeriodization/How Big Can You Get Naturally？  Examining the Recent Controversy [yHa9Bs5la4I].txt,5124
1167,@RenaissancePeriodization,The Top 5 Restaurants For Gains On The Go — Ranked [mSzP2NCE2uw],@RenaissancePeriodization/The Top 5 Restaurants For Gains On The Go — Ranked [mSzP2NCE2uw].txt,3599
1168,@RenaissancePeriodization,Best Supplements And Drugs To Get You Shredded in 2025 [6DmPXKSCPHo],@RenaissancePeriodization/Best Supplements And Drugs To Get You Shredded in 2025 [6DmPXKSCPHo].txt,8353
1169,@RenaissancePeriodization,Overhead Pressing Optimized For Muscle Growth ｜ Targeting The Muscle [GGpArq725ls],@RenaissancePeriodization/Overhead Pressing Optimized For Muscle Growth ｜ Targeting The Muscle [GGpArq725ls].txt,1802
1170,@RenaissancePeriodization,Have I Been Undervaluing Isometrics For Growth？ Heres The Latest Data [SN0M5PF_UuE],@RenaissancePeriodization/Have I Been Undervaluing Isometrics For Growth？ Heres The Latest Data [SN0M5PF_UuE].txt,3006
1171,@RenaissancePeriodization,Exercise Scientist Critiques HUGE Fitness Youtuber Madfit [QLSy9y4Ku8w],@RenaissancePeriodization/Exercise Scientist Critiques HUGE Fitness Youtuber Madfit [QLSy9y4Ku8w].txt,4136
1172,@RenaissancePeriodization,Exercise Scientist Critiques Jake Paul's Ineffective Training [Z_NWe3fl77U],@RenaissancePeriodization/Exercise Scientist Critiques Jake Paul's Ineffective Training [Z_NWe3fl77U].txt,4033
1173,@RenaissancePeriodization,Build Bigger Legs In 30 Mins! The Ultimate Dumbbell Home Workout [1ShJI00LXeM],@RenaissancePeriodization/Build Bigger Legs In 30 Mins! The Ultimate Dumbbell Home Workout [1ShJI00LXeM].txt,2129
1174,@RenaissancePeriodization,How Much Bad Sleep Destroys Muscle Gains [niNONiJtANM],@RenaissancePeriodization/How Much Bad Sleep Destroys Muscle Gains [niNONiJtANM].txt,2686
1175,@RenaissancePeriodization,Exercise Scientist Critiques RARE Arnold Schwarzenegger Training Footage! [4kobjsSfHLY],@RenaissancePeriodization/Exercise Scientist Critiques RARE Arnold Schwarzenegger Training Footage! [4kobjsSfHLY].txt,3820
1176,@RenaissancePeriodization,The WHO Is Wrong! Aspartame In Diet Soda Might Cause Cancer [oCDqqVwYMa4],@RenaissancePeriodization/The WHO Is Wrong! Aspartame In Diet Soda Might Cause Cancer [oCDqqVwYMa4].txt,1401
1177,@RenaissancePeriodization,Are You Lifting Too Heavy Or Light？ (ft RP Hypertrophy App) [NQ6d2qn4Z3A],@RenaissancePeriodization/Are You Lifting Too Heavy Or Light？ (ft RP Hypertrophy App) [NQ6d2qn4Z3A].txt,1780
1178,@RenaissancePeriodization,Are Weekends Ruining Your Diet？ [wrRjYnfJVWU],@RenaissancePeriodization/Are Weekends Ruining Your Diet？ [wrRjYnfJVWU].txt,1643
1179,@RenaissancePeriodization,How To Get More Muscle Growth From ANY Gym Machine [SbfB1z1UMdM],@RenaissancePeriodization/How To Get More Muscle Growth From ANY Gym Machine [SbfB1z1UMdM].txt,2000
1180,@RenaissancePeriodization,Exercise Scientist Critiques Jason Momoa's Training [EAu6PGH8pjY],@RenaissancePeriodization/Exercise Scientist Critiques Jason Momoa's Training [EAu6PGH8pjY].txt,3707
1181,@RenaissancePeriodization,How to Target TRICEPS On The Pushup ｜ Targeting The Muscle [EQjexKQpGeQ],@RenaissancePeriodization/How to Target TRICEPS On The Pushup ｜ Targeting The Muscle [EQjexKQpGeQ].txt,615
1182,@RenaissancePeriodization,Ashwagandha Boosts Muscle and Strength？ NEW RESEARCH [NybxCiaf-GQ],@RenaissancePeriodization/Ashwagandha Boosts Muscle and Strength？ NEW RESEARCH [NybxCiaf-GQ].txt,6575
1183,@RenaissancePeriodization,Exercise Scientist ENRAGED By Mark Wahlberg's Hollywood Workout [o1r9PTzNJAM],@RenaissancePeriodization/Exercise Scientist ENRAGED By Mark Wahlberg's Hollywood Workout [o1r9PTzNJAM].txt,3372
1184,@RenaissancePeriodization,Why Your Chest Isn't Growing (And How To Fix It) [Nr0uqp0XODg],@RenaissancePeriodization/Why Your Chest Isn't Growing (And How To Fix It) [Nr0uqp0XODg].txt,3258
1185,@RenaissancePeriodization,Exercise Scientist Critiques Video Game Workouts (before GTA VI) [xCeDyt06miA],@RenaissancePeriodization/Exercise Scientist Critiques Video Game Workouts (before GTA VI) [xCeDyt06miA].txt,4195
1186,@RenaissancePeriodization,The BEST Row Machine？ ｜  Dr. Mike's Favorite Machines [6CzEp04K4kQ],@RenaissancePeriodization/The BEST Row Machine？ ｜  Dr. Mike's Favorite Machines [6CzEp04K4kQ].txt,2682
1187,@RenaissancePeriodization,How To Progress On Your Lifts For Guaranteed Gains! (ft RP Hypertrophy App) [PArkkMc3iXE],@RenaissancePeriodization/How To Progress On Your Lifts For Guaranteed Gains! (ft RP Hypertrophy App) [PArkkMc3iXE].txt,1894
1188,@RenaissancePeriodization,The Most Effective Way To Bulk For Muscle Growth (clean vs dirty bulk) [UHD-lsh5efQ],@RenaissancePeriodization/The Most Effective Way To Bulk For Muscle Growth (clean vs dirty bulk) [UHD-lsh5efQ].txt,4955
1189,@RenaissancePeriodization,Alcohol Has Upsides In Bodybuilding!？ [o_ZDnq1Ai_M],@RenaissancePeriodization/Alcohol Has Upsides In Bodybuilding!？ [o_ZDnq1Ai_M].txt,2223
1190,@RenaissancePeriodization,How To ACTUALLY Train Your Glutes For Maximum Growth [JByKjfSsfTQ],@RenaissancePeriodization/How To ACTUALLY Train Your Glutes For Maximum Growth [JByKjfSsfTQ].txt,2496
1191,@RenaissancePeriodization,Exercise Scientist Critiques Sumo Wrestling's INSANE Brutality [gxq_pvgoQKE],@RenaissancePeriodization/Exercise Scientist Critiques Sumo Wrestling's INSANE Brutality [gxq_pvgoQKE].txt,3484
1192,@RenaissancePeriodization,I Almost Couldn't Workout At Iceland's HOTTEST Gym [QKR4iwkFCQM],@RenaissancePeriodization/I Almost Couldn't Workout At Iceland's HOTTEST Gym [QKR4iwkFCQM].txt,2055
1193,@RenaissancePeriodization,Leg Curl Technique Breaks Up Team Full ROM [7_BhXHzyTjw],@RenaissancePeriodization/Leg Curl Technique Breaks Up Team Full ROM [7_BhXHzyTjw].txt,2529
1194,@RenaissancePeriodization,Ranking the Most Popular Testosterone Boosting Supplements (Do Any Work？) [D6V-OKogZq8],@RenaissancePeriodization/Ranking the Most Popular Testosterone Boosting Supplements (Do Any Work？) [D6V-OKogZq8].txt,3375
1195,@RenaissancePeriodization,Why I’m Done With Alcohol [UjZrvZDe7ds],@RenaissancePeriodization/Why I’m Done With Alcohol [UjZrvZDe7ds].txt,2237
1196,@RenaissancePeriodization,Overhead Tricep Extension For Maximum Growth ｜ Targeting The Muscle [IaJWPqP-Bjo],@RenaissancePeriodization/Overhead Tricep Extension For Maximum Growth ｜ Targeting The Muscle [IaJWPqP-Bjo].txt,1655
1197,@RenaissancePeriodization,The Complete Shoulder Workout [XHsEUJso6zk],@RenaissancePeriodization/The Complete Shoulder Workout [XHsEUJso6zk].txt,2698
1198,@RenaissancePeriodization,My NEW Training Program To Rebuild My Body After Surgery [gMv3fsvn--I],@RenaissancePeriodization/My NEW Training Program To Rebuild My Body After Surgery [gMv3fsvn--I].txt,5748
1199,@RenaissancePeriodization,The Secret to Truly Huge Arms (Grow Your Forearms) [L9oMEzzQ9og],@RenaissancePeriodization/The Secret to Truly Huge Arms (Grow Your Forearms) [L9oMEzzQ9og].txt,2031
1200,@RenaissancePeriodization,Big Pharma is Evil- BULLSH＊T! [-uWsIJeVcsI],@RenaissancePeriodization/Big Pharma is Evil- BULLSH＊T! [-uWsIJeVcsI].txt,1359
1201,@RenaissancePeriodization,Build Bigger Glutes With This Amazing Program! [Hg_GFzTw4VY],@RenaissancePeriodization/Build Bigger Glutes With This Amazing Program! [Hg_GFzTw4VY].txt,4539
1202,@RenaissancePeriodization,Fasted Cardio For MOST Fat Loss？ [02rNyo3Y7KA],@RenaissancePeriodization/Fasted Cardio For MOST Fat Loss？ [02rNyo3Y7KA].txt,892
1203,@RenaissancePeriodization,Why Tristyn Lee Quit The Carnivore Diet [Nfk0CKoYaps],@RenaissancePeriodization/Why Tristyn Lee Quit The Carnivore Diet [Nfk0CKoYaps].txt,1704
1204,@RenaissancePeriodization,Exercise Scientist Critiques PRISON TRAINING [EJWydtWdAks],@RenaissancePeriodization/Exercise Scientist Critiques PRISON TRAINING [EJWydtWdAks].txt,3889
1205,@RenaissancePeriodization,NFL Legend Jason Kelce's Brutal Physique Makeover Workout Plan [7joNl99R87E],@RenaissancePeriodization/NFL Legend Jason Kelce's Brutal Physique Makeover Workout Plan [7joNl99R87E].txt,4056
1206,@RenaissancePeriodization,Exercise Scientist Discredits Popular Health Magazine Advice [7ueZ1kW6078],@RenaissancePeriodization/Exercise Scientist Discredits Popular Health Magazine Advice [7ueZ1kW6078].txt,3416
1207,@RenaissancePeriodization,Maximally Stimulate Your Chest With This Amazing Press Cue! [EJkQO1fzizA],@RenaissancePeriodization/Maximally Stimulate Your Chest With This Amazing Press Cue! [EJkQO1fzizA].txt,1508
1208,@RenaissancePeriodization,Simple Tips to Increase Your Squat [35tQflNWEaw],@RenaissancePeriodization/Simple Tips to Increase Your Squat [35tQflNWEaw].txt,2632
1209,@RenaissancePeriodization,My $250k Home Gym Sucked - How I Fixed It! [3vX1WSz9lkw],@RenaissancePeriodization/My $250k Home Gym Sucked - How I Fixed It! [3vX1WSz9lkw].txt,4579
1210,@RenaissancePeriodization,Exercise Scientist Critiques Gal Gadot's Wonder Woman Workout [SuNzfzUkWDI],@RenaissancePeriodization/Exercise Scientist Critiques Gal Gadot's Wonder Woman Workout [SuNzfzUkWDI].txt,4025
1211,@RenaissancePeriodization,Creatine’s Shocking Brain Benefits (Not Just for Gains!) [yatLOwL7Ncc],@RenaissancePeriodization/Creatine’s Shocking Brain Benefits (Not Just for Gains!) [yatLOwL7Ncc].txt,3503
1212,@RenaissancePeriodization,Dr. Mike Survives Sam Sulek's Arm Day - Genius Or Gym Bro Garbage？ [RS61P0tsIts],@RenaissancePeriodization/Dr. Mike Survives Sam Sulek's Arm Day - Genius Or Gym Bro Garbage？ [RS61P0tsIts].txt,3194
1213,@RenaissancePeriodization,Exercise Scientist Critiques Tom Holland’s Unstructured Diet and Training [74N98wSWdvg],@RenaissancePeriodization/Exercise Scientist Critiques Tom Holland’s Unstructured Diet and Training [74N98wSWdvg].txt,4505
1214,@RenaissancePeriodization,He Said These Were For ＂Old Ladies＂ -- But He Was Wrong! [rCBafUtEemw],@RenaissancePeriodization/He Said These Were For ＂Old Ladies＂ -- But He Was Wrong! [rCBafUtEemw].txt,2842
1215,@RenaissancePeriodization,Is Red Meat THAT Bad For Your Health？ [BZaBR_iwqs0],@RenaissancePeriodization/Is Red Meat THAT Bad For Your Health？ [BZaBR_iwqs0].txt,1772
1216,@RenaissancePeriodization,Cut The Crap Lat Exercises! Effective Huge Back Workout w Alex Leonidas [vgHr7c5D4TE],@RenaissancePeriodization/Cut The Crap Lat Exercises! Effective Huge Back Workout w Alex Leonidas [vgHr7c5D4TE].txt,2775
1217,@RenaissancePeriodization,Hip Thrusts Are WAY Overrated [b7K-_uoyngM],@RenaissancePeriodization/Hip Thrusts Are WAY Overrated [b7K-_uoyngM].txt,2263
1218,@RenaissancePeriodization,The Belly Fat Spot-Reduction That (Actually) Works [QcuvcdDXYSc],@RenaissancePeriodization/The Belly Fat Spot-Reduction That (Actually) Works [QcuvcdDXYSc].txt,4173
1219,@RenaissancePeriodization,Exercise Scientist Critiques Chris Pratt's INSANE Transformation [vKJrvuPBP1I],@RenaissancePeriodization/Exercise Scientist Critiques Chris Pratt's INSANE Transformation [vKJrvuPBP1I].txt,3779
1220,@RenaissancePeriodization,The End Of Steroids？ NEW MUSCLE DRUGS Are Here [nB8qqiTmQc8],@RenaissancePeriodization/The End Of Steroids？ NEW MUSCLE DRUGS Are Here [nB8qqiTmQc8].txt,4684
1221,@RenaissancePeriodization,Ultra High Protein Is a MUST？ [R5HthGO03b8],@RenaissancePeriodization/Ultra High Protein Is a MUST？ [R5HthGO03b8].txt,1010
1222,@RenaissancePeriodization,A Scientifically-Effective Full Body Workout With Scientific Chef Adam Ragusea! [YNRqlqvQFv8],@RenaissancePeriodization/A Scientifically-Effective Full Body Workout With Scientific Chef Adam Ragusea! [YNRqlqvQFv8].txt,3845
1223,@RenaissancePeriodization,You're Killing Your Gains By Switching Exercises Too Much! [pGQk5UepCxw],@RenaissancePeriodization/You're Killing Your Gains By Switching Exercises Too Much! [pGQk5UepCxw].txt,2544
1224,@RenaissancePeriodization,I Couldn’t Sleep— These Habits Changed Everything [mORZfoErkHg],@RenaissancePeriodization/I Couldn’t Sleep— These Habits Changed Everything [mORZfoErkHg].txt,7100
1225,@RenaissancePeriodization,Get Massive Arms In Just 12 Sets [alep6YDeDFU],@RenaissancePeriodization/Get Massive Arms In Just 12 Sets [alep6YDeDFU].txt,2479
1226,@RenaissancePeriodization,The Truth About Exercise Order For Growth [pKW2ShDwDg4],@RenaissancePeriodization/The Truth About Exercise Order For Growth [pKW2ShDwDg4].txt,4212
1227,@RenaissancePeriodization,How Much Pump And Soreness Is Best For Growth？ (ft RP Hypertrophy App) [vKX0hFenKxM],@RenaissancePeriodization/How Much Pump And Soreness Is Best For Growth？ (ft RP Hypertrophy App) [vKX0hFenKxM].txt,3024
1228,@RenaissancePeriodization,Dr. Mike Tries a Tren Twins Back Workout — Genius or Gym Bro Garbage？ [afFepfOOwm0],@RenaissancePeriodization/Dr. Mike Tries a Tren Twins Back Workout — Genius or Gym Bro Garbage？ [afFepfOOwm0].txt,1860
1229,@RenaissancePeriodization,Exercise Scientist Exposes The Most Profitable Fitness Scam P90x [IVz9El-iMPY],@RenaissancePeriodization/Exercise Scientist Exposes The Most Profitable Fitness Scam P90x [IVz9El-iMPY].txt,3848
1230,@RenaissancePeriodization,This Is What's Actually Ruining Your Diet [o8TAZPVyXPM],@RenaissancePeriodization/This Is What's Actually Ruining Your Diet [o8TAZPVyXPM].txt,5094
1231,@RenaissancePeriodization,OnlyFans Mega Star Destroyed In Leg Workout [v8x36UBWmbM],@RenaissancePeriodization/OnlyFans Mega Star Destroyed In Leg Workout [v8x36UBWmbM].txt,2658
1232,@RenaissancePeriodization,A Huge Reason You Can't Lose Weight [O5RSNQkwVxs],@RenaissancePeriodization/A Huge Reason You Can't Lose Weight [O5RSNQkwVxs].txt,2604
1233,@RenaissancePeriodization,Powerlifter Turned Bodybuilder vs High Rep Leg Day [4fobyxFP4l8],@RenaissancePeriodization/Powerlifter Turned Bodybuilder vs High Rep Leg Day [4fobyxFP4l8].txt,2130
1234,@RenaissancePeriodization,Intermittent Fasting Is Best For Health and Longevity？ [cbJO2J0xlOg],@RenaissancePeriodization/Intermittent Fasting Is Best For Health and Longevity？ [cbJO2J0xlOg].txt,759
1235,@RenaissancePeriodization,Exercise Scientist Critiques Kevin Hart's Training [GN23mshex3s],@RenaissancePeriodization/Exercise Scientist Critiques Kevin Hart's Training [GN23mshex3s].txt,3146
1236,@RenaissancePeriodization,The Great Deadlift Showdown： SLDL vs RDL [aHEg-DDo4fY],@RenaissancePeriodization/The Great Deadlift Showdown： SLDL vs RDL [aHEg-DDo4fY].txt,2840
1237,@RenaissancePeriodization,How To Build Muscle And Stay Strong For Life! (from a 68 yr old bodybuilder) [27qgkMR8iv8],@RenaissancePeriodization/How To Build Muscle And Stay Strong For Life! (from a 68 yr old bodybuilder) [27qgkMR8iv8].txt,1208
1238,@RenaissancePeriodization,You Gotta Learn To Burn Fat As Fuel Bro [ot8Q8YceRNo],@RenaissancePeriodization/You Gotta Learn To Burn Fat As Fuel Bro [ot8Q8YceRNo].txt,988
1239,@RenaissancePeriodization,Mind Muscle Connection Is The MOST Important For Growth？ [wXHPH7H5Omk],@RenaissancePeriodization/Mind Muscle Connection Is The MOST Important For Growth？ [wXHPH7H5Omk].txt,2694
1240,@RenaissancePeriodization,STOP TRAINING For Better Gains! [Yxx-j3J7N6c],@RenaissancePeriodization/STOP TRAINING For Better Gains! [Yxx-j3J7N6c].txt,2076
1241,@RenaissancePeriodization,Are There Best Foods For Muscle Growth And Fat Loss？ [Qvf9kgkPjs4],@RenaissancePeriodization/Are There Best Foods For Muscle Growth And Fat Loss？ [Qvf9kgkPjs4].txt,1034
1242,@RenaissancePeriodization,Exercise Scientist Critiques Andrew Tate's Training And Diet Advice [U7T2puomQgs],@RenaissancePeriodization/Exercise Scientist Critiques Andrew Tate's Training And Diet Advice [U7T2puomQgs].txt,2595
1243,@RenaissancePeriodization,Cardio & Weightlifting Now In A Shot IS REAL [xXuHFDnZVhA],@RenaissancePeriodization/Cardio & Weightlifting Now In A Shot IS REAL [xXuHFDnZVhA].txt,3152
1244,@RenaissancePeriodization,Exercise Scientist Critiques LeBron James' Weight Training....Yikes! [VWt1Nb-uJr0],@RenaissancePeriodization/Exercise Scientist Critiques LeBron James' Weight Training....Yikes! [VWt1Nb-uJr0].txt,4500
1245,@RenaissancePeriodization,Insulin Is The Reason You're Fat!？ [hA1Z5NifFLk],@RenaissancePeriodization/Insulin Is The Reason You're Fat!？ [hA1Z5NifFLk].txt,2296
1246,@RenaissancePeriodization,Can Rounding Your Back Be GOOD In Weight Training？ [eadyCiB0G3A],@RenaissancePeriodization/Can Rounding Your Back Be GOOD In Weight Training？ [eadyCiB0G3A].txt,1906
1247,@RenaissancePeriodization,Devastating Lat Focused Workout In Just 3 Exercises [fc-7hrY76XI],@RenaissancePeriodization/Devastating Lat Focused Workout In Just 3 Exercises [fc-7hrY76XI].txt,1857
1248,@RenaissancePeriodization,Why Myoreps Are AWESOME [V71TGRQaLRs],@RenaissancePeriodization/Why Myoreps Are AWESOME [V71TGRQaLRs].txt,1545
1249,@HighLifeWorkout,This $400 Book Will Make You Rich [jBVjfaqkxsc],@HighLifeWorkout/This $400 Book Will Make You Rich [jBVjfaqkxsc].txt,3880
1250,@HighLifeWorkout,Ad Tactics For Online Fitness Trainers (makes over $684⧸day) [cBHN5JCuF9Y],@HighLifeWorkout/Ad Tactics For Online Fitness Trainers (makes over $684⧸day) [cBHN5JCuF9Y].txt,3499
1251,@HighLifeWorkout,Better Than Steroids？ [hMyndNp0qBA],@HighLifeWorkout/Better Than Steroids？ [hMyndNp0qBA].txt,3740
1252,@HighLifeWorkout,4 Habits That Will Make You a Millionaire [6Qd1AhaxSy0],@HighLifeWorkout/4 Habits That Will Make You a Millionaire [6Qd1AhaxSy0].txt,3728
1253,@HighLifeWorkout,Skills You NEED To Make Money In Business [TIER LIST] [G1Maqu2EqHI],@HighLifeWorkout/Skills You NEED To Make Money In Business [TIER LIST] [G1Maqu2EqHI].txt,6248
1254,@HighLifeWorkout,"Full Day： Teaching, Heat Game, Podcast, Dinner w⧸ @Kinobody [8ReYr_piiBU]","@HighLifeWorkout/Full Day： Teaching, Heat Game, Podcast, Dinner w⧸ @Kinobody [8ReYr_piiBU].txt",1926
1255,@HighLifeWorkout,How To Know If You Should Dump Your Girlfriend [FsT494FA474],@HighLifeWorkout/How To Know If You Should Dump Your Girlfriend [FsT494FA474].txt,649
1256,@HighLifeWorkout,This One Thing Will Make You Rich (Justin Waller) [7bmXIgBhbmI],@HighLifeWorkout/This One Thing Will Make You Rich (Justin Waller) [7bmXIgBhbmI].txt,3927
1257,@HighLifeWorkout,Day in Life of Miami Multi-Millionaire [Brandon Carter] [Hh-H0uLfXz8],@HighLifeWorkout/Day in Life of Miami Multi-Millionaire [Brandon Carter] [Hh-H0uLfXz8].txt,2015
1258,@HighLifeWorkout,Didn’t Expect the Day to Go Like This [9nluyS2i_2M],@HighLifeWorkout/Didn’t Expect the Day to Go Like This [9nluyS2i_2M].txt,1806
1259,@HighLifeWorkout,How To Get The Woman Who Wants YOU [GAME GOD GOLDIE] [aS4dvzAfai0],@HighLifeWorkout/How To Get The Woman Who Wants YOU [GAME GOD GOLDIE] [aS4dvzAfai0].txt,2562
1260,@HighLifeWorkout,3 Steps to Make Women CHASE YOU [GAME GOD GOLDIE] [oeBb7Xw7AD4],@HighLifeWorkout/3 Steps to Make Women CHASE YOU [GAME GOD GOLDIE] [oeBb7Xw7AD4].txt,4098
1261,@HighLifeWorkout,How This 21-Year-Old Helps Build Million-Dollar Businesses [wJbk8obyOyc],@HighLifeWorkout/How This 21-Year-Old Helps Build Million-Dollar Businesses [wJbk8obyOyc].txt,7206
1262,@HighLifeWorkout,Is Liver King Pretending To Be “Crazy”？ [oHHKUtMdNwQ],@HighLifeWorkout/Is Liver King Pretending To Be “Crazy”？ [oHHKUtMdNwQ].txt,2809
1263,@HighLifeWorkout,How to Build Self-Confidence That Can’t Be Broken [E9eSlC7pGyw],@HighLifeWorkout/How to Build Self-Confidence That Can’t Be Broken [E9eSlC7pGyw].txt,2421
1264,@HighLifeWorkout,[Free Course] Start Making Money Today with Selling Options [UL8KzKS3H1M],@HighLifeWorkout/[Free Course] Start Making Money Today with Selling Options [UL8KzKS3H1M].txt,4870
1265,@HighLifeWorkout,Romance ROI： Calculating the REAL Cost of Dating [_9xT_88rO0M],@HighLifeWorkout/Romance ROI： Calculating the REAL Cost of Dating [_9xT_88rO0M].txt,1577
1266,@HighLifeWorkout,Andrew Tate Case New Update (It's Happening Again) [yrBaDMxeV4Y],@HighLifeWorkout/Andrew Tate Case New Update (It's Happening Again) [yrBaDMxeV4Y].txt,3516
1267,@HighLifeWorkout,"Why I Take 1,000mg of Caffeine Every Day [uOyaDMnOwac]","@HighLifeWorkout/Why I Take 1,000mg of Caffeine Every Day [uOyaDMnOwac].txt",1919
1268,@HighLifeWorkout,This WILL make her WANT YOU BAD [Game God Goldie] [c8ipWYTpD3k],@HighLifeWorkout/This WILL make her WANT YOU BAD [Game God Goldie] [c8ipWYTpD3k].txt,2639
1269,@HighLifeWorkout,This SIMPLE TRICK will change your whole life [VrRDqfAxdV8],@HighLifeWorkout/This SIMPLE TRICK will change your whole life [VrRDqfAxdV8].txt,1792
1270,@HighLifeWorkout,Extreme Ways to Get Rich (Most Men Won’t Do It) [I0WiSnU-jgQ],@HighLifeWorkout/Extreme Ways to Get Rich (Most Men Won’t Do It) [I0WiSnU-jgQ].txt,3382
1271,@HighLifeWorkout,How To Price Your Services To Make MONEY For Online Fitness Trainers [QUNxA4m1wGk],@HighLifeWorkout/How To Price Your Services To Make MONEY For Online Fitness Trainers [QUNxA4m1wGk].txt,1809
1272,@HighLifeWorkout,Day in the Life of an INSANELY RICH Man! 🤯 [eroJ6MOuWt0],@HighLifeWorkout/Day in the Life of an INSANELY RICH Man! 🤯 [eroJ6MOuWt0].txt,3046
1273,@HighLifeWorkout,EXTREME Ways to Be More Productive (Do NOT Try This) [xONFlb1zjAU],@HighLifeWorkout/EXTREME Ways to Be More Productive (Do NOT Try This) [xONFlb1zjAU].txt,4657
1274,@HighLifeWorkout,[WARNING] Extreme Ways To Burn Fat FAST! [vairEn7diVw],@HighLifeWorkout/[WARNING] Extreme Ways To Burn Fat FAST! [vairEn7diVw].txt,5122
1275,@HighLifeWorkout,The Only Thing You Need To Know About Women [2Cqm8cBc81w],@HighLifeWorkout/The Only Thing You Need To Know About Women [2Cqm8cBc81w].txt,1536
1276,@HighLifeWorkout,How Smart People Profit During War (Here’s the Play) [XzYswBH6kwQ],@HighLifeWorkout/How Smart People Profit During War (Here’s the Play) [XzYswBH6kwQ].txt,2069
1277,@HighLifeWorkout,You’ll Fail at Every Goal Without This Strategy [WuQH7HXtTkE],@HighLifeWorkout/You’ll Fail at Every Goal Without This Strategy [WuQH7HXtTkE].txt,3196
1278,@HighLifeWorkout,How Online Fitness Coaches Will Get RICH In 2025 (Full Plan) [uzH0q2GC1Eg],@HighLifeWorkout/How Online Fitness Coaches Will Get RICH In 2025 (Full Plan) [uzH0q2GC1Eg].txt,5452
1279,@HighLifeWorkout,My Simple Productivity Routine That Makes Me $684 Per Hour [sgJeQBxXv-M],@HighLifeWorkout/My Simple Productivity Routine That Makes Me $684 Per Hour [sgJeQBxXv-M].txt,4315
1280,@HighLifeWorkout,Keys To Getting RICH in 2025 [Justin Waller] [6a0B-43LO0E],@HighLifeWorkout/Keys To Getting RICH in 2025 [Justin Waller] [6a0B-43LO0E].txt,2433
1281,@HighLifeWorkout,Cheat Code To Getting Funding For Your Business [Full Course] [IyX10x8r-c8],@HighLifeWorkout/Cheat Code To Getting Funding For Your Business [Full Course] [IyX10x8r-c8].txt,10574
1282,@HighLifeWorkout,The TRUTH about “NoFap” [Justin Waller] [QG3sgqJ3xDc],@HighLifeWorkout/The TRUTH about “NoFap” [Justin Waller] [QG3sgqJ3xDc].txt,2173
1283,@HighLifeWorkout,This Idea Will Make You Unstoppable [7ZWGqUBiNqk],@HighLifeWorkout/This Idea Will Make You Unstoppable [7ZWGqUBiNqk].txt,3176
1284,@HighLifeWorkout,The Fastest Way to Get $100K for Your Business [JUBg_MI9YnQ],@HighLifeWorkout/The Fastest Way to Get $100K for Your Business [JUBg_MI9YnQ].txt,10482
1285,@HighLifeWorkout,This Book Made Me RICH (You’re Missing Out) [ZEu0O9Ahbww],@HighLifeWorkout/This Book Made Me RICH (You’re Missing Out) [ZEu0O9Ahbww].txt,2458
1286,@HighLifeWorkout,Why It Doesn’t Matter Who’s the President [7OCdN2nwnVo],@HighLifeWorkout/Why It Doesn’t Matter Who’s the President [7OCdN2nwnVo].txt,1161
1287,@HighLifeWorkout,"if you have less than $5000 in the bank, do this NOW [uiWfjcTludE]","@HighLifeWorkout/if you have less than $5000 in the bank, do this NOW [uiWfjcTludE].txt",2013
1288,@HighLifeWorkout,These 5 Bible Verses Made Me a Millionaire [4vKQiT2Fq6g],@HighLifeWorkout/These 5 Bible Verses Made Me a Millionaire [4vKQiT2Fq6g].txt,4434
1289,@HighLifeWorkout,10 Simple Ways To Manage Multiple Hobbies [d3IR5l3kgbo],@HighLifeWorkout/10 Simple Ways To Manage Multiple Hobbies [d3IR5l3kgbo].txt,4149
1290,@HighLifeWorkout,Ultimate Cheat Code for Getting Ripped in 2025 FAST [4EC6nhRyZHw],@HighLifeWorkout/Ultimate Cheat Code for Getting Ripped in 2025 FAST [4EC6nhRyZHw].txt,3620
1291,@HighLifeWorkout,5 Habits Stopping You From Being Successful [52o2aiVH9ho],@HighLifeWorkout/5 Habits Stopping You From Being Successful [52o2aiVH9ho].txt,9496
1292,@HighLifeWorkout,14 Years of Unfiltered Business Advice in 34 minutes [don't repeat my mistakes] [Kq6p2k5jlrQ],@HighLifeWorkout/14 Years of Unfiltered Business Advice in 34 minutes [don't repeat my mistakes] [Kq6p2k5jlrQ].txt,8207
1293,@HighLifeWorkout,How To Accomplish Your Goals Faster [WghmbynU7gg],@HighLifeWorkout/How To Accomplish Your Goals Faster [WghmbynU7gg].txt,2343
1294,@HighLifeWorkout,Best and Worst Money Advice RANKED for 2025 [TIER LIST] [UNKCfZ9Pgc0],@HighLifeWorkout/Best and Worst Money Advice RANKED for 2025 [TIER LIST] [UNKCfZ9Pgc0].txt,5892
1295,@HighLifeWorkout,3 Steps that will turn you from a Loser to Baller [fLR-8Rcpzzs],@HighLifeWorkout/3 Steps that will turn you from a Loser to Baller [fLR-8Rcpzzs].txt,2528
1296,@HighLifeWorkout,P＊RN might not be bad for you! (If you do this) [59p7VGYzcio],@HighLifeWorkout/P＊RN might not be bad for you! (If you do this) [59p7VGYzcio].txt,1982
1297,@HighLifeWorkout,Doing this will make 2025 your BEST YEAR EVER [foOywNqI7hM],@HighLifeWorkout/Doing this will make 2025 your BEST YEAR EVER [foOywNqI7hM].txt,4153
1298,@HighLifeWorkout,What Nobody’s Saying About the Trump-Musk Feud [Latest Update] [6aSy10ErV5Q],@HighLifeWorkout/What Nobody’s Saying About the Trump-Musk Feud [Latest Update] [6aSy10ErV5Q].txt,2034
1299,@HighLifeWorkout,"If I Wanted To Become A Millionaire In 2025, I Would Do This [P2b61Woejz4]","@HighLifeWorkout/If I Wanted To Become A Millionaire In 2025, I Would Do This [P2b61Woejz4].txt",5591
1300,@HighLifeWorkout,3 Hacks to Get Ripped FAST for Summer [MnQJ--vbVkU],@HighLifeWorkout/3 Hacks to Get Ripped FAST for Summer [MnQJ--vbVkU].txt,4135
1301,@HighLifeWorkout,How He Makes $470k A Year Doing Online Fitness [hXOb9TMEhY8],@HighLifeWorkout/How He Makes $470k A Year Doing Online Fitness [hXOb9TMEhY8].txt,5633
1302,@HighLifeWorkout,What To Post On Instagram To Make Money As an Online Trainer [TBm2YsjkD60],@HighLifeWorkout/What To Post On Instagram To Make Money As an Online Trainer [TBm2YsjkD60].txt,9705
1303,@HighLifeWorkout,master_transcript1,@HighLifeWorkout/master_transcript1.txt,599727
1304,@HighLifeWorkout,I Didn’t Want to Make This Video… But I Had To [aKVUpS7g7aQ],@HighLifeWorkout/I Didn’t Want to Make This Video… But I Had To [aKVUpS7g7aQ].txt,2024
1305,@HighLifeWorkout,How I Manage My Time Effectively & Stay Productive (+ My Daily Routine) [c06CJTus9fY],@HighLifeWorkout/How I Manage My Time Effectively & Stay Productive (+ My Daily Routine) [c06CJTus9fY].txt,3478
1306,@HighLifeWorkout,Truth Behind Shannon Sharpe’s $50M S＊xual Assault Lawsuit [p-R6nkbz3MA],@HighLifeWorkout/Truth Behind Shannon Sharpe’s $50M S＊xual Assault Lawsuit [p-R6nkbz3MA].txt,2056
1307,@HighLifeWorkout,WARNING： Women Will Ruin Your Life [cNNSCb9TS7s],@HighLifeWorkout/WARNING： Women Will Ruin Your Life [cNNSCb9TS7s].txt,2654
1308,@HighLifeWorkout,Nobody Talks About This ChatGPT Superpower! [TKpAFJIs3t0],@HighLifeWorkout/Nobody Talks About This ChatGPT Superpower! [TKpAFJIs3t0].txt,2311
1309,@HighLifeWorkout,A Day In My Life as a Millionaire in Miami [Vlog] [hKaUSpUgpks],@HighLifeWorkout/A Day In My Life as a Millionaire in Miami [Vlog] [hKaUSpUgpks].txt,2799
1310,@HighLifeWorkout,This Is Why Women Don’t Respect You (w⧸Michael Sartain) [6PZfEMXBeXA],@HighLifeWorkout/This Is Why Women Don’t Respect You (w⧸Michael Sartain) [6PZfEMXBeXA].txt,4235
1311,@HighLifeWorkout,How To Overcome The Fear of Public Speaking [Justin Waller] [dGb3DdNirp0],@HighLifeWorkout/How To Overcome The Fear of Public Speaking [Justin Waller] [dGb3DdNirp0].txt,1159
1312,@HighLifeWorkout,How He Went From Nothing to A YouTube Millionaire! ｜ @Mr.Organik [8GpU_L2h3Wo],@HighLifeWorkout/How He Went From Nothing to A YouTube Millionaire! ｜ @Mr.Organik [8GpU_L2h3Wo].txt,5674
1313,@HighLifeWorkout,6 business Ideas To Start With $0 in 2024 [zNryFkBJYHM],@HighLifeWorkout/6 business Ideas To Start With $0 in 2024 [zNryFkBJYHM].txt,7243
1314,@HighLifeWorkout,Week in The Life of a Miami Fitness Millionaire [Featuring Fresh & Fit Podcast] [pmJ223M_eOw],@HighLifeWorkout/Week in The Life of a Miami Fitness Millionaire [Featuring Fresh & Fit Podcast] [pmJ223M_eOw].txt,5455
1315,@HighLifeWorkout,The Real Day In the Life of a Miami Multi-Millionaire [XnVh5-tBagI],@HighLifeWorkout/The Real Day In the Life of a Miami Multi-Millionaire [XnVh5-tBagI].txt,3830
1316,@HighLifeWorkout,Day In Life of a Celebrity Fitness Millionaire in Miami [Featuring Fresh&Fit] [0ckmcuZ8Pjc],@HighLifeWorkout/Day In Life of a Celebrity Fitness Millionaire in Miami [Featuring Fresh&Fit] [0ckmcuZ8Pjc].txt,5371
1317,@HighLifeWorkout,Secret To Building Muscle FASTER [Full Body Workouts] [JCJbdB5JCKQ],@HighLifeWorkout/Secret To Building Muscle FASTER [Full Body Workouts] [JCJbdB5JCKQ].txt,3833
1318,@HighLifeWorkout,How to Make So Much Money in 2025 (to retire yourself) [2aKOFNM01SE],@HighLifeWorkout/How to Make So Much Money in 2025 (to retire yourself) [2aKOFNM01SE].txt,4367
1319,@HighLifeWorkout,How to Start Your Business With Free Government Money [p0brxFPywdU],@HighLifeWorkout/How to Start Your Business With Free Government Money [p0brxFPywdU].txt,6644
1320,@HighLifeWorkout,You Won’t Believe Where I Ended Up Today [9_K_FAUW4EA],@HighLifeWorkout/You Won’t Believe Where I Ended Up Today [9_K_FAUW4EA].txt,3431
1321,@HighLifeWorkout,How to Position Yourself as a High-Value Man (ft. Michael Sartain) [u4-ppLvsAPQ],@HighLifeWorkout/How to Position Yourself as a High-Value Man (ft. Michael Sartain) [u4-ppLvsAPQ].txt,5536
1322,@HighLifeWorkout,What I Eat In A Day To Stay Ripped At 40! [1fdCtF6s4L0],@HighLifeWorkout/What I Eat In A Day To Stay Ripped At 40! [1fdCtF6s4L0].txt,1585
1323,@HighLifeWorkout,7 High Value Traits NO WOMAN Can Resist in a Man ｜ Stoicism ｜ Fresh and Fit [mHzxO1o3D9Q],@HighLifeWorkout/7 High Value Traits NO WOMAN Can Resist in a Man ｜ Stoicism ｜ Fresh and Fit [mHzxO1o3D9Q].txt,7490
1324,@HighLifeWorkout,Poor man’s way to get rich. Not the easy way but it works [y3KK_KhgOR4],@HighLifeWorkout/Poor man’s way to get rich. Not the easy way but it works [y3KK_KhgOR4].txt,4473
1325,@HighLifeWorkout,This is FASTEST way to Lose Fat! [nu7Q8TMkUvE],@HighLifeWorkout/This is FASTEST way to Lose Fat! [nu7Q8TMkUvE].txt,4034
1326,@HighLifeWorkout,The Fastest Way to Build Muscle and Burn Fat By Summer [kmh-DuBlddk],@HighLifeWorkout/The Fastest Way to Build Muscle and Burn Fat By Summer [kmh-DuBlddk].txt,5024
1327,@HighLifeWorkout,10 Hacks to be 99.9% More Disciplined That Cost Nothing [LUYl19W3yuY],@HighLifeWorkout/10 Hacks to be 99.9% More Disciplined That Cost Nothing [LUYl19W3yuY].txt,7533
1328,@HighLifeWorkout,Does Elon Musk and GROK Hate Jews？ [06Y--wieLq4],@HighLifeWorkout/Does Elon Musk and GROK Hate Jews？ [06Y--wieLq4].txt,1396
1329,@HighLifeWorkout,Andrew Tate Case Got Dismissed？？？ [7T1iaF6HAGg],@HighLifeWorkout/Andrew Tate Case Got Dismissed？？？ [7T1iaF6HAGg].txt,2077
1330,@HighLifeWorkout,Will Andrew Tate Be The Next UK Prime Minister？ [9GsekM7ONpk],@HighLifeWorkout/Will Andrew Tate Be The Next UK Prime Minister？ [9GsekM7ONpk].txt,4024
1331,@HighLifeWorkout,These Habits Will Make You Rich in 2025 [EUafhW4EqtQ],@HighLifeWorkout/These Habits Will Make You Rich in 2025 [EUafhW4EqtQ].txt,5624
1332,@HighLifeWorkout,Why Sugar is KILLING YOU [h28w8yBhdq4],@HighLifeWorkout/Why Sugar is KILLING YOU [h28w8yBhdq4].txt,3832
1333,@HighLifeWorkout,If you need to make $5000 in 7 days with online fitness watch this [ocbNr5-sFlw],@HighLifeWorkout/If you need to make $5000 in 7 days with online fitness watch this [ocbNr5-sFlw].txt,6800
1334,@HighLifeWorkout,The man who has trained Ryan Reynolds for Deadpool [aZXsywHjm9M],@HighLifeWorkout/The man who has trained Ryan Reynolds for Deadpool [aZXsywHjm9M].txt,3366
1335,@HighLifeWorkout,What Is Trump Really Selling Before the Election？ [pRuLBJxAYkY],@HighLifeWorkout/What Is Trump Really Selling Before the Election？ [pRuLBJxAYkY].txt,1991
1336,@HighLifeWorkout,Ex-Drug Dealer Now Makes Millions Trading [FgAw1du640Q],@HighLifeWorkout/Ex-Drug Dealer Now Makes Millions Trading [FgAw1du640Q].txt,5390
1337,@HighLifeWorkout,DUMP Her ASAP if she Does this ONE THING [Game God Goldie] [r53gQEKduP4],@HighLifeWorkout/DUMP Her ASAP if she Does this ONE THING [Game God Goldie] [r53gQEKduP4].txt,1852
1338,@HighLifeWorkout,How To Actually Be Disciplined (Consistently) [ndxadtXgfIY],@HighLifeWorkout/How To Actually Be Disciplined (Consistently) [ndxadtXgfIY].txt,5146
1339,@HighLifeWorkout,DAILY VLOG： me and the rich homies racing super cars and yachts [1eQ3g3iObb0],@HighLifeWorkout/DAILY VLOG： me and the rich homies racing super cars and yachts [1eQ3g3iObb0].txt,3144
1340,@HighLifeWorkout,This is how a Miami Multi-Millionaire Spends His Money [AwsbSqqDVHI],@HighLifeWorkout/This is how a Miami Multi-Millionaire Spends His Money [AwsbSqqDVHI].txt,3198
1341,@HighLifeWorkout,5 Brutal Lessons from Failure I Wish I Knew In My 20s [KKxdUUwxFz4],@HighLifeWorkout/5 Brutal Lessons from Failure I Wish I Knew In My 20s [KKxdUUwxFz4].txt,3416
1342,@HighLifeWorkout,"How This Man Makes Over $1,000,000 Every Month! [z8AEvyk6tYk]","@HighLifeWorkout/How This Man Makes Over $1,000,000 Every Month! [z8AEvyk6tYk].txt",4470
1343,@HighLifeWorkout,A Day In My Life as a Millionaire in Miami [Vlog] [fPVeISx42m0],@HighLifeWorkout/A Day In My Life as a Millionaire in Miami [Vlog] [fPVeISx42m0].txt,2843
1344,@HighLifeWorkout,[WARNING] AI Is Changing How You Get Ripped [RtMbhu2Ma4U],@HighLifeWorkout/[WARNING] AI Is Changing How You Get Ripped [RtMbhu2Ma4U].txt,1670
1345,@HighLifeWorkout,Make HOT Women Chase After YOU! ｜ @GameGodGoldie [V2x60P6bgqg],@HighLifeWorkout/Make HOT Women Chase After YOU! ｜ @GameGodGoldie [V2x60P6bgqg].txt,4374
1346,@HighLifeWorkout,"I’m 42, If you’re in your 20’s and 30’s, watch this [h6OsZLcGn-c]","@HighLifeWorkout/I’m 42, If you’re in your 20’s and 30’s, watch this [h6OsZLcGn-c].txt",4558
1347,@HighLifeWorkout,How to Get A 6-Pack THIS Summer (Works Every time!) [Wp-c3pFvEkA],@HighLifeWorkout/How to Get A 6-Pack THIS Summer (Works Every time!) [Wp-c3pFvEkA].txt,3119
1348,@HighLifeWorkout,master_transcript,@HighLifeWorkout/master_transcript.txt,601472
1349,@HighLifeWorkout,3 Things you MUST avoid if you want to get Rich [DD826p38T8A],@HighLifeWorkout/3 Things you MUST avoid if you want to get Rich [DD826p38T8A].txt,4673
1350,@HighLifeWorkout,Can Ozempic Really Get You Shredded Without the Gym？ [Gd8xeAIhqlw],@HighLifeWorkout/Can Ozempic Really Get You Shredded Without the Gym？ [Gd8xeAIhqlw].txt,2138
1351,@HighLifeWorkout,"If you're ambitious but lazy, please watch this... [WdkJ4glTcEU]","@HighLifeWorkout/If you're ambitious but lazy, please watch this... [WdkJ4glTcEU].txt",5545
1352,@HighLifeWorkout,Is Amazon FBA Finally Dead？ [aN_n3nR7N-E],@HighLifeWorkout/Is Amazon FBA Finally Dead？ [aN_n3nR7N-E].txt,2725
1353,@HighLifeWorkout,Paris Olympics Mocking Christianity at the Opening Ceremony [N-nDsO0pLI4],@HighLifeWorkout/Paris Olympics Mocking Christianity at the Opening Ceremony [N-nDsO0pLI4].txt,1479
1354,@HighLifeWorkout,P Diddy Indictment EXPOSED [mZB2uL2gG7k],@HighLifeWorkout/P Diddy Indictment EXPOSED [mZB2uL2gG7k].txt,3764
1355,@HighLifeWorkout,The Blueprint To Make $5000 a month as an Online Trainer [Kvw5Js_UcH8],@HighLifeWorkout/The Blueprint To Make $5000 a month as an Online Trainer [Kvw5Js_UcH8].txt,4596
1356,@HighLifeWorkout,After what just came out… there’s no going back for Diddy! [Se5rxjengQA],@HighLifeWorkout/After what just came out… there’s no going back for Diddy! [Se5rxjengQA].txt,2083
1357,@HighLifeWorkout,"If you are in your 20s, this video will change your life [axWGDIOeNfo]","@HighLifeWorkout/If you are in your 20s, this video will change your life [axWGDIOeNfo].txt",3892
1358,@HighLifeWorkout,10 HABITS of RICH People That They Do That YOU Don't [9trwIyY8NYs],@HighLifeWorkout/10 HABITS of RICH People That They Do That YOU Don't [9trwIyY8NYs].txt,7852
1359,@HighLifeWorkout,Step-by-Step Guide to Your First $1M Business [No BS] [Nq4BlKy7QiU],@HighLifeWorkout/Step-by-Step Guide to Your First $1M Business [No BS] [Nq4BlKy7QiU].txt,4071
1360,@HighLifeWorkout,NOT reading this book Might be the reason you are still POOR [Gn646P50XgQ],@HighLifeWorkout/NOT reading this book Might be the reason you are still POOR [Gn646P50XgQ].txt,1350
1361,@HighLifeWorkout,21 Side Hustles That Will Make You RICH [Tier List] [_zzoL9_gpmI],@HighLifeWorkout/21 Side Hustles That Will Make You RICH [Tier List] [_zzoL9_gpmI].txt,5954
1362,@HighLifeWorkout,How to Get a 6-Pack FAST (No BS Method) [CxOIhB6YdG0],@HighLifeWorkout/How to Get a 6-Pack FAST (No BS Method) [CxOIhB6YdG0].txt,4836
1363,@HighLifeWorkout,You’re Not Charging Enough (Online Trainers Need to Hear This) [CBU12xx8iI4],@HighLifeWorkout/You’re Not Charging Enough (Online Trainers Need to Hear This) [CBU12xx8iI4].txt,1809
1364,@HighLifeWorkout,Here’s How To Stop Thinking Like The 99% [8N1OHoR2cHU],@HighLifeWorkout/Here’s How To Stop Thinking Like The 99% [8N1OHoR2cHU].txt,9476
1365,@HighLifeWorkout,40 Brutal Truths I Wish I Knew in My 20s [aQ2bN5td5-I],@HighLifeWorkout/40 Brutal Truths I Wish I Knew in My 20s [aQ2bN5td5-I].txt,17869
1366,@HighLifeWorkout,The Best Way To Make Money In The Stock Market [Free Class] [3o3J5tpuchM],@HighLifeWorkout/The Best Way To Make Money In The Stock Market [Free Class] [3o3J5tpuchM].txt,6226
1367,@HighLifeWorkout,How To Make Money as an Online Trainer [YYeZxvvSSUI],@HighLifeWorkout/How To Make Money as an Online Trainer [YYeZxvvSSUI].txt,9932
1368,@HighLifeWorkout,3 Secrets of DISCIPLINE [How to Master Self Control] [mP-KieD5rb4],@HighLifeWorkout/3 Secrets of DISCIPLINE [How to Master Self Control] [mP-KieD5rb4].txt,2614
1369,@HighLifeWorkout,5 Most Underrated Habits to Get Lean (and Stay Lean) [Z1CwBARiKz4],@HighLifeWorkout/5 Most Underrated Habits to Get Lean (and Stay Lean) [Z1CwBARiKz4].txt,2727
1370,@HighLifeWorkout,How To Make So Much FAST MONEY It Feels ILLEGAL [6iazFxhRDYg],@HighLifeWorkout/How To Make So Much FAST MONEY It Feels ILLEGAL [6iazFxhRDYg].txt,6262
1371,@HighLifeWorkout,21 DARK PSYCHOLOGY Sales Techniques to Sell Anything [zEemQMERP9M],@HighLifeWorkout/21 DARK PSYCHOLOGY Sales Techniques to Sell Anything [zEemQMERP9M].txt,11518
1372,@HighLifeWorkout,How To Rewire Your Brain For Success! [DXKsgcIhSjk],@HighLifeWorkout/How To Rewire Your Brain For Success! [DXKsgcIhSjk].txt,5227
1373,@HighLifeWorkout,The Power of Consistency： How Small Actions Lead to Big Results [IrRh-B5tjqE],@HighLifeWorkout/The Power of Consistency： How Small Actions Lead to Big Results [IrRh-B5tjqE].txt,4004
1374,@HighLifeWorkout,Extreme Ways to Build Muscle Fast (No BS) [qRNxtMW1i1E],@HighLifeWorkout/Extreme Ways to Build Muscle Fast (No BS) [qRNxtMW1i1E].txt,2806
1375,@HighLifeWorkout,"Crazy Election Theory! [Biden Drops Out, Trump Almost Died] [RdaA53ciBXw]","@HighLifeWorkout/Crazy Election Theory! [Biden Drops Out, Trump Almost Died] [RdaA53ciBXw].txt",4012
1376,@HighLifeWorkout,"How I Make $15,000 a Day Trading (Without Risking My Own Money) [XP3PjFA4Pz8]","@HighLifeWorkout/How I Make $15,000 a Day Trading (Without Risking My Own Money) [XP3PjFA4Pz8].txt",3695
1377,@HighLifeWorkout,3 Stoic Habits That Will Make You Mentally UNSTOPPABLE [Fq7PAEcf3Sc],@HighLifeWorkout/3 Stoic Habits That Will Make You Mentally UNSTOPPABLE [Fq7PAEcf3Sc].txt,4059
1378,@HighLifeWorkout,How To Break Your Bad Habits INSTANTLY [ATa0aOffC4Y],@HighLifeWorkout/How To Break Your Bad Habits INSTANTLY [ATa0aOffC4Y].txt,3940
1379,@HighLifeWorkout,How To Build Muscle and Burn Fat At The Same Time [v2DvM3vDGQI],@HighLifeWorkout/How To Build Muscle and Burn Fat At The Same Time [v2DvM3vDGQI].txt,4029
1380,@HighLifeWorkout,How to Get Rich This Summer (No BS) [l3Tzfe8TEA0],@HighLifeWorkout/How to Get Rich This Summer (No BS) [l3Tzfe8TEA0].txt,3272
1381,@HighLifeWorkout,This Book Will Make You Successful In Your 20’s [McFVu-DOzAw],@HighLifeWorkout/This Book Will Make You Successful In Your 20’s [McFVu-DOzAw].txt,4180
1382,@HighLifeWorkout,These Habits Will Make You SUPER RICH in 2025 [Zm9Zxzv_bN4],@HighLifeWorkout/These Habits Will Make You SUPER RICH in 2025 [Zm9Zxzv_bN4].txt,3649
1383,@HighLifeWorkout,Diddy and JAY-Z Case Explained [Findings Will Shock You] [AO4_lGbPqoI],@HighLifeWorkout/Diddy and JAY-Z Case Explained [Findings Will Shock You] [AO4_lGbPqoI].txt,4493
1384,@HighLifeWorkout,EXTREME FAT LOSS： Get Ripped For Summer in 2 weeks! [7mWpTsr6qwc],@HighLifeWorkout/EXTREME FAT LOSS： Get Ripped For Summer in 2 weeks! [7mWpTsr6qwc].txt,5124
1385,@HighLifeWorkout,Stop Wasting Your Life - 7 Things I Quit to Go From Broke to Millionaire [qdtuQRzbSpc],@HighLifeWorkout/Stop Wasting Your Life - 7 Things I Quit to Go From Broke to Millionaire [qdtuQRzbSpc].txt,6354
1386,@HighLifeWorkout,Most People Will Never Live Like This [w_AJ7D0xHeQ],@HighLifeWorkout/Most People Will Never Live Like This [w_AJ7D0xHeQ].txt,2416
1387,@HighLifeWorkout,This Is Better Than Steroids？ [Jeff Nippard Response] [RlsT1uGUTWI],@HighLifeWorkout/This Is Better Than Steroids？ [Jeff Nippard Response] [RlsT1uGUTWI].txt,4226
1388,@HighLifeWorkout,8 Books YOU MUST READ If You Want to GET RICH!!! [9uINz4UUfYc],@HighLifeWorkout/8 Books YOU MUST READ If You Want to GET RICH!!! [9uINz4UUfYc].txt,5228
1389,@HighLifeWorkout,Ranking Women Based On Their Job ｜ Myron Gaines Tier List  (Fresh & Fit) [xdMzMXABQeQ],@HighLifeWorkout/Ranking Women Based On Their Job ｜ Myron Gaines Tier List  (Fresh & Fit) [xdMzMXABQeQ].txt,7204
1390,@HighLifeWorkout,Buying a New Car! [$3M Test Drive] [QxImsDCntEU],@HighLifeWorkout/Buying a New Car! [$3M Test Drive] [QxImsDCntEU].txt,5236
1391,@HighLifeWorkout,This is More Important than Money (and you can't guess it) [lPlAP93oIVk],@HighLifeWorkout/This is More Important than Money (and you can't guess it) [lPlAP93oIVk].txt,1873
1392,@HighLifeWorkout,Don't Buy a Watch Until You See This Tier List [DxsNEzQrjDU],@HighLifeWorkout/Don't Buy a Watch Until You See This Tier List [DxsNEzQrjDU].txt,5667
1393,@HighLifeWorkout,12 Strange Secrets of the Rich (you can do too) [r5mL1BmjCAk],@HighLifeWorkout/12 Strange Secrets of the Rich (you can do too) [r5mL1BmjCAk].txt,3139
1394,@sam_sulek,Winter Shredathon Day 69 - Nice - Legs [XVQqUKoZM1k],@sam_sulek/Winter Shredathon Day 69 - Nice - Legs [XVQqUKoZM1k].txt,6125
1395,@sam_sulek,Winter Shredathon Day 94 - Legs [GEVU6_4uwQU],@sam_sulek/Winter Shredathon Day 94 - Legs [GEVU6_4uwQU].txt,4879
1396,@sam_sulek,Winter Shredathon Day 85 - Legs [ogc5wf2F3CI],@sam_sulek/Winter Shredathon Day 85 - Legs [ogc5wf2F3CI].txt,1077
1397,@sam_sulek,Winter Shredathon Day 83 - Back and QnA [GX6J1jyw95I],@sam_sulek/Winter Shredathon Day 83 - Back and QnA [GX6J1jyw95I].txt,7903
1398,@sam_sulek,Winter Shredathon Day 95 - Chest [HIkAf3M2UwM],@sam_sulek/Winter Shredathon Day 95 - Chest [HIkAf3M2UwM].txt,3740
1399,@sam_sulek,Winter Shredathon Day 87 - Back [qd-CUwyXab8],@sam_sulek/Winter Shredathon Day 87 - Back [qd-CUwyXab8].txt,1806
1400,@sam_sulek,Winter Shredathon Day 89 - Legs [Au-g4Cobo0Q],@sam_sulek/Winter Shredathon Day 89 - Legs [Au-g4Cobo0Q].txt,4814
1401,@sam_sulek,Winter Shredathon Day 92 - Back [5MVUMMz-3Tc],@sam_sulek/Winter Shredathon Day 92 - Back [5MVUMMz-3Tc].txt,4617
1402,@sam_sulek,Winter Shredathon Day 66 - Back with Bad Audio [9BdQDQt5Afo],@sam_sulek/Winter Shredathon Day 66 - Back with Bad Audio [9BdQDQt5Afo].txt,5508
1403,@sam_sulek,Winter Shredathon Day 107 - Chest [BIgGLZ-vkS0],@sam_sulek/Winter Shredathon Day 107 - Chest [BIgGLZ-vkS0].txt,4235
1404,@sam_sulek,Winter Shredathon Day 88 - Arms [VuTVLxfQU-4],@sam_sulek/Winter Shredathon Day 88 - Arms [VuTVLxfQU-4].txt,3345
1405,@sam_sulek,Clothing Announcement - Winter Shredathon Day 53 - Back [tQZa50VXnMk],@sam_sulek/Clothing Announcement - Winter Shredathon Day 53 - Back [tQZa50VXnMk].txt,5017
1406,@sam_sulek,Winter Shredathon Day 81 - Legs and Eggs [CJhv6fk2IpY],@sam_sulek/Winter Shredathon Day 81 - Legs and Eggs [CJhv6fk2IpY].txt,5279
1407,@sam_sulek,Winter Shredathon Day 103 - Chest [JZxUeKP5uvk],@sam_sulek/Winter Shredathon Day 103 - Chest [JZxUeKP5uvk].txt,2620
1408,@sam_sulek,Winter Shredathon Day 108 - Back [BVzlQcFHG7s],@sam_sulek/Winter Shredathon Day 108 - Back [BVzlQcFHG7s].txt,3263
1409,@sam_sulek,Winter Shredathon Day 72 -  Arms Breaking into Hour Long Cardio [VbYM1g8XKWk],@sam_sulek/Winter Shredathon Day 72 -  Arms Breaking into Hour Long Cardio [VbYM1g8XKWk].txt,4792
1410,@sam_sulek,Winter Shredathon Day 59 - Legs [4EaE8HZdpQw],@sam_sulek/Winter Shredathon Day 59 - Legs [4EaE8HZdpQw].txt,5495
1411,@sam_sulek,Winter Shredathon Day 110 - Legs [Ud4MnAEDYH8],@sam_sulek/Winter Shredathon Day 110 - Legs [Ud4MnAEDYH8].txt,1783
1412,@sam_sulek,Winter Shredathon Day 64 - Legs [daRv-k6TdKA],@sam_sulek/Winter Shredathon Day 64 - Legs [daRv-k6TdKA].txt,5912
1413,@sam_sulek,Winter Shredathon Day 101 - Arms You Glad It's Not Legs [cLq9IPxZZGQ],@sam_sulek/Winter Shredathon Day 101 - Arms You Glad It's Not Legs [cLq9IPxZZGQ].txt,1343
1414,@sam_sulek,Winter Shredathon Day 76 - Arms [Wghh5oJRHR4],@sam_sulek/Winter Shredathon Day 76 - Arms [Wghh5oJRHR4].txt,2902
1415,@sam_sulek,Winter Shredathon Day 93 - Arms [PTTFz41G0XM],@sam_sulek/Winter Shredathon Day 93 - Arms [PTTFz41G0XM].txt,3884
1416,@sam_sulek,Winter Shredathon Day 102 - Legs Post Rest Day [DBogg61gyW0],@sam_sulek/Winter Shredathon Day 102 - Legs Post Rest Day [DBogg61gyW0].txt,3167
1417,@sam_sulek,Winter Shredathon Day 74 - Wide Angle Chest Pump [i8xfJDIRF3U],@sam_sulek/Winter Shredathon Day 74 - Wide Angle Chest Pump [i8xfJDIRF3U].txt,4014
1418,@sam_sulek,Winter Shredathon Day 105 - Simple Arm Pump Only 2 Movements [GL9O8E9Xrgo],@sam_sulek/Winter Shredathon Day 105 - Simple Arm Pump Only 2 Movements [GL9O8E9Xrgo].txt,3583
1419,@sam_sulek,Winter Shredathon Day 79 - Back - Merry Liftmas [ELZVy2c40mc],@sam_sulek/Winter Shredathon Day 79 - Back - Merry Liftmas [ELZVy2c40mc].txt,4733
1420,@sam_sulek,Winter Shredathon Day 97 - Arms Below Freezing [BoLPme3gn-I],@sam_sulek/Winter Shredathon Day 97 - Arms Below Freezing [BoLPme3gn-I].txt,4667
1421,@sam_sulek,Last Arm Day in Vegas [c1busBCUiEE],@sam_sulek/Last Arm Day in Vegas [c1busBCUiEE].txt,1430
1422,@sam_sulek,Winter Shredathon Day 99 - Chest [DcwOVzC1QrY],@sam_sulek/Winter Shredathon Day 99 - Chest [DcwOVzC1QrY].txt,4512
1423,@sam_sulek,Chest With Jay Cutler [996VH3MvcyI],@sam_sulek/Chest With Jay Cutler [996VH3MvcyI].txt,7322
1424,@sam_sulek,Winter Shredathon Day 58 - Arms - 7 Set Draw [hUn7cT-RW-c],@sam_sulek/Winter Shredathon Day 58 - Arms - 7 Set Draw [hUn7cT-RW-c].txt,4491
1425,@sam_sulek,Winter Shredathon Day 60 - Back 2 Month Mark [QNzqI2OdEb8],@sam_sulek/Winter Shredathon Day 60 - Back 2 Month Mark [QNzqI2OdEb8].txt,1522
1426,@sam_sulek,master_transcript1,@sam_sulek/master_transcript1.txt,269896
1427,@sam_sulek,Winter Shredathon Day 100 - Back - Every Calorie Counts Heart to Heart [WhBAlacb1Is],@sam_sulek/Winter Shredathon Day 100 - Back - Every Calorie Counts Heart to Heart [WhBAlacb1Is].txt,3576
1428,@sam_sulek,Winter Shredathon Day 91 - Rest Day [W_G1LHtLNK8],@sam_sulek/Winter Shredathon Day 91 - Rest Day [W_G1LHtLNK8].txt,4667
1429,@sam_sulek,Winter Shredathon Day 55 - Legs - Veiniac Combo [hCzEVZBvX-c],@sam_sulek/Winter Shredathon Day 55 - Legs - Veiniac Combo [hCzEVZBvX-c].txt,6113
1430,@sam_sulek,Winter Shredathon Day 63 - Cardio [K1nGto647Fg],@sam_sulek/Winter Shredathon Day 63 - Cardio [K1nGto647Fg].txt,3683
1431,@sam_sulek,Winter Shredathon Day 68 - Shoulders - Veins and Striations [GOcyb10zv5w],@sam_sulek/Winter Shredathon Day 68 - Shoulders - Veins and Striations [GOcyb10zv5w].txt,7449
1432,@sam_sulek,Winter Shredathon Day 65 - Chest - Few Months To Go [5GCbRrToGaE],@sam_sulek/Winter Shredathon Day 65 - Chest - Few Months To Go [5GCbRrToGaE].txt,3216
1433,@sam_sulek,Winter Shredathon Day 104 - Back - Hefty Sets [V-z7koK01Q4],@sam_sulek/Winter Shredathon Day 104 - Back - Hefty Sets [V-z7koK01Q4].txt,4605
1434,@sam_sulek,Winter Shredathon Day 54  - Arms - Value of the Mind Muscle Connection [3Lu0tIVPl50],@sam_sulek/Winter Shredathon Day 54  - Arms - Value of the Mind Muscle Connection [3Lu0tIVPl50].txt,5138
1435,@sam_sulek,Winter Shredathon Day 80 - Arms on Christmas Day [oiDUs7rm9-o],@sam_sulek/Winter Shredathon Day 80 - Arms on Christmas Day [oiDUs7rm9-o].txt,4846
1436,@sam_sulek,Winter Shredathon Day 82 - Planet Chestness [rev5_ASRkjw],@sam_sulek/Winter Shredathon Day 82 - Planet Chestness [rev5_ASRkjw].txt,2068
1437,@sam_sulek,Step By Step Egg Whites - Short Full Day of Eating [qR61Y9mQo14],@sam_sulek/Step By Step Egg Whites - Short Full Day of Eating [qR61Y9mQo14].txt,2962
1438,@sam_sulek,Winter Shredathon Day 56 - Chest - Freak Factor Over 9000 [BKgLLKfZLmU],@sam_sulek/Winter Shredathon Day 56 - Chest - Freak Factor Over 9000 [BKgLLKfZLmU].txt,6847
1439,@sam_sulek,Winter Shredathon Day 78 - Merry Chestmas Eve [pH99hREiDH4],@sam_sulek/Winter Shredathon Day 78 - Merry Chestmas Eve [pH99hREiDH4].txt,3603
1440,@sam_sulek,Winter Shredathon Day 52 - Chest - Happy Thanksgiving [km-Vqhzsaus],@sam_sulek/Winter Shredathon Day 52 - Chest - Happy Thanksgiving [km-Vqhzsaus].txt,8593
1441,@sam_sulek,Winter Shredathon Day 98 - Legs - Intro Returns [SIi7C8KfblM],@sam_sulek/Winter Shredathon Day 98 - Legs - Intro Returns [SIi7C8KfblM].txt,4038
1442,@sam_sulek,Winter Shredathon Day 84  - Alternating Arm Workout [KciasarJJ94],@sam_sulek/Winter Shredathon Day 84  - Alternating Arm Workout [KciasarJJ94].txt,5570
1443,@sam_sulek,Winter Shredathon Day 70  - Chest - Approaching a Lean Machine [OC4Z3KSLUyM],@sam_sulek/Winter Shredathon Day 70  - Chest - Approaching a Lean Machine [OC4Z3KSLUyM].txt,6247
1444,@sam_sulek,Winter Shredathon Day 71 - Back - Officially Veiny [Uxa5bPQE-3Y],@sam_sulek/Winter Shredathon Day 71 - Back - Officially Veiny [Uxa5bPQE-3Y].txt,5275
1445,@sam_sulek,Vegas Vlog - In N Out and IHOP [8fZaGQG6-N8],@sam_sulek/Vegas Vlog - In N Out and IHOP [8fZaGQG6-N8].txt,947
1446,@sam_sulek,"Winter Shredathon Day 67 - Arms - Forgot to Pack Sweats, Jean Pump [HXjI_xAyink]","@sam_sulek/Winter Shredathon Day 67 - Arms - Forgot to Pack Sweats, Jean Pump [HXjI_xAyink].txt",3117
1447,@sam_sulek,master_transcript,@sam_sulek/master_transcript.txt,270621
1448,@sam_sulek,Winter Shredathon Day 109 - Arms - Christmas Tree Coming Back [ZVYtRfIlfSo],@sam_sulek/Winter Shredathon Day 109 - Arms - Christmas Tree Coming Back [ZVYtRfIlfSo].txt,3429
1449,@sam_sulek,"1 Hour of Seated Bike, No Commentary [GKbkYIF66ZQ]","@sam_sulek/1 Hour of Seated Bike, No Commentary [GKbkYIF66ZQ].txt",61
1450,@sam_sulek,Fall Cut Day 5 - Legs and Cardio [7qw8IV3mp4Q],@sam_sulek/Fall Cut Day 5 - Legs and Cardio [7qw8IV3mp4Q].txt,5034
1451,@sam_sulek,Winter Shredathon Day 51 - Legs [kyLj36NLI88],@sam_sulek/Winter Shredathon Day 51 - Legs [kyLj36NLI88].txt,4339
1452,@sam_sulek,Winter Shredathon Day 86 - Last Chest Day of 2024 [aN2Lmv1017g],@sam_sulek/Winter Shredathon Day 86 - Last Chest Day of 2024 [aN2Lmv1017g].txt,5501
1453,@sam_sulek,Fat Loss Focused Grocery Trip - No Treats [TYGvflxyb70],@sam_sulek/Fat Loss Focused Grocery Trip - No Treats [TYGvflxyb70].txt,4679
1454,@sam_sulek,Winter Shredathon Day 75 - Back - Short and Sweet [TUD7wb_2h80],@sam_sulek/Winter Shredathon Day 75 - Back - Short and Sweet [TUD7wb_2h80].txt,3761
1455,@sam_sulek,Winter Shredathon Day 57 - Back [L-29eNGK2Ak],@sam_sulek/Winter Shredathon Day 57 - Back [L-29eNGK2Ak].txt,4639
1456,@sam_sulek,Winter Shredathon Day 90 - Chest [O9RyZrdKP68],@sam_sulek/Winter Shredathon Day 90 - Chest [O9RyZrdKP68].txt,4365
1457,@sam_sulek,Winter Shredathon Day 77 - Legs - Feathering Loading [IWHPtA9bDHw],@sam_sulek/Winter Shredathon Day 77 - Legs - Feathering Loading [IWHPtA9bDHw].txt,3251
1458,@sam_sulek,Winter Shredathon Day 73 - Hamstrings [SlfjDpOUV34],@sam_sulek/Winter Shredathon Day 73 - Hamstrings [SlfjDpOUV34].txt,4394
1459,@sam_sulek,Winter Shredathon Day 96 - Back at Metro [hHqDMW6v0Qg],@sam_sulek/Winter Shredathon Day 96 - Back at Metro [hHqDMW6v0Qg].txt,2846
1460,@sam_sulek,Winter Shredathon Day 106 - All Time Leg Veins PR [1jqe1G3_q0c],@sam_sulek/Winter Shredathon Day 106 - All Time Leg Veins PR [1jqe1G3_q0c].txt,1257
1461,large_media_backup,master_transcript,large_media_backup/master_transcript.txt,16
1462,large_media_backup,HOW_TO_REASSEMBLE,large_media_backup/HOW_TO_REASSEMBLE.txt,13
1463,@theconditioncoaches,TAMPA PRO ｜ DAY 1 [Xq4Tfas_9Xo],@theconditioncoaches/TAMPA PRO ｜ DAY 1 [Xq4Tfas_9Xo].txt,957
1464,@theconditioncoaches,UKDBFA BRITISH FINALS ｜ THE CONDITION COACHES [Qc1dR4wyhIQ],@theconditioncoaches/UKDBFA BRITISH FINALS ｜ THE CONDITION COACHES [Qc1dR4wyhIQ].txt,2777
1465,@theconditioncoaches,EPISODE 3 PT 2： JORDAN GOMES IFBB PRO CARD WIN [8mRN1zf6PLs],@theconditioncoaches/EPISODE 3 PT 2： JORDAN GOMES IFBB PRO CARD WIN [8mRN1zf6PLs].txt,481
1466,@theconditioncoaches,IFBB PRO AMANDA WINSTON ｜ TORONTO PRO 2024 [yC3cXwLXzS0],@theconditioncoaches/IFBB PRO AMANDA WINSTON ｜ TORONTO PRO 2024 [yC3cXwLXzS0].txt,2973
1467,@theconditioncoaches,EPISODE 7 ｜ THE DUBAI EDITION [XegWs0EMj7o],@theconditioncoaches/EPISODE 7 ｜ THE DUBAI EDITION [XegWs0EMj7o].txt,1704
1468,@theconditioncoaches,IFBB PRO ANTOINE LOTH ｜ OPEN PRO DEBUT @EMPRO PRO [ki0h1YL7O4c],@theconditioncoaches/IFBB PRO ANTOINE LOTH ｜ OPEN PRO DEBUT @EMPRO PRO [ki0h1YL7O4c].txt,1885
1469,@theconditioncoaches,BACK 2 BACK BRITISH FINALS [NVynx4chbkc],@theconditioncoaches/BACK 2 BACK BRITISH FINALS [NVynx4chbkc].txt,5321
1470,@theconditioncoaches,The Condition Coaches Cup…. Season 3 [4k1t8DvQoIM],@theconditioncoaches/The Condition Coaches Cup…. Season 3 [4k1t8DvQoIM].txt,3027
1471,@theconditioncoaches,ARM DAY WITH IFBB PRO HARRY HARRIS [U5M2FfQ-mu4],@theconditioncoaches/ARM DAY WITH IFBB PRO HARRY HARRIS [U5M2FfQ-mu4].txt,1782
1472,@theconditioncoaches,2024 IFBB NEW YORK PRO ｜ THE CONDITION COACHES [0ovSDAtaMxA],@theconditioncoaches/2024 IFBB NEW YORK PRO ｜ THE CONDITION COACHES [0ovSDAtaMxA].txt,2262
1473,@theconditioncoaches,DAY IN THE LIFE ： BODYBUILDING PREP COACH [_PiS94_0RSE],@theconditioncoaches/DAY IN THE LIFE ： BODYBUILDING PREP COACH [_PiS94_0RSE].txt,3124
1474,@theconditioncoaches,TAMPA PRO I 2 DAYS OUT [HlpXRXsdMMc],@theconditioncoaches/TAMPA PRO I 2 DAYS OUT [HlpXRXsdMMc].txt,2558
1475,@theconditioncoaches,LEWIS BREED 4 DAYS OUT LEGION SPORTS FESTIVAL [iQlF70pUe9c],@theconditioncoaches/LEWIS BREED 4 DAYS OUT LEGION SPORTS FESTIVAL [iQlF70pUe9c].txt,2672
1476,@theconditioncoaches,EPISODE 8 I WELCOME NEW COACH IFBB PRO MATT MCCULLOUGH [JL5t1P-M27Y],@theconditioncoaches/EPISODE 8 I WELCOME NEW COACH IFBB PRO MATT MCCULLOUGH [JL5t1P-M27Y].txt,885
1477,@theconditioncoaches,THE GIRLS AT UKDBFA [G0J57dMieq4],@theconditioncoaches/THE GIRLS AT UKDBFA [G0J57dMieq4].txt,2052
1478,@theconditioncoaches,IFBB PRO AMANDA WINSTON ｜ LAST SHOW EVER？？？ [AINCesE4q8c],@theconditioncoaches/IFBB PRO AMANDA WINSTON ｜ LAST SHOW EVER？？？ [AINCesE4q8c].txt,4113
1479,@theconditioncoaches,TRU ATHLETE ｜ AMANDA WINSTON IFBB FIGURE PRO IS BACK ON STAGE [h_Re2FSahBM],@theconditioncoaches/TRU ATHLETE ｜ AMANDA WINSTON IFBB FIGURE PRO IS BACK ON STAGE [h_Re2FSahBM].txt,2120
1480,@theconditioncoaches,master_transcript1,@theconditioncoaches/master_transcript1.txt,96076
1481,@theconditioncoaches,DETROIT PRO DAY 1 FULL DAY OF EATING 1600 CARBS [iHn4lgGMm64],@theconditioncoaches/DETROIT PRO DAY 1 FULL DAY OF EATING 1600 CARBS [iHn4lgGMm64].txt,1966
1482,@theconditioncoaches,EPISODE 1 ｜ 1ST SHOW OF THE SEASON [-2gx9LZ5WG4],@theconditioncoaches/EPISODE 1 ｜ 1ST SHOW OF THE SEASON [-2gx9LZ5WG4].txt,638
1483,@theconditioncoaches,TEXAS PRO ｜ DAY 1 ｜ DESTINATION DALLAS [AEDC0tLP450],@theconditioncoaches/TEXAS PRO ｜ DAY 1 ｜ DESTINATION DALLAS [AEDC0tLP450].txt,859
1484,@theconditioncoaches,TEXAS PRO ｜ PART 2 [UW4YZzAufPc],@theconditioncoaches/TEXAS PRO ｜ PART 2 [UW4YZzAufPc].txt,2744
1485,@theconditioncoaches,EPISODE 5 ｜ THE CONDITION CUP PART 2 [-FhNYgcUq70],@theconditioncoaches/EPISODE 5 ｜ THE CONDITION CUP PART 2 [-FhNYgcUq70].txt,31
1486,@theconditioncoaches,SHOW DAY ｜ LEGIONS SPORTS FEST ｜ LEWIS BREED [4SiRMGdMDnk],@theconditioncoaches/SHOW DAY ｜ LEGIONS SPORTS FEST ｜ LEWIS BREED [4SiRMGdMDnk].txt,1606
1487,@theconditioncoaches,DETROIT PRO! IFBB PRO HARRY HARRIS MAKES HIS US DEBUT [OPOAmpk4Fu8],@theconditioncoaches/DETROIT PRO! IFBB PRO HARRY HARRIS MAKES HIS US DEBUT [OPOAmpk4Fu8].txt,4286
1488,@theconditioncoaches,BIGMAN PRO WEEKEND ALICANTE 2024 [dmK0BV1R_ow],@theconditioncoaches/BIGMAN PRO WEEKEND ALICANTE 2024 [dmK0BV1R_ow].txt,2513
1489,@theconditioncoaches,IFBB PRO AMANDA ｜ EMPRO PRO 2024 [tnBgMnwN6z4],@theconditioncoaches/IFBB PRO AMANDA ｜ EMPRO PRO 2024 [tnBgMnwN6z4].txt,2225
1490,@theconditioncoaches,BEN WEIDER UK NPC PRO QUALIFER - NEW IFBB PRO FLORIAN TORRES [e9vUQ-QB2ks],@theconditioncoaches/BEN WEIDER UK NPC PRO QUALIFER - NEW IFBB PRO FLORIAN TORRES [e9vUQ-QB2ks].txt,1879
1491,@theconditioncoaches,TEXAS PRO ｜ SHOW DAY [8QQ3GMsRSdU],@theconditioncoaches/TEXAS PRO ｜ SHOW DAY [8QQ3GMsRSdU].txt,2822
1492,@theconditioncoaches,TAMPA PRO ｜ SHOW DAY ｜ LEWIS BREED MAKES SOME NOISE!!! [Fz6Xo5iPMi0],@theconditioncoaches/TAMPA PRO ｜ SHOW DAY ｜ LEWIS BREED MAKES SOME NOISE!!! [Fz6Xo5iPMi0].txt,3184
1493,@theconditioncoaches,EUROPA PRO 2024 ｜ THE CONDITION COACHES [sR0fTdREAts],@theconditioncoaches/EUROPA PRO 2024 ｜ THE CONDITION COACHES [sR0fTdREAts].txt,7861
1494,@theconditioncoaches,EPISODE 6 ｜ AMATUER OLYMPIA ALICANTE [TriBDVlO2Tc],@theconditioncoaches/EPISODE 6 ｜ AMATUER OLYMPIA ALICANTE [TriBDVlO2Tc].txt,1973
1495,@theconditioncoaches,LEWIS BREED 1 DAY OUT LEGION SPORTS FEST [bUNOAfKNED8],@theconditioncoaches/LEWIS BREED 1 DAY OUT LEGION SPORTS FEST [bUNOAfKNED8].txt,1598
1496,@theconditioncoaches,ALICANTE PRO QUALIFIER 2024 [LHAt_iEW3zQ],@theconditioncoaches/ALICANTE PRO QUALIFIER 2024 [LHAt_iEW3zQ].txt,1920
1497,@theconditioncoaches,SHOW DAY! - CONDITION COACHES KINGDOM CLASSIC DAY 2 [FtJj0fJP87o],@theconditioncoaches/SHOW DAY! - CONDITION COACHES KINGDOM CLASSIC DAY 2 [FtJj0fJP87o].txt,441
1498,@theconditioncoaches,PCA BRITISH FINALS [ghd40P1RhtU],@theconditioncoaches/PCA BRITISH FINALS [ghd40P1RhtU].txt,1916
1499,@theconditioncoaches,EPISODE 2 ｜ BEN WEIDER - 2BROS PRO QUALIFIER [j9fZpRH01Pw],@theconditioncoaches/EPISODE 2 ｜ BEN WEIDER - 2BROS PRO QUALIFIER [j9fZpRH01Pw].txt,1307
1500,@theconditioncoaches,DAY 1 - CONDITION COACHES KINGDOM CLASSIC [cr6tA-0G7m4],@theconditioncoaches/DAY 1 - CONDITION COACHES KINGDOM CLASSIC [cr6tA-0G7m4].txt,2082
1501,@theconditioncoaches,master_transcript,@theconditioncoaches/master_transcript.txt,96543
1502,@theconditioncoaches,DAY 1 & 2 IN VEGAS ｜ LEWIS BREED POSES WITH FLEX LEWIS [MB3R68oJjxE],@theconditioncoaches/DAY 1 & 2 IN VEGAS ｜ LEWIS BREED POSES WITH FLEX LEWIS [MB3R68oJjxE].txt,533
1503,@theconditioncoaches,EPISODE 5 ｜ THE CONDITION CUP PART 1 [L5zyKpR2Omc],@theconditioncoaches/EPISODE 5 ｜ THE CONDITION CUP PART 1 [L5zyKpR2Omc].txt,1644
1504,@theconditioncoaches,BACK 2 BACK SHOW WEEKEND [bfvQh2Zi_8c],@theconditioncoaches/BACK 2 BACK SHOW WEEKEND [bfvQh2Zi_8c].txt,3408
1505,@theconditioncoaches,BEN WEIDER 2024 UK PRO QUALIFIER - THE BULL WINS HIS IFBB PRO CARD [f3J25TjFDkM],@theconditioncoaches/BEN WEIDER 2024 UK PRO QUALIFIER - THE BULL WINS HIS IFBB PRO CARD [f3J25TjFDkM].txt,1393
1506,@theconditioncoaches,EPISODE 3 PT 1 ｜ FIBO - Gomes meets Clarida [iPdEoWrANno],@theconditioncoaches/EPISODE 3 PT 1 ｜ FIBO - Gomes meets Clarida [iPdEoWrANno].txt,1357
1507,@theconditioncoaches,EPISODE 4 ｜ MUSCLE CONTEST IRELAND PRO QUALIFIER [f-hAnd5fX_s],@theconditioncoaches/EPISODE 4 ｜ MUSCLE CONTEST IRELAND PRO QUALIFIER [f-hAnd5fX_s].txt,3197
1508,@JeffNippard,master_transcript1,@JeffNippard/master_transcript1.txt,2262
1509,@JeffNippard,master_transcript,@JeffNippard/master_transcript.txt,2274
1510,@JeffNippard,"YOKED： The Ultimate Trap, Neck and Delt Workout (Science-Based) [k8IwhjE8rHQ]","@JeffNippard/YOKED： The Ultimate Trap, Neck and Delt Workout (Science-Based) [k8IwhjE8rHQ].txt",2262
1511,@FoundMyFitness,Peter Diamandis and Tony Robbins on strategies that promote longevity now – and in the near future [6OyynalpLLI],@FoundMyFitness/Peter Diamandis and Tony Robbins on strategies that promote longevity now – and in the near future [6OyynalpLLI].txt,15720
1512,@FoundMyFitness,"How Vitamin D, Omega-3s, & Exercise May Increase Longevity ｜ Dr. Rhonda Patrick [bhkxidN2M9Q]","@FoundMyFitness/How Vitamin D, Omega-3s, & Exercise May Increase Longevity ｜ Dr. Rhonda Patrick [bhkxidN2M9Q].txt",9533
1513,@FoundMyFitness,Can Psilocybin Treat Depression？ [wyvQsUxxYX8],@FoundMyFitness/Can Psilocybin Treat Depression？ [wyvQsUxxYX8].txt,1326
1514,@FoundMyFitness,"What Microplastics Are Doing to the Brain, Body, and Reproductive Systems [HTzw_grLzjw]","@FoundMyFitness/What Microplastics Are Doing to the Brain, Body, and Reproductive Systems [HTzw_grLzjw].txt",11573
1515,@FoundMyFitness,Dr. Bill Harris on the Omega-3 Index： Increasing Omega-3 to Promote Longevity & Transform Health [-f-CFQxaUY4],@FoundMyFitness/Dr. Bill Harris on the Omega-3 Index： Increasing Omega-3 to Promote Longevity & Transform Health [-f-CFQxaUY4].txt,17665
1516,@FoundMyFitness,"Intestinal Permeability： the Bacterial link to Aging, Brain Barrier Dysfunction & Metabolic Disorder [evQAzGaW1JU]","@FoundMyFitness/Intestinal Permeability： the Bacterial link to Aging, Brain Barrier Dysfunction & Metabolic Disorder [evQAzGaW1JU].txt",8897
1517,@FoundMyFitness,Get the Free 9-Page BDNF Protocol Guide： The Cognitive Enhancement Blueprint [jpyrkdrOWAg],@FoundMyFitness/Get the Free 9-Page BDNF Protocol Guide： The Cognitive Enhancement Blueprint [jpyrkdrOWAg].txt,159
1518,@FoundMyFitness,"Dr. Eran Elinav on Microbiome Insights into Personalized Response to Diet, Obesity, and Leaky Gut [3x9pQ00ocyA]","@FoundMyFitness/Dr. Eran Elinav on Microbiome Insights into Personalized Response to Diet, Obesity, and Leaky Gut [3x9pQ00ocyA].txt",16098
1519,@FoundMyFitness,"Dr. Andy Galpin： The Optimal Diet, Supplement, & Recovery Protocol for Peak Performance [DwtNC2A8gBk]","@FoundMyFitness/Dr. Andy Galpin： The Optimal Diet, Supplement, & Recovery Protocol for Peak Performance [DwtNC2A8gBk].txt",43925
1520,@FoundMyFitness,Dr. Martin Gibala： The Science of Vigorous Exercise — From VO2 Max to Time Efficiency of HIIT [anzG6tVdjkQ],@FoundMyFitness/Dr. Martin Gibala： The Science of Vigorous Exercise — From VO2 Max to Time Efficiency of HIIT [anzG6tVdjkQ].txt,27565
1521,@FoundMyFitness,"How to Improve Metabolic Health with HIIT, Circadian-Timed Eating, & Sleep [O5eyylFGoaU]","@FoundMyFitness/How to Improve Metabolic Health with HIIT, Circadian-Timed Eating, & Sleep [O5eyylFGoaU].txt",7461
1522,@FoundMyFitness,The Science of Magnesium and Its Role in Aging and Disease [G8FhKbsGhWU],@FoundMyFitness/The Science of Magnesium and Its Role in Aging and Disease [G8FhKbsGhWU].txt,11326
1523,@FoundMyFitness,Cold-Water Immersion and Cryotherapy： Neuroendocrine and Fat Browning Effects [XaLd5w6zF7A],@FoundMyFitness/Cold-Water Immersion and Cryotherapy： Neuroendocrine and Fat Browning Effects [XaLd5w6zF7A].txt,1310
1524,@FoundMyFitness,How To Increase Your Testosterone Levels Naturally ｜ Derek from MPMD [jj2J1ONi0JM],@FoundMyFitness/How To Increase Your Testosterone Levels Naturally ｜ Derek from MPMD [jj2J1ONi0JM].txt,34297
1525,@FoundMyFitness,master_transcript1,@FoundMyFitness/master_transcript1.txt,749924
1526,@FoundMyFitness,This Supplement Could Cut Your Dementia Risk By 40% [tpFOA1AUFCk],@FoundMyFitness/This Supplement Could Cut Your Dementia Risk By 40% [tpFOA1AUFCk].txt,2805
1527,@FoundMyFitness,How Micronutrients & Exercise Ameliorate Aging ｜ Dr. Rhonda Patrick [uGNLrWxsTiw],@FoundMyFitness/How Micronutrients & Exercise Ameliorate Aging ｜ Dr. Rhonda Patrick [uGNLrWxsTiw].txt,8480
1528,@FoundMyFitness,"George Church, PhD： Rewriting Genomes to Eradicate Disease and Aging [o4MZ-JaIvFI]","@FoundMyFitness/George Church, PhD： Rewriting Genomes to Eradicate Disease and Aging [o4MZ-JaIvFI].txt",16672
1529,@FoundMyFitness,"The Truth About Alcohol： Risks, Benefits, and Everything In-Between [ZsFNeQVuUPM]","@FoundMyFitness/The Truth About Alcohol： Risks, Benefits, and Everything In-Between [ZsFNeQVuUPM].txt",30615
1530,@FoundMyFitness,How To Use Coffee To Live Longer (Full Guide & Research) [vgrV9rjqQyA],@FoundMyFitness/How To Use Coffee To Live Longer (Full Guide & Research) [vgrV9rjqQyA].txt,7594
1531,@FoundMyFitness,"Dr. Brad Schoenfeld： Resistance Training for Time Efficiency, Body Composition & Maximum Hypertrophy [SUy6HwOhT3U]","@FoundMyFitness/Dr. Brad Schoenfeld： Resistance Training for Time Efficiency, Body Composition & Maximum Hypertrophy [SUy6HwOhT3U].txt",19949
1532,@FoundMyFitness,Try FoundMyFitness Premium for 30-days for free [P8N-KmACOjw],@FoundMyFitness/Try FoundMyFitness Premium for 30-days for free [P8N-KmACOjw].txt,515
1533,@FoundMyFitness,Dr. Benjamin Levine： How Exercise Prevents & Reverses Heart Aging [qMs145DJyb0],@FoundMyFitness/Dr. Benjamin Levine： How Exercise Prevents & Reverses Heart Aging [qMs145DJyb0].txt,21860
1534,@FoundMyFitness,"Andrew Huberman, PhD： How to Improve Motivation & Focus By Leveraging Dopamine [GrhLT9P61Z8]","@FoundMyFitness/Andrew Huberman, PhD： How to Improve Motivation & Focus By Leveraging Dopamine [GrhLT9P61Z8].txt",38162
1535,@FoundMyFitness,"Dr. Ashley Mason on Sauna Use for Depression, Conquering Insomnia, and Mindfully Breaking Bad Habits [f20HNxZdGvU]","@FoundMyFitness/Dr. Ashley Mason on Sauna Use for Depression, Conquering Insomnia, and Mindfully Breaking Bad Habits [f20HNxZdGvU].txt",18030
1536,@FoundMyFitness,"Morgan Levine, PhD, on PhenoAge and the Epigenetics of Age Acceleration — can we change the pace？ [_dOofH4PC9w]","@FoundMyFitness/Morgan Levine, PhD, on PhenoAge and the Epigenetics of Age Acceleration — can we change the pace？ [_dOofH4PC9w].txt",13771
1537,@FoundMyFitness,Dr. Rhonda Patrick： Optimizing Longevity with Micronutrients & Vigorous Exercise [JelnAdNFL2M],@FoundMyFitness/Dr. Rhonda Patrick： Optimizing Longevity with Micronutrients & Vigorous Exercise [JelnAdNFL2M].txt,8652
1538,@FoundMyFitness,The Brain and Social Impacts of Early Device Exposure and Screen Time [5SuZFgurRuM],@FoundMyFitness/The Brain and Social Impacts of Early Device Exposure and Screen Time [5SuZFgurRuM].txt,530
1539,@FoundMyFitness,"Axel Montagne, PhD, on Solving Alzheimer’s and Dementia with Blood-Brain Barrier Repair [lChdNK0I8bw]","@FoundMyFitness/Axel Montagne, PhD, on Solving Alzheimer’s and Dementia with Blood-Brain Barrier Repair [lChdNK0I8bw].txt",15220
1540,@FoundMyFitness,Why You Can’t Sleep (and How to Fix It) ｜  Dr. Michael Grandner [AQF_eopP1ys],@FoundMyFitness/Why You Can’t Sleep (and How to Fix It) ｜  Dr. Michael Grandner [AQF_eopP1ys].txt,40336
1541,@FoundMyFitness,How to Solve Aging in America (US Senate Testimony) [7VmYcVMuaoQ],@FoundMyFitness/How to Solve Aging in America (US Senate Testimony) [7VmYcVMuaoQ].txt,1494
1542,@FoundMyFitness,"Dr. Layne Norton on Building Muscle – Insights on Diet, Training, and Supplements [nyZlFBJOuh4]","@FoundMyFitness/Dr. Layne Norton on Building Muscle – Insights on Diet, Training, and Supplements [nyZlFBJOuh4].txt",37131
1543,@FoundMyFitness,master_transcript,@FoundMyFitness/master_transcript.txt,750603
1544,@FoundMyFitness,"The Science of Exercise for Cancer ｜ Kerry Courneya, PhD [vaFxN_cDuV0]","@FoundMyFitness/The Science of Exercise for Cancer ｜ Kerry Courneya, PhD [vaFxN_cDuV0].txt",18531
1545,@FoundMyFitness,How Heat Therapy Improves Slow Wave Sleep [rHKIs5Kcyo0],@FoundMyFitness/How Heat Therapy Improves Slow Wave Sleep [rHKIs5Kcyo0].txt,2348
1546,@FoundMyFitness,Why Exercise Intensity Matters for Longevity ｜ CrossFit for Health 2024 [Uttq6clVSb0],@FoundMyFitness/Why Exercise Intensity Matters for Longevity ｜ CrossFit for Health 2024 [Uttq6clVSb0].txt,8506
1547,@FoundMyFitness,"Stuart Phillips, PhD, on Building Muscle with Resistance Exercise and Reassessing Protein Intake [r8DSpOd0NZc]","@FoundMyFitness/Stuart Phillips, PhD, on Building Muscle with Resistance Exercise and Reassessing Protein Intake [r8DSpOd0NZc].txt",18619
1548,@FoundMyFitness,"Dr. Ben Bikman： How To Reverse Insulin Resistance Through Diet, Exercise, & Sleep [gMyosH19G24]","@FoundMyFitness/Dr. Ben Bikman： How To Reverse Insulin Resistance Through Diet, Exercise, & Sleep [gMyosH19G24].txt",31619
1549,@FoundMyFitness,The Longevity & Brain Benefits of Vigorous Exercise ｜ Dr. Rhonda Patrick [YXl1evV_spo],@FoundMyFitness/The Longevity & Brain Benefits of Vigorous Exercise ｜ Dr. Rhonda Patrick [YXl1evV_spo].txt,8864
1550,@FoundMyFitness,"The Optimal Creatine Protocol for Strength, Brain, and Longevity ｜ Darren Candow, PhD [ICsO-EHI_vM]","@FoundMyFitness/The Optimal Creatine Protocol for Strength, Brain, and Longevity ｜ Darren Candow, PhD [ICsO-EHI_vM].txt",20784
1551,@FoundMyFitness,"Chris McGlory, PhD, on the Anabolic Potential of Omega-3 Fatty Acids [jx6WPBjhdns]","@FoundMyFitness/Chris McGlory, PhD, on the Anabolic Potential of Omega-3 Fatty Acids [jx6WPBjhdns].txt",18502
1552,@FoundMyFitness,Dr. Dominic D'Agostino on Developing a Well-Designed Ketogenic Diet and Harnessing Its Benefits [nUoCasS4Evg],@FoundMyFitness/Dr. Dominic D'Agostino on Developing a Well-Designed Ketogenic Diet and Harnessing Its Benefits [nUoCasS4Evg].txt,26521
1553,@FoundMyFitness,"Dr. Peter Attia on Mastering Longevity – Insights on Cancer Prevention, Heart Disease, and Aging [Dyid7vWO0zI]","@FoundMyFitness/Dr. Peter Attia on Mastering Longevity – Insights on Cancer Prevention, Heart Disease, and Aging [Dyid7vWO0zI].txt",41782
1554,@FoundMyFitness,Is there a limit to human longevity？ [2oT1LUeCME0],@FoundMyFitness/Is there a limit to human longevity？ [2oT1LUeCME0].txt,1389
1555,@FoundMyFitness,How to Train According to the Experts [rdcMvDvY4rU],@FoundMyFitness/How to Train According to the Experts [rdcMvDvY4rU].txt,34169
1556,@FoundMyFitness,"The Science of Protein and Its Role in Longevity, Cancer, Aging, and Building Muscle [fvO8e-2y37k]","@FoundMyFitness/The Science of Protein and Its Role in Longevity, Cancer, Aging, and Building Muscle [fvO8e-2y37k].txt",6430
1557,@FoundMyFitness,Dr. Luc Van Loon： Optimizing Protein Intake & Distribution for Muscle Growth [wPLr0Ws5NWk],@FoundMyFitness/Dr. Luc Van Loon： Optimizing Protein Intake & Distribution for Muscle Growth [wPLr0Ws5NWk].txt,21888
1558,@FoundMyFitness,Ask Me Anything When You Sign Up as a FoundMyFitness Premium Member [M_dHGTFHluI],@FoundMyFitness/Ask Me Anything When You Sign Up as a FoundMyFitness Premium Member [M_dHGTFHluI].txt,477
1559,@FoundMyFitness,Can exercise replace alcohol cravings？ [g4QqJoox8tc],@FoundMyFitness/Can exercise replace alcohol cravings？ [g4QqJoox8tc].txt,824
1560,@NicksStrengthandPower,Do YOU want Kai Greene to compete at the Olympia？ [ROYRFncCRSA],@NicksStrengthandPower/Do YOU want Kai Greene to compete at the Olympia？ [ROYRFncCRSA].txt,763
1561,@NicksStrengthandPower,When Mr. Universe beat Mr. Olympia [GRjGFB98olo],@NicksStrengthandPower/When Mr. Universe beat Mr. Olympia [GRjGFB98olo].txt,815
1562,@NicksStrengthandPower,Luke Sandoe Posing Routine 2018 Indy Pro [jXPM3zQeLk0],@NicksStrengthandPower/Luke Sandoe Posing Routine 2018 Indy Pro [jXPM3zQeLk0].txt,68
1563,@NicksStrengthandPower,Powerlifting Legend Terry Todd passes away at age 80 [kmkEYUVyjdM],@NicksStrengthandPower/Powerlifting Legend Terry Todd passes away at age 80 [kmkEYUVyjdM].txt,461
1564,@NicksStrengthandPower,Was Akim Williams really Robbed？ [ZLN9Ck3W5_I],@NicksStrengthandPower/Was Akim Williams really Robbed？ [ZLN9Ck3W5_I].txt,960
1565,@NicksStrengthandPower,Regan Grimes Competes in Classic Physique! [SdQxiRKUxmA],@NicksStrengthandPower/Regan Grimes Competes in Classic Physique! [SdQxiRKUxmA].txt,770
1566,@NicksStrengthandPower,Steve Kuclo 2018 Indy Pro Posing Routine [aaAlod1_JY0],@NicksStrengthandPower/Steve Kuclo 2018 Indy Pro Posing Routine [aaAlod1_JY0].txt,1
1567,@NicksStrengthandPower,Silvio Samuel makes comeback at age 42 [GDfr0FHw_pk],@NicksStrengthandPower/Silvio Samuel makes comeback at age 42 [GDfr0FHw_pk].txt,92
1568,@NicksStrengthandPower,William Bonac Guest Posing 10 weeks out [i6zWjXvWOY4],@NicksStrengthandPower/William Bonac Guest Posing 10 weeks out [i6zWjXvWOY4].txt,397
1569,@NicksStrengthandPower,Bodybuilder has Fake Traps？ [F20vj7UEzag],@NicksStrengthandPower/Bodybuilder has Fake Traps？ [F20vj7UEzag].txt,709
1570,@NicksStrengthandPower,The Smallest Waist in Bodybuilding [S3vSZr8FGdw],@NicksStrengthandPower/The Smallest Waist in Bodybuilding [S3vSZr8FGdw].txt,855
1571,@NicksStrengthandPower,Regan Grimes and Chris Bumstead Posedown [qbL9H5T9sOg],@NicksStrengthandPower/Regan Grimes and Chris Bumstead Posedown [qbL9H5T9sOg].txt,665
1572,@NicksStrengthandPower,The Next Threat to the Mr. Olympia？ [20mnb7POOuU],@NicksStrengthandPower/The Next Threat to the Mr. Olympia？ [20mnb7POOuU].txt,1075
1573,@NicksStrengthandPower,Kevin Levrone's Most Shredded Physique [5Fp-XRrPvpk],@NicksStrengthandPower/Kevin Levrone's Most Shredded Physique [5Fp-XRrPvpk].txt,893
1574,@NicksStrengthandPower,Why do Men's Gymnasts have such Big Biceps？ [DftQl3cVKMA],@NicksStrengthandPower/Why do Men's Gymnasts have such Big Biceps？ [DftQl3cVKMA].txt,1252
1575,@NicksStrengthandPower,What was Nick Walker's Best Look Ever？ [0zbfSSm6Hz8],@NicksStrengthandPower/What was Nick Walker's Best Look Ever？ [0zbfSSm6Hz8].txt,2496
1576,@NicksStrengthandPower,The best Bodybuilder DIDN'T win this Olympia [3R5SnzU8qmM],@NicksStrengthandPower/The best Bodybuilder DIDN'T win this Olympia [3R5SnzU8qmM].txt,1358
1577,@NicksStrengthandPower,Kenny KO Channel Terminated [jKOhGCXAoeA],@NicksStrengthandPower/Kenny KO Channel Terminated [jKOhGCXAoeA].txt,1544
1578,@NicksStrengthandPower,Cedric McMillan Guest Posing 7 Weeks Out [9K4YwPh7dow],@NicksStrengthandPower/Cedric McMillan Guest Posing 7 Weeks Out [9K4YwPh7dow].txt,812
1579,@NicksStrengthandPower,Robert Nailon： Arnold's Personal Photographer [nm7tBuI9fXg],@NicksStrengthandPower/Robert Nailon： Arnold's Personal Photographer [nm7tBuI9fXg].txt,1042
1580,@NicksStrengthandPower,Forgotten Bodybuilder： Petar Celik [8CPOVOcZU3c],@NicksStrengthandPower/Forgotten Bodybuilder： Petar Celik [8CPOVOcZU3c].txt,657
1581,@NicksStrengthandPower,When Jay Cutler beat Big Ramy [9nS81DR8WiI],@NicksStrengthandPower/When Jay Cutler beat Big Ramy [9nS81DR8WiI].txt,1171
1582,@NicksStrengthandPower,Paul Dillet's best Physique [n86WcX0b6fk],@NicksStrengthandPower/Paul Dillet's best Physique [n86WcX0b6fk].txt,1297
1583,@NicksStrengthandPower,Top 10 Strongest High Schoolers 2018 [Ht48Akyphpg],@NicksStrengthandPower/Top 10 Strongest High Schoolers 2018 [Ht48Akyphpg].txt,866
1584,@NicksStrengthandPower,The Mountain Wins World's Strongest Man 2018 [rzQxfMs729s],@NicksStrengthandPower/The Mountain Wins World's Strongest Man 2018 [rzQxfMs729s].txt,372
1585,@NicksStrengthandPower,Shawn Rhoden Guest Posing 7 weeks out [5WFFnYkLshw],@NicksStrengthandPower/Shawn Rhoden Guest Posing 7 weeks out [5WFFnYkLshw].txt,755
1586,@NicksStrengthandPower,Charles Dixon posing routine 2018 Indy Pro [0jmhum60FFg],@NicksStrengthandPower/Charles Dixon posing routine 2018 Indy Pro [0jmhum60FFg].txt,0
1587,@NicksStrengthandPower,1976： The First Olympia without Arnold [eW4kmvdhQPs],@NicksStrengthandPower/1976： The First Olympia without Arnold [eW4kmvdhQPs].txt,715
1588,@NicksStrengthandPower,When Dorian Yates lost to the Giant Killer [EKl-3cTbEeI],@NicksStrengthandPower/When Dorian Yates lost to the Giant Killer [EKl-3cTbEeI].txt,1249
1589,@NicksStrengthandPower,Kevin Levrone： Why Ronnie Coleman Should NOT be Mr. Olympia [iuZDp0VA41Y],@NicksStrengthandPower/Kevin Levrone： Why Ronnie Coleman Should NOT be Mr. Olympia [iuZDp0VA41Y].txt,1058
1590,@NicksStrengthandPower,BREAKING NEWS： 2018 Olympia will be judged by the FANS!？ [qHRvK4bh_RU],@NicksStrengthandPower/BREAKING NEWS： 2018 Olympia will be judged by the FANS!？ [qHRvK4bh_RU].txt,240
1591,@NicksStrengthandPower,The Runner-Up at the First Two Olympias [AMx3JkpdzF0],@NicksStrengthandPower/The Runner-Up at the First Two Olympias [AMx3JkpdzF0].txt,1017
1592,@NicksStrengthandPower,Wesley Vissers Wins Pro-Debut [9SSwenJsHd4],@NicksStrengthandPower/Wesley Vissers Wins Pro-Debut [9SSwenJsHd4].txt,456
1593,@NicksStrengthandPower,"High School Senior Squats 1,025lbs [SCLDce1EvUQ]","@NicksStrengthandPower/High School Senior Squats 1,025lbs [SCLDce1EvUQ].txt",583
1594,@NicksStrengthandPower,Interview with IFBB Pro Steve Kuclo [srvy0qa0rf0],@NicksStrengthandPower/Interview with IFBB Pro Steve Kuclo [srvy0qa0rf0].txt,6403
1595,@NicksStrengthandPower,What did Kai do at Super League？ [QC3pjXRtGQE],@NicksStrengthandPower/What did Kai do at Super League？ [QC3pjXRtGQE].txt,1083
1596,@NicksStrengthandPower,The First Synthol User [K9MxWHEzcis],@NicksStrengthandPower/The First Synthol User [K9MxWHEzcis].txt,793
1597,@NicksStrengthandPower,Lee Labrada's Son Competes for Pro Card [rICATk4Fx1A],@NicksStrengthandPower/Lee Labrada's Son Competes for Pro Card [rICATk4Fx1A].txt,265
1598,@NicksStrengthandPower,Lee Priest： ＂Classic Physique will Surpass Bodybuilding＂ [eW567g72NyA],@NicksStrengthandPower/Lee Priest： ＂Classic Physique will Surpass Bodybuilding＂ [eW567g72NyA].txt,918
1599,@NicksStrengthandPower,How Strong was Rich Piana？ [3qTWdh-5sZA],@NicksStrengthandPower/How Strong was Rich Piana？ [3qTWdh-5sZA].txt,980
1600,@NicksStrengthandPower,Size isn't Everything [6TZ3PET5plI],@NicksStrengthandPower/Size isn't Everything [6TZ3PET5plI].txt,741
1601,@NicksStrengthandPower,Can we Reunite Arnold with his Old Training Partner？ [5hnJ21BrSOY],@NicksStrengthandPower/Can we Reunite Arnold with his Old Training Partner？ [5hnJ21BrSOY].txt,1146
1602,@NicksStrengthandPower,White House Chef has Bigger Arms than Mr. Olympia [WV8pKuYHKo0],@NicksStrengthandPower/White House Chef has Bigger Arms than Mr. Olympia [WV8pKuYHKo0].txt,685
1603,@NicksStrengthandPower,Ben Pakulski's Weight Loss Transformation [7CCqQkJOyj0],@NicksStrengthandPower/Ben Pakulski's Weight Loss Transformation [7CCqQkJOyj0].txt,1173
1604,@NicksStrengthandPower,Danny Hester  Classic Guest Posing 7 Weeks Out [fm3l9lkOwQg],@NicksStrengthandPower/Danny Hester  Classic Guest Posing 7 Weeks Out [fm3l9lkOwQg].txt,723
1605,@NicksStrengthandPower,The Most Underrated Bodybuilder of 2018 [4X2m_nOHfVw],@NicksStrengthandPower/The Most Underrated Bodybuilder of 2018 [4X2m_nOHfVw].txt,831
1606,@NicksStrengthandPower,Flex Lewis Announces Retirement from 212 [knGAdBugAJA],@NicksStrengthandPower/Flex Lewis Announces Retirement from 212 [knGAdBugAJA].txt,1032
1607,@NicksStrengthandPower,Regan Grimes 11 Days Out [p-rvtgazbNU],@NicksStrengthandPower/Regan Grimes 11 Days Out [p-rvtgazbNU].txt,909
1608,@NicksStrengthandPower,Kevin Levrone 2004 VS 2018 [wtthTonLghs],@NicksStrengthandPower/Kevin Levrone 2004 VS 2018 [wtthTonLghs].txt,721
1609,@NicksStrengthandPower,The Most Massive Bodybuilders of the 90's [YDGSbQNyGC0],@NicksStrengthandPower/The Most Massive Bodybuilders of the 90's [YDGSbQNyGC0].txt,1511
1610,@NicksStrengthandPower,The Next Mr. Olympia [GDiP7Zpy-bE],@NicksStrengthandPower/The Next Mr. Olympia [GDiP7Zpy-bE].txt,336
1611,@NicksStrengthandPower,2018 Chicago Pro： Sergio Oliva VS Michael Lockett [irYFx2AVHHw],@NicksStrengthandPower/2018 Chicago Pro： Sergio Oliva VS Michael Lockett [irYFx2AVHHw].txt,929
1612,@NicksStrengthandPower,The Bodybuilder that won the FIRST Mr. Universe and FIRST Mr. America titles [pwrQ31NRYRA],@NicksStrengthandPower/The Bodybuilder that won the FIRST Mr. Universe and FIRST Mr. America titles [pwrQ31NRYRA].txt,1073
1613,@NicksStrengthandPower,The Reincarnation of Arnold Schwarzenegger [WIqQI_E4WgI],@NicksStrengthandPower/The Reincarnation of Arnold Schwarzenegger [WIqQI_E4WgI].txt,1145
1614,@NicksStrengthandPower,Lee Priest 2018 Comeback？？？ [rjhEwdElvA0],@NicksStrengthandPower/Lee Priest 2018 Comeback？？？ [rjhEwdElvA0].txt,1178
1615,@NicksStrengthandPower,Supplement Companies using Fake Followers to Sell Products [Ol-nGpCTcXU],@NicksStrengthandPower/Supplement Companies using Fake Followers to Sell Products [Ol-nGpCTcXU].txt,976
1616,@NicksStrengthandPower,The Evolution of Phil Heath [oZVNvB_9Rps],@NicksStrengthandPower/The Evolution of Phil Heath [oZVNvB_9Rps].txt,1768
1617,@NicksStrengthandPower,Man turns Tree Stump into Arnold Schwarzenegger [bXMrFl-XWSA],@NicksStrengthandPower/Man turns Tree Stump into Arnold Schwarzenegger [bXMrFl-XWSA].txt,482
1618,@NicksStrengthandPower,Krizo Looks INSANE and He Knows It! + Samson's Plan for Prague + Can Joan Pradells Be a Factor？ [EO_hglfrYTk],@NicksStrengthandPower/Krizo Looks INSANE and He Knows It! + Samson's Plan for Prague + Can Joan Pradells Be a Factor？ [EO_hglfrYTk].txt,2118
1619,@NicksStrengthandPower,Chris Bumstead has already beaten Regan Grimes？ [WabCiJdrTJU],@NicksStrengthandPower/Chris Bumstead has already beaten Regan Grimes？ [WabCiJdrTJU].txt,833
1620,@NicksStrengthandPower,"Keone Pearson Looks INCREDIBLE in Latest Update, Can He Win the Prague Pro？ [XolnDA9r7-0]","@NicksStrengthandPower/Keone Pearson Looks INCREDIBLE in Latest Update, Can He Win the Prague Pro？ [XolnDA9r7-0].txt",1978
1621,@NicksStrengthandPower,Arnold Schwarzenegger： The Austrian Oak [VjjGZeBQDbs],@NicksStrengthandPower/Arnold Schwarzenegger： The Austrian Oak [VjjGZeBQDbs].txt,2548
1622,@NicksStrengthandPower,Calum Von Moger NOT HAPPY with Bodybuilding.com [eW_gHLgvbeM],@NicksStrengthandPower/Calum Von Moger NOT HAPPY with Bodybuilding.com [eW_gHLgvbeM].txt,691
1623,@NicksStrengthandPower,2018 Vancouver Pro First Callout [yHwjsGXXxeo],@NicksStrengthandPower/2018 Vancouver Pro First Callout [yHwjsGXXxeo].txt,442
1624,@NicksStrengthandPower,Phil Heath VS Big Ramy [5rDAkNUHDkw],@NicksStrengthandPower/Phil Heath VS Big Ramy [5rDAkNUHDkw].txt,894
1625,@NicksStrengthandPower,The German Giant that Defeated Ronnie Coleman [PY58uRKB9xA],@NicksStrengthandPower/The German Giant that Defeated Ronnie Coleman [PY58uRKB9xA].txt,1069
1626,@NicksStrengthandPower,The Next 212 Mr. Olympia？？ [TCoYHR744sw],@NicksStrengthandPower/The Next 212 Mr. Olympia？？ [TCoYHR744sw].txt,830
1627,@NicksStrengthandPower,Mark Bell training for first bodybuilding competition [Spgl1Sizt8w],@NicksStrengthandPower/Mark Bell training for first bodybuilding competition [Spgl1Sizt8w].txt,915
1628,@NicksStrengthandPower,Dorian Yates First Olympia (Unseen Photos) [Mk-ldqhpVFU],@NicksStrengthandPower/Dorian Yates First Olympia (Unseen Photos) [Mk-ldqhpVFU].txt,981
1629,@NicksStrengthandPower,Can Hadi Choopan Dominate the 212 Olympia？ [BoEAedC1FDA],@NicksStrengthandPower/Can Hadi Choopan Dominate the 212 Olympia？ [BoEAedC1FDA].txt,923
1630,@NicksStrengthandPower,master_transcript1,@NicksStrengthandPower/master_transcript1.txt,240541
1631,@NicksStrengthandPower,Chris Bumstead Guest Posing Condition [MoWoFBH36NI],@NicksStrengthandPower/Chris Bumstead Guest Posing Condition [MoWoFBH36NI].txt,829
1632,@NicksStrengthandPower,Lou Ferrigno weighed twice as much as this bodybuilder [1YlSclwoE4w],@NicksStrengthandPower/Lou Ferrigno weighed twice as much as this bodybuilder [1YlSclwoE4w].txt,1259
1633,@NicksStrengthandPower,Dallas McCarver Tribute [6BVJ-26n_Hw],@NicksStrengthandPower/Dallas McCarver Tribute [6BVJ-26n_Hw].txt,945
1634,@NicksStrengthandPower,The Legend Bruno Sammartino [3TddotAgPdI],@NicksStrengthandPower/The Legend Bruno Sammartino [3TddotAgPdI].txt,902
1635,@NicksStrengthandPower,2018 Classic Physique Olympia Predictions [qinMzQNvKrA],@NicksStrengthandPower/2018 Classic Physique Olympia Predictions [qinMzQNvKrA].txt,1828
1636,@NicksStrengthandPower,Kevin Levrone's Last Show Ever [g9FCnpA8_20],@NicksStrengthandPower/Kevin Levrone's Last Show Ever [g9FCnpA8_20].txt,901
1637,@NicksStrengthandPower,Franco Columbu： The First Under 200lbs Mr. Olympia [w7nC_NVrj-s],@NicksStrengthandPower/Franco Columbu： The First Under 200lbs Mr. Olympia [w7nC_NVrj-s].txt,2009
1638,@NicksStrengthandPower,Jay Cutler： ＂Kai Greene Can't Beat Phil Heath＂ [lLGvvXUz3iw],@NicksStrengthandPower/Jay Cutler： ＂Kai Greene Can't Beat Phil Heath＂ [lLGvvXUz3iw].txt,637
1639,@NicksStrengthandPower,Antoine Vaillant's Comeback [89h1HkP0VqU],@NicksStrengthandPower/Antoine Vaillant's Comeback [89h1HkP0VqU].txt,1110
1640,@NicksStrengthandPower,Top 5 Freakiest Bodybuilders that don't Compete [_0mk9KaN4ro],@NicksStrengthandPower/Top 5 Freakiest Bodybuilders that don't Compete [_0mk9KaN4ro].txt,834
1641,@NicksStrengthandPower,Is Classic Physique Easier than Bodybuilding？ [mrRACSC_38U],@NicksStrengthandPower/Is Classic Physique Easier than Bodybuilding？ [mrRACSC_38U].txt,1480
1642,@NicksStrengthandPower,Young Ronnie Coleman had a Classic Physique [LdRBNQq845U],@NicksStrengthandPower/Young Ronnie Coleman had a Classic Physique [LdRBNQq845U].txt,1083
1643,@NicksStrengthandPower,When She Forgets to Photoshop Your Pictures [7Pkyq13V5tE],@NicksStrengthandPower/When She Forgets to Photoshop Your Pictures [7Pkyq13V5tE].txt,682
1644,@NicksStrengthandPower,The next big star in Bodybuilding [MkNukm82MQY],@NicksStrengthandPower/The next big star in Bodybuilding [MkNukm82MQY].txt,819
1645,@NicksStrengthandPower,First World's Strongest Man 1977： Bodybuilders vs Football Players vs Wrestlers [OQ-Tad_GGeQ],@NicksStrengthandPower/First World's Strongest Man 1977： Bodybuilders vs Football Players vs Wrestlers [OQ-Tad_GGeQ].txt,1420
1646,@NicksStrengthandPower,Regan Grimes Wins his Classic Physique Debut! [XEoJpTiQ_Pg],@NicksStrengthandPower/Regan Grimes Wins his Classic Physique Debut! [XEoJpTiQ_Pg].txt,756
1647,@NicksStrengthandPower,Did Wesley Vissers Deserve his win in Chicago？ [h4k_GuFzvsk],@NicksStrengthandPower/Did Wesley Vissers Deserve his win in Chicago？ [h4k_GuFzvsk].txt,1329
1648,@NicksStrengthandPower,Branch Warren's Best Physique Ever [xdgLHqIjow0],@NicksStrengthandPower/Branch Warren's Best Physique Ever [xdgLHqIjow0].txt,1114
1649,@NicksStrengthandPower,The Best Bodybuilding Pics Ever [A29O1aHrcVs],@NicksStrengthandPower/The Best Bodybuilding Pics Ever [A29O1aHrcVs].txt,1075
1650,@NicksStrengthandPower,Saying Goodbye to Hedge.... [Y4uYlrlu4mg],@NicksStrengthandPower/Saying Goodbye to Hedge.... [Y4uYlrlu4mg].txt,2377
1651,@NicksStrengthandPower,2018 California Pro 1st Callout [LGJZKJms8sg],@NicksStrengthandPower/2018 California Pro 1st Callout [LGJZKJms8sg].txt,544
1652,@NicksStrengthandPower,How Roelly Winklaar Shrunk his Waist [o2wyRjdhock],@NicksStrengthandPower/How Roelly Winklaar Shrunk his Waist [o2wyRjdhock].txt,1051
1653,@NicksStrengthandPower,2018 Arnold Classic Australia Full Recap [8M0oA5Azfao],@NicksStrengthandPower/2018 Arnold Classic Australia Full Recap [8M0oA5Azfao].txt,1528
1654,@NicksStrengthandPower,Arnold's Stunt Double [UyF-DnVa09s],@NicksStrengthandPower/Arnold's Stunt Double [UyF-DnVa09s].txt,641
1655,@NicksStrengthandPower,＂You can't call yourselves Mr. Olympia＂ - Phil Heath's GF [POUweD96QpE],@NicksStrengthandPower/＂You can't call yourselves Mr. Olympia＂ - Phil Heath's GF [POUweD96QpE].txt,871
1656,@NicksStrengthandPower,Samir Bannout： ＂There Should be only ONE Mr. Olympia＂ [tWoQWFXtZbk],@NicksStrengthandPower/Samir Bannout： ＂There Should be only ONE Mr. Olympia＂ [tWoQWFXtZbk].txt,852
1657,@NicksStrengthandPower,Real Natural Bodybuilding [2ikCxcRi0RM],@NicksStrengthandPower/Real Natural Bodybuilding [2ikCxcRi0RM].txt,2912
1658,@NicksStrengthandPower,"2018 Pittsburgh Pro Guest Posing- Phil Heath, Big Ramy, Roelly Winklaar, Dexter Jackson [_Af0F2bFdgQ]","@NicksStrengthandPower/2018 Pittsburgh Pro Guest Posing- Phil Heath, Big Ramy, Roelly Winklaar, Dexter Jackson [_Af0F2bFdgQ].txt",240
1659,@NicksStrengthandPower,The Best Triceps of the Golden Era [83nmlFK3KGQ],@NicksStrengthandPower/The Best Triceps of the Golden Era [83nmlFK3KGQ].txt,853
1660,@NicksStrengthandPower,Can Phil Heath Break the Olympia Record？ [DMSt4BPMntA],@NicksStrengthandPower/Can Phil Heath Break the Olympia Record？ [DMSt4BPMntA].txt,1859
1661,@NicksStrengthandPower,Nick Walker Explains Split With His Coach + Derek Lunsford's Olympia Panic Attack Backstage + MORE [VnXPsFpkuh0],@NicksStrengthandPower/Nick Walker Explains Split With His Coach + Derek Lunsford's Olympia Panic Attack Backstage + MORE [VnXPsFpkuh0].txt,3214
1662,@NicksStrengthandPower,2025 Poland Pro Bodybuilding Lineup and Preview [_Oz9wCPMECk],@NicksStrengthandPower/2025 Poland Pro Bodybuilding Lineup and Preview [_Oz9wCPMECk].txt,2034
1663,@NicksStrengthandPower,Keeping a Classic Physique at age 62 [OQhT4Db2GcI],@NicksStrengthandPower/Keeping a Classic Physique at age 62 [OQhT4Db2GcI].txt,678
1664,@NicksStrengthandPower,The Most Improved Bodybuilder at the Arnold [fJWLvONAgak],@NicksStrengthandPower/The Most Improved Bodybuilder at the Arnold [fJWLvONAgak].txt,900
1665,@NicksStrengthandPower,Will Regan Grimes compete in Classic Physique in 6 Weeks？ [TK_ZRBz3njQ],@NicksStrengthandPower/Will Regan Grimes compete in Classic Physique in 6 Weeks？ [TK_ZRBz3njQ].txt,1111
1666,@NicksStrengthandPower,Did Steve Laureus deserve to win the Pittsburgh Pro？ [4VEFPRX6R-Y],@NicksStrengthandPower/Did Steve Laureus deserve to win the Pittsburgh Pro？ [4VEFPRX6R-Y].txt,1203
1667,@NicksStrengthandPower,Tattoos in Bodybuilding？ [A-HoNkIqh0U],@NicksStrengthandPower/Tattoos in Bodybuilding？ [A-HoNkIqh0U].txt,1693
1668,@NicksStrengthandPower,Big Ramy Posing Video 8 Weeks Out [YRMYMbV0evs],@NicksStrengthandPower/Big Ramy Posing Video 8 Weeks Out [YRMYMbV0evs].txt,730
1669,@NicksStrengthandPower,Father and Son Bodybuilders [YEPJOZX_hNo],@NicksStrengthandPower/Father and Son Bodybuilders [YEPJOZX_hNo].txt,788
1670,@NicksStrengthandPower,Cedric McMillan 12 Weeks Out from Olympia [ojEgeVanzLs],@NicksStrengthandPower/Cedric McMillan 12 Weeks Out from Olympia [ojEgeVanzLs].txt,569
1671,@NicksStrengthandPower,1973： Arnold's Most Shredded Physique [AdjyhxHoQJY],@NicksStrengthandPower/1973： Arnold's Most Shredded Physique [AdjyhxHoQJY].txt,802
1672,@NicksStrengthandPower,Branch Warren Pumping Up Backstage at the Arnold [ehx7Q0wQ-eo],@NicksStrengthandPower/Branch Warren Pumping Up Backstage at the Arnold [ehx7Q0wQ-eo].txt,530
1673,@NicksStrengthandPower,Olympia Winners that kept their gains after retiring [CFAy3X0HY_s],@NicksStrengthandPower/Olympia Winners that kept their gains after retiring [CFAy3X0HY_s].txt,1388
1674,@NicksStrengthandPower,Lee Priest's Comeback to win the Mr. Universe [hReQbvt9NJA],@NicksStrengthandPower/Lee Priest's Comeback to win the Mr. Universe [hReQbvt9NJA].txt,913
1675,@NicksStrengthandPower,Banned from World's Strongest Man？ [-koqDcVbbe8],@NicksStrengthandPower/Banned from World's Strongest Man？ [-koqDcVbbe8].txt,1039
1676,@NicksStrengthandPower,Worst Bodybuilding Injuries of the Year [ETd0S_Eggcc],@NicksStrengthandPower/Worst Bodybuilding Injuries of the Year [ETd0S_Eggcc].txt,688
1677,@NicksStrengthandPower,Did Hulk Hogan really have bigger arms than Arnold Schwarzenegger？ [n95mkkhW7CI],@NicksStrengthandPower/Did Hulk Hogan really have bigger arms than Arnold Schwarzenegger？ [n95mkkhW7CI].txt,773
1678,@NicksStrengthandPower,Triple H Interviews Jay Cutler and Ronnie Coleman [Z39Bgb7vtoo],@NicksStrengthandPower/Triple H Interviews Jay Cutler and Ronnie Coleman [Z39Bgb7vtoo].txt,669
1679,@NicksStrengthandPower,Phil Heath VS Nick's Strength and Power？ [GjwTOVgN91Y],@NicksStrengthandPower/Phil Heath VS Nick's Strength and Power？ [GjwTOVgN91Y].txt,1275
1680,@NicksStrengthandPower,Stallone still ripped and lifting heavy at age 71 [jdTd0DjzShQ],@NicksStrengthandPower/Stallone still ripped and lifting heavy at age 71 [jdTd0DjzShQ].txt,617
1681,@NicksStrengthandPower,Lee Priest VS His Sponsors [D6Ncpx4QDFM],@NicksStrengthandPower/Lee Priest VS His Sponsors [D6Ncpx4QDFM].txt,845
1682,@NicksStrengthandPower,Lee Priest VS The Mass Monsters [I4DSmaFRrnw],@NicksStrengthandPower/Lee Priest VS The Mass Monsters [I4DSmaFRrnw].txt,901
1683,@NicksStrengthandPower,Steve Laureus Switching from Classic to 212？ [D9p0PEigLvM],@NicksStrengthandPower/Steve Laureus Switching from Classic to 212？ [D9p0PEigLvM].txt,1411
1684,@NicksStrengthandPower,400lb Bodybuilder Greg Kovacs Measures his Arm (25 inches) [Wfbm0QtFAc4],@NicksStrengthandPower/400lb Bodybuilder Greg Kovacs Measures his Arm (25 inches) [Wfbm0QtFAc4].txt,433
1685,@NicksStrengthandPower,Big Ramy 2018 Olympia Prep [c20mV5GqJUo],@NicksStrengthandPower/Big Ramy 2018 Olympia Prep [c20mV5GqJUo].txt,909
1686,@NicksStrengthandPower,Classic Physique 2018 [mM3Y41gboLE],@NicksStrengthandPower/Classic Physique 2018 [mM3Y41gboLE].txt,1720
1687,@NicksStrengthandPower,Cody Montgomery takes 12th place in Dallas？？ [DmgZhukux1g],@NicksStrengthandPower/Cody Montgomery takes 12th place in Dallas？？ [DmgZhukux1g].txt,1044
1688,@NicksStrengthandPower,Bill Kazmaier accuses Tom Platz of Fake Weights [B1g18wFs4ec],@NicksStrengthandPower/Bill Kazmaier accuses Tom Platz of Fake Weights [B1g18wFs4ec].txt,923
1689,@NicksStrengthandPower,2018 Toronto Pro Results [6iSDJTT8h0M],@NicksStrengthandPower/2018 Toronto Pro Results [6iSDJTT8h0M].txt,1066
1690,@NicksStrengthandPower,Frank Zane VS Arnold Schwarzenegger [eEmdCknvjjk],@NicksStrengthandPower/Frank Zane VS Arnold Schwarzenegger [eEmdCknvjjk].txt,1442
1691,@NicksStrengthandPower,Should you stay Natural？ [bOvwZhi5NGo],@NicksStrengthandPower/Should you stay Natural？ [bOvwZhi5NGo].txt,3190
1692,@NicksStrengthandPower,Official Olympia Press Release： Phil Heath ＂No comment on Fan vote＂ [QPWC95QJ4Vo],@NicksStrengthandPower/Official Olympia Press Release： Phil Heath ＂No comment on Fan vote＂ [QPWC95QJ4Vo].txt,1147
1693,@NicksStrengthandPower,Ruff Diesel WINS Prague + Nick Walker Splits With His Coach AGAIN + Prague Pro Scorecards [q6a2XzbetC4],@NicksStrengthandPower/Ruff Diesel WINS Prague + Nick Walker Splits With His Coach AGAIN + Prague Pro Scorecards [q6a2XzbetC4].txt,2564
1694,@NicksStrengthandPower,Olympia Winners that Lost all their Gains [RG8M-tlozuM],@NicksStrengthandPower/Olympia Winners that Lost all their Gains [RG8M-tlozuM].txt,1024
1695,@NicksStrengthandPower,Before Phil Heath Beat Dexter Jackson [ohj7O0R04b0],@NicksStrengthandPower/Before Phil Heath Beat Dexter Jackson [ohj7O0R04b0].txt,821
1696,@NicksStrengthandPower,Kevin Levrone will compete again？？ [OtTIPuYBpdc],@NicksStrengthandPower/Kevin Levrone will compete again？？ [OtTIPuYBpdc].txt,1144
1697,@NicksStrengthandPower,5 Massive Bodybuilders that Quit Competing [L9TVKOm_Fw4],@NicksStrengthandPower/5 Massive Bodybuilders that Quit Competing [L9TVKOm_Fw4].txt,1082
1698,@NicksStrengthandPower,The Bodybuilder Vince McMahon thought could bring down the IFBB [9oFvVScWNM0],@NicksStrengthandPower/The Bodybuilder Vince McMahon thought could bring down the IFBB [9oFvVScWNM0].txt,1347
1699,@NicksStrengthandPower,Wikipedia VS Jeremy Buendia [_pskrJhEX3o],@NicksStrengthandPower/Wikipedia VS Jeremy Buendia [_pskrJhEX3o].txt,644
1700,@NicksStrengthandPower,Steve Laureus Tries Competing in 212 Division [U6aYDoO7ySw],@NicksStrengthandPower/Steve Laureus Tries Competing in 212 Division [U6aYDoO7ySw].txt,711
1701,@NicksStrengthandPower,2025 Prague Pro Prejudging： Samson VS Martin + Is Keone in 5th？？？ [Hur2RyFr4eg],@NicksStrengthandPower/2025 Prague Pro Prejudging： Samson VS Martin + Is Keone in 5th？？？ [Hur2RyFr4eg].txt,2867
1702,@NicksStrengthandPower,Kevin Levrone vs Flex Wheeler 1996 [cpCduggm_ac],@NicksStrengthandPower/Kevin Levrone vs Flex Wheeler 1996 [cpCduggm_ac].txt,585
1703,@NicksStrengthandPower,The Polish Powerhouse： Ivan Putski [kknxnspSIUY],@NicksStrengthandPower/The Polish Powerhouse： Ivan Putski [kknxnspSIUY].txt,1159
1704,@NicksStrengthandPower,Conditioning doesn't matter anymore？ [2Jkx1mQGaNE],@NicksStrengthandPower/Conditioning doesn't matter anymore？ [2Jkx1mQGaNE].txt,3108
1705,@NicksStrengthandPower,First Callout： 2018 Toronto Pro [S40-QaTmFhY],@NicksStrengthandPower/First Callout： 2018 Toronto Pro [S40-QaTmFhY].txt,885
1706,@NicksStrengthandPower,master_transcript,@NicksStrengthandPower/master_transcript.txt,242569
1707,@NicksStrengthandPower,Chris Bumstead Training with Breon Ansley and Guest Posing 8 Weeks out [097SsgYbBO8],@NicksStrengthandPower/Chris Bumstead Training with Breon Ansley and Guest Posing 8 Weeks out [097SsgYbBO8].txt,425
1708,@NicksStrengthandPower,Golden Era VS Modern Bodybuilding [flc-L_XzYEo],@NicksStrengthandPower/Golden Era VS Modern Bodybuilding [flc-L_XzYEo].txt,2337
1709,@NicksStrengthandPower,The Myth： Sergio Oliva [lNLYue_6AZQ],@NicksStrengthandPower/The Myth： Sergio Oliva [lNLYue_6AZQ].txt,2008
1710,@NicksStrengthandPower,The Voice of Bodybuilding [_uy99gdH7uc],@NicksStrengthandPower/The Voice of Bodybuilding [_uy99gdH7uc].txt,1017
1711,@NicksStrengthandPower,2018 Mr. Olympia People's Champ？？？ [Q_lNvz3OCTg],@NicksStrengthandPower/2018 Mr. Olympia People's Champ？？？ [Q_lNvz3OCTg].txt,2192
1712,@NicksStrengthandPower,The man who invented the Bench Press [Lm0I_HgP0ME],@NicksStrengthandPower/The man who invented the Bench Press [Lm0I_HgP0ME].txt,969
1713,@NicksStrengthandPower,"Francis Benfatto age 60, still got it! [QCPgo0fB_JY]","@NicksStrengthandPower/Francis Benfatto age 60, still got it! [QCPgo0fB_JY].txt",715
1714,@NicksStrengthandPower,Will Breon Ansley be able to retain the Classic Olympia title this year？ [Xnraqxdtzjk],@NicksStrengthandPower/Will Breon Ansley be able to retain the Classic Olympia title this year？ [Xnraqxdtzjk].txt,991
1715,@NicksStrengthandPower,Finally Bought My Dream Car.... [687t011Eoys],@NicksStrengthandPower/Finally Bought My Dream Car.... [687t011Eoys].txt,1425
1716,@NicksStrengthandPower,Early Predictions for 2018 Olympia [AQIlzSMeK1w],@NicksStrengthandPower/Early Predictions for 2018 Olympia [AQIlzSMeK1w].txt,2209
1717,@NicksStrengthandPower,Roelly Winklaar looking INSANE at guest posing 7 weeks out [9XANKJ-CZZE],@NicksStrengthandPower/Roelly Winklaar looking INSANE at guest posing 7 weeks out [9XANKJ-CZZE].txt,595
1718,@NicksStrengthandPower,2018 New York Pro Predictions [K3PBz4ZYJG0],@NicksStrengthandPower/2018 New York Pro Predictions [K3PBz4ZYJG0].txt,1112
1719,@NicksStrengthandPower,Tom Platz Squatting 365lbs for reps at age 62 [GfoYwIj_Ar8],@NicksStrengthandPower/Tom Platz Squatting 365lbs for reps at age 62 [GfoYwIj_Ar8].txt,726
1720,@NicksStrengthandPower,Levrone VS Wolf： Who had the best Comeback？ [gTEUz2_a2UY],@NicksStrengthandPower/Levrone VS Wolf： Who had the best Comeback？ [gTEUz2_a2UY].txt,1458
1721,@NicksStrengthandPower,The Best Poser in Classic Physique？ [4vDsGkOryoY],@NicksStrengthandPower/The Best Poser in Classic Physique？ [4vDsGkOryoY].txt,816
1722,@NicksStrengthandPower,Phil Heath VS Big Ramy Offseason Guest Posing [n8UNifpGbYM],@NicksStrengthandPower/Phil Heath VS Big Ramy Offseason Guest Posing [n8UNifpGbYM].txt,848
1723,@NicksStrengthandPower,Bodybuilders on Instagram Vs Real Life [bkrGiASFRYw],@NicksStrengthandPower/Bodybuilders on Instagram Vs Real Life [bkrGiASFRYw].txt,828
1724,@NicksStrengthandPower,Flex Lewis WILL be competing as a Men's Open Bodybuilder [nP20j1xiOfc],@NicksStrengthandPower/Flex Lewis WILL be competing as a Men's Open Bodybuilder [nP20j1xiOfc].txt,1018
1725,@NicksStrengthandPower,Top 5 Most Ripped Bodybuilders Ever [KPvR_exB-yo],@NicksStrengthandPower/Top 5 Most Ripped Bodybuilders Ever [KPvR_exB-yo].txt,1280
1726,@NicksStrengthandPower,2018 New York Pro First Callout [iwNwc3hEK50],@NicksStrengthandPower/2018 New York Pro First Callout [iwNwc3hEK50].txt,735
1727,@NicksStrengthandPower,Kai Greene's Amazing Transformation [bYIALmlVOAE],@NicksStrengthandPower/Kai Greene's Amazing Transformation [bYIALmlVOAE].txt,791
1728,@NicksStrengthandPower,50 Years of Bodybuilding [9zrX618CYN8],@NicksStrengthandPower/50 Years of Bodybuilding [9zrX618CYN8].txt,867
1729,@NicksStrengthandPower,5 times Arnold went Flexing in Public [MS-c1gE5Ewk],@NicksStrengthandPower/5 times Arnold went Flexing in Public [MS-c1gE5Ewk].txt,1057
1730,@NicksStrengthandPower,Akim Williams controversially places 2nd AGAIN？ [7QYuNLQRJdo],@NicksStrengthandPower/Akim Williams controversially places 2nd AGAIN？ [7QYuNLQRJdo].txt,1052
1731,@NicksStrengthandPower,2018 IFBB INDY Pro Full Recap and Results [B-rGRRjUBJI],@NicksStrengthandPower/2018 IFBB INDY Pro Full Recap and Results [B-rGRRjUBJI].txt,2602
1732,@NicksStrengthandPower,Steve Laureus Pulls Out of Olympia [EdcS3ngq0xk],@NicksStrengthandPower/Steve Laureus Pulls Out of Olympia [EdcS3ngq0xk].txt,881
1733,@NicksStrengthandPower,Cody Montgomery Competes in 212 [NxbPiAsJseg],@NicksStrengthandPower/Cody Montgomery Competes in 212 [NxbPiAsJseg].txt,602
1734,@NicksStrengthandPower,Is Calum Von Moger's Bodybuilding Career Over？ [UMb_RVnCB8c],@NicksStrengthandPower/Is Calum Von Moger's Bodybuilding Career Over？ [UMb_RVnCB8c].txt,1105
1735,@NicksStrengthandPower,My Response to Dexter Jackson's video about me [tynh4q3G_Qo],@NicksStrengthandPower/My Response to Dexter Jackson's video about me [tynh4q3G_Qo].txt,1182
1736,@NicksStrengthandPower,Jeremy Buendia VS Sergio Oliva Jr [hyK2ympYsws],@NicksStrengthandPower/Jeremy Buendia VS Sergio Oliva Jr [hyK2ympYsws].txt,1839
1737,@NicksStrengthandPower,Lee Priest and his Bodybuilding Mom [iPxxjnxg4e4],@NicksStrengthandPower/Lee Priest and his Bodybuilding Mom [iPxxjnxg4e4].txt,882
1738,@NicksStrengthandPower,"NSP Q&A： $500 Giveaway, Corvettes, Promoting Shows, Natural Bodybuilding etc... [-b8PYdL7-3E]","@NicksStrengthandPower/NSP Q&A： $500 Giveaway, Corvettes, Promoting Shows, Natural Bodybuilding etc... [-b8PYdL7-3E].txt",8789
1739,@NicksStrengthandPower,Ralf Moeller VS Steve Brisbois [m1sJATLTwBw],@NicksStrengthandPower/Ralf Moeller VS Steve Brisbois [m1sJATLTwBw].txt,792
1740,@NicksStrengthandPower,2018 Indy Pro Preview [-UFbTw9VJVs],@NicksStrengthandPower/2018 Indy Pro Preview [-UFbTw9VJVs].txt,1020
1741,@NicksStrengthandPower,Wesley Vissers IFBB Pro Debut (Prejudging) [78p35RmKjBc],@NicksStrengthandPower/Wesley Vissers IFBB Pro Debut (Prejudging) [78p35RmKjBc].txt,796
1742,@NicksStrengthandPower,Can William Bonac win the Olympia？ [SwHMUZUvyw4],@NicksStrengthandPower/Can William Bonac win the Olympia？ [SwHMUZUvyw4].txt,1505
1743,@NicksStrengthandPower,What Happened to Aaron Clark？ [vBCvEnkZev4],@NicksStrengthandPower/What Happened to Aaron Clark？ [vBCvEnkZev4].txt,717
1744,@NicksStrengthandPower,Chris Bumstead making major improvements [es9WYbx3HxU],@NicksStrengthandPower/Chris Bumstead making major improvements [es9WYbx3HxU].txt,674
1745,@NicksStrengthandPower,High School Senior Bench Presses 700lbs [_T2WuAnutmY],@NicksStrengthandPower/High School Senior Bench Presses 700lbs [_T2WuAnutmY].txt,535
1746,@NicksStrengthandPower,Is Bodybuilding Dying？ [rrM6Fyojm2U],@NicksStrengthandPower/Is Bodybuilding Dying？ [rrM6Fyojm2U].txt,1755
1747,@NicksStrengthandPower,Short VS Long Biceps [9hJf06b6Vo4],@NicksStrengthandPower/Short VS Long Biceps [9hJf06b6Vo4].txt,856
1748,@NicksStrengthandPower,You're not fooling anyone bro... [uRPnkrHe5Xs],@NicksStrengthandPower/You're not fooling anyone bro... [uRPnkrHe5Xs].txt,859
1749,@NicksStrengthandPower,2018 Vancouver Pro Results [DquM8hHyezM],@NicksStrengthandPower/2018 Vancouver Pro Results [DquM8hHyezM].txt,1071
1750,@NicksStrengthandPower,2025 Prague Pro Finals Recap and Results： Martin Fitzwater Defeats Samson and Keone [dnU0h6CuybY],@NicksStrengthandPower/2025 Prague Pro Finals Recap and Results： Martin Fitzwater Defeats Samson and Keone [dnU0h6CuybY].txt,2096
1751,@NicksStrengthandPower,2025 Poland Pro Finals Recap and Results + Nick Walker's Coach Gives Final Message on Him and Nick [vgtn_6IH8t4],@NicksStrengthandPower/2025 Poland Pro Finals Recap and Results + Nick Walker's Coach Gives Final Message on Him and Nick [vgtn_6IH8t4].txt,1954
1752,@NicksStrengthandPower,Andre the Giant VS Arnold Schwarzenegger [DPYQoieVvls],@NicksStrengthandPower/Andre the Giant VS Arnold Schwarzenegger [DPYQoieVvls].txt,1314
1753,@NicksStrengthandPower,Arnold Schwarzenegger is Back!!! [4YoStR2Pjd0],@NicksStrengthandPower/Arnold Schwarzenegger is Back!!! [4YoStR2Pjd0].txt,396
1754,@NicksStrengthandPower,Will Kai Greene Compete at the 2018 Olympia？ [l3llHKf5x_Y],@NicksStrengthandPower/Will Kai Greene Compete at the 2018 Olympia？ [l3llHKf5x_Y].txt,1287
1755,@NicksStrengthandPower,The Best Olympia Runner-Ups Ever [t3nEyzS2UkE],@NicksStrengthandPower/The Best Olympia Runner-Ups Ever [t3nEyzS2UkE].txt,1904
1756,@NicksStrengthandPower,Do I have beef with Kenny KO？ [dPKi17OWhOU],@NicksStrengthandPower/Do I have beef with Kenny KO？ [dPKi17OWhOU].txt,1472
1757,@NicksStrengthandPower,The most overlooked bodybuilder of 2018？ [Hl65mJw7Yl8],@NicksStrengthandPower/The most overlooked bodybuilder of 2018？ [Hl65mJw7Yl8].txt,1097
1758,@NicksStrengthandPower,2018 New York Pro- Full Recap and Results [QoGL7kkH9sA],@NicksStrengthandPower/2018 New York Pro- Full Recap and Results [QoGL7kkH9sA].txt,1894
1759,@NicksStrengthandPower,Mike Christian： The 80's and Now [6b-UtsOT45M],@NicksStrengthandPower/Mike Christian： The 80's and Now [6b-UtsOT45M].txt,688
1760,@NicksStrengthandPower,Lou Ferrigno VS Arnold Schwarzenegger [FCZ96D1rNpw],@NicksStrengthandPower/Lou Ferrigno VS Arnold Schwarzenegger [FCZ96D1rNpw].txt,1303
1761,@NicksStrengthandPower,Dexter Jackson： ＂Flex Lewis is too small for us＂ [ExYI3yHaHLw],@NicksStrengthandPower/Dexter Jackson： ＂Flex Lewis is too small for us＂ [ExYI3yHaHLw].txt,511
1762,@NicksStrengthandPower,Wesley Vissers just won his IFBB Pro Card! [d1X8ofoYz-g],@NicksStrengthandPower/Wesley Vissers just won his IFBB Pro Card! [d1X8ofoYz-g].txt,301
1763,@NicksStrengthandPower,Arnold Schwarzenegger in the Off Season [OsUuFeBYR4Q],@NicksStrengthandPower/Arnold Schwarzenegger in the Off Season [OsUuFeBYR4Q].txt,802
1764,@NicksStrengthandPower,2025 Poland Pro Prejudging Open Bodybuilding [3ljxW-eYH78],@NicksStrengthandPower/2025 Poland Pro Prejudging Open Bodybuilding [3ljxW-eYH78].txt,1063
1765,@NicksStrengthandPower,Arnold's Adopted Family [RaT6NM74xig],@NicksStrengthandPower/Arnold's Adopted Family [RaT6NM74xig].txt,696
1766,@NicksStrengthandPower,Big Ramy VS Markus Ruhl [GfcXv79L46A],@NicksStrengthandPower/Big Ramy VS Markus Ruhl [GfcXv79L46A].txt,1459
1767,@NicksStrengthandPower,The Next Classic Physique Mr. Olympia [_AWBW4FwaBc],@NicksStrengthandPower/The Next Classic Physique Mr. Olympia [_AWBW4FwaBc].txt,967
1768,@NicksStrengthandPower,Powerlifters that Became Bodybuilders [LYWcN0oarek],@NicksStrengthandPower/Powerlifters that Became Bodybuilders [LYWcN0oarek].txt,1184
1769,@NicksStrengthandPower,Dexter Jackson fires back at Jeremy Buendia [zGONhTcctrA],@NicksStrengthandPower/Dexter Jackson fires back at Jeremy Buendia [zGONhTcctrA].txt,1035
1770,@NicksStrengthandPower,The Most Underrated Classic Physique Competitor [E8hGmxTF0BU],@NicksStrengthandPower/The Most Underrated Classic Physique Competitor [E8hGmxTF0BU].txt,793
1771,@NicksStrengthandPower,Forgotten Bodybuilder： Eddie Robinson [fs1s0XIZsmw],@NicksStrengthandPower/Forgotten Bodybuilder： Eddie Robinson [fs1s0XIZsmw].txt,1239
1772,@NicksStrengthandPower,Sergio Oliva Jr. at the 2018 Chicago Pro [02M0LwPD6Rw],@NicksStrengthandPower/Sergio Oliva Jr. at the 2018 Chicago Pro [02M0LwPD6Rw].txt,340
1773,@hanyrambod_FST7,25X Olympia Winning Coach Rates CBUM OPEN DEBUT! [VO2cpvsPSWE],@hanyrambod_FST7/25X Olympia Winning Coach Rates CBUM OPEN DEBUT! [VO2cpvsPSWE].txt,3359
1774,@hanyrambod_FST7,"2025 S2 Expo ｜ Trentwins, Live Physique check and more!!! [LGm8SaEAmQ4]","@hanyrambod_FST7/2025 S2 Expo ｜ Trentwins, Live Physique check and more!!! [LGm8SaEAmQ4].txt",3661
1775,@hanyrambod_FST7,Ep. 131 Axel Martinez ｜  Influencer to Fitness Competitor？？？ [3Xh0yaQhrpg],@hanyrambod_FST7/Ep. 131 Axel Martinez ｜  Influencer to Fitness Competitor？？？ [3Xh0yaQhrpg].txt,8779
1776,@hanyrambod_FST7,19 Year Old Natural Bodybuilder Gets destroyed on Leg Day [S65T2RgI5yc],@hanyrambod_FST7/19 Year Old Natural Bodybuilder Gets destroyed on Leg Day [S65T2RgI5yc].txt,7965
1777,@hanyrambod_FST7,25X OLYMPIA WINNING COACH Rates Julian Fitzgerald's Physique [ijVcaa_XJO0],@hanyrambod_FST7/25X OLYMPIA WINNING COACH Rates Julian Fitzgerald's Physique [ijVcaa_XJO0].txt,2522
1778,@hanyrambod_FST7,AXEL MARTINEZ CHEST DAY [ITlFUhPNREM],@hanyrambod_FST7/AXEL MARTINEZ CHEST DAY [ITlFUhPNREM].txt,2449
1779,@hanyrambod_FST7,CHEST DAY W⧸ CBUM [qnQJH96EDXY],@hanyrambod_FST7/CHEST DAY W⧸ CBUM [qnQJH96EDXY].txt,200
1780,@hanyrambod_FST7,LEG DAY with WESLEY VISSERS [wVYnR1FK2lE],@hanyrambod_FST7/LEG DAY with WESLEY VISSERS [wVYnR1FK2lE].txt,7542
1781,@hanyrambod_FST7,MIRACLE BEAR INSANE FST-7 LEG DAY Ft. Axel Martinez [i2-ZSzmt3E0],@hanyrambod_FST7/MIRACLE BEAR INSANE FST-7 LEG DAY Ft. Axel Martinez [i2-ZSzmt3E0].txt,4431
1782,@hanyrambod_FST7,OLYMPIA PRESS CONFERENCE [f9PcNEcMO98],@hanyrambod_FST7/OLYMPIA PRESS CONFERENCE [f9PcNEcMO98].txt,7051
1783,@hanyrambod_FST7,Ep.136 ｜ Debunking Science Based Lifting with Jared Feather [_RZGLDvVy9E],@hanyrambod_FST7/Ep.136 ｜ Debunking Science Based Lifting with Jared Feather [_RZGLDvVy9E].txt,26031
1784,@hanyrambod_FST7,OLYMPIA LEG DAY ｜ HADI CHOOPAN [hKZPNXlmjU4],@hanyrambod_FST7/OLYMPIA LEG DAY ｜ HADI CHOOPAN [hKZPNXlmjU4].txt,657
1785,@hanyrambod_FST7,Tyler Manion New Women’s Division! ｜ EP. 119 [ITL5PuxQzVE],@hanyrambod_FST7/Tyler Manion New Women’s Division! ｜ EP. 119 [ITL5PuxQzVE].txt,17122
1786,@hanyrambod_FST7,25X Olympia Winning Coach Rates MIKE SOMMERFELD! [0ObiuuL0Xr4],@hanyrambod_FST7/25X Olympia Winning Coach Rates MIKE SOMMERFELD! [0ObiuuL0Xr4].txt,2207
1787,@hanyrambod_FST7,GROWING BOULDER SHOULDERS FT. RUFF DIESEL [IdZLVzA3H-Y],@hanyrambod_FST7/GROWING BOULDER SHOULDERS FT. RUFF DIESEL [IdZLVzA3H-Y].txt,4652
1788,@hanyrambod_FST7,IS SETH FEROCE MAKING A COMEBACK？! ｜ EP. 118 [GrK8OuSv9SQ],@hanyrambod_FST7/IS SETH FEROCE MAKING A COMEBACK？! ｜ EP. 118 [GrK8OuSv9SQ].txt,19103
1789,@hanyrambod_FST7,25X Olympia Winning Coach Rates RAMON DINO Physique [xErpNf8lFsU],@hanyrambod_FST7/25X Olympia Winning Coach Rates RAMON DINO Physique [xErpNf8lFsU].txt,1869
1790,@hanyrambod_FST7,How to build a 3D chest with Hadi Choopan & Hany Rambod [c9s7m9qcXhs],@hanyrambod_FST7/How to build a 3D chest with Hadi Choopan & Hany Rambod [c9s7m9qcXhs].txt,954
1791,@hanyrambod_FST7,25X OLYMPIA WINNING COACH RATES NICK WALKER [S6iIvvJrHl4],@hanyrambod_FST7/25X OLYMPIA WINNING COACH RATES NICK WALKER [S6iIvvJrHl4].txt,2421
1792,@hanyrambod_FST7,THE TRUTH BEHIND RUFF DIESEL ｜ EP. 123 [KlwZMQq4I60],@hanyrambod_FST7/THE TRUTH BEHIND RUFF DIESEL ｜ EP. 123 [KlwZMQq4I60].txt,13902
1793,@hanyrambod_FST7,20 YEAR OLD TRIES HIIT WORKOUT [FusEjyu11Mo],@hanyrambod_FST7/20 YEAR OLD TRIES HIIT WORKOUT [FusEjyu11Mo].txt,1839
1794,@hanyrambod_FST7,OPEN CBUM LAST ARM DAY [P0WpFnk1NE8],@hanyrambod_FST7/OPEN CBUM LAST ARM DAY [P0WpFnk1NE8].txt,1240
1795,@hanyrambod_FST7,Ep. 130 ｜ Q&A MOST UNDERRATED SUPPLEMENT [5eogE4FYLRM],@hanyrambod_FST7/Ep. 130 ｜ Q&A MOST UNDERRATED SUPPLEMENT [5eogE4FYLRM].txt,5647
1796,@hanyrambod_FST7,UNRETIRED ALREADY？! ｜ EP. 121 [koAVfbwiYcg],@hanyrambod_FST7/UNRETIRED ALREADY？! ｜ EP. 121 [koAVfbwiYcg].txt,2907
1797,@hanyrambod_FST7,TRAINING LEGS W⧸ ERIC JANICKI [P2HXFSzxZK8],@hanyrambod_FST7/TRAINING LEGS W⧸ ERIC JANICKI [P2HXFSzxZK8].txt,2364
1798,@hanyrambod_FST7,25X OLYMPIA WINNING COACH RATES NECKZILLA's Physique [CukhIWZl4Ns],@hanyrambod_FST7/25X OLYMPIA WINNING COACH RATES NECKZILLA's Physique [CukhIWZl4Ns].txt,2845
1799,@hanyrambod_FST7,CLASSIC PHYSIQUE PREJUDGING ｜ OLYMPIA [XRQeO7TvVys],@hanyrambod_FST7/CLASSIC PHYSIQUE PREJUDGING ｜ OLYMPIA [XRQeO7TvVys].txt,293
1800,@hanyrambod_FST7,HUGE ANNOUNCEMENT! YOU WON’T BELIEVE IT [p2KFQGkcqRk],@hanyrambod_FST7/HUGE ANNOUNCEMENT! YOU WON’T BELIEVE IT [p2KFQGkcqRk].txt,1345
1801,@hanyrambod_FST7,Ep.135 ｜ Jared Feather ｜ 2025 Olympia Predictions [WxggiPGywnQ],@hanyrambod_FST7/Ep.135 ｜ Jared Feather ｜ 2025 Olympia Predictions [WxggiPGywnQ].txt,11801
1802,@hanyrambod_FST7,"CBUM, HADI, & DEREK ｜ MR. OLYMPIA [3Wx0Kypp3ZE]","@hanyrambod_FST7/CBUM, HADI, & DEREK ｜ MR. OLYMPIA [3Wx0Kypp3ZE].txt",1804
1803,@hanyrambod_FST7,OPEN PREJUDGING ｜ CBUM [eGuPiqSn-yQ],@hanyrambod_FST7/OPEN PREJUDGING ｜ CBUM [eGuPiqSn-yQ].txt,432
1804,@hanyrambod_FST7,25X OLYMPIA WINNING COACH RATES Hussein Farhat's Physique [lgJAMPf42ek],@hanyrambod_FST7/25X OLYMPIA WINNING COACH RATES Hussein Farhat's Physique [lgJAMPf42ek].txt,3687
1805,@hanyrambod_FST7,3 Days Out ｜ Last Workout of Mr Olympia '25 ｜ Hadi Choopan & Hany Rambod [GvQIT0saJZg],@hanyrambod_FST7/3 Days Out ｜ Last Workout of Mr Olympia '25 ｜ Hadi Choopan & Hany Rambod [GvQIT0saJZg].txt,907
1806,@hanyrambod_FST7,19 Year Old Natural Bodybuilder DESTROYS Back Day [MioklwF8cZY],@hanyrambod_FST7/19 Year Old Natural Bodybuilder DESTROYS Back Day [MioklwF8cZY].txt,6573
1807,@hanyrambod_FST7,HIS FIRST TIME EVER BEING TRAINED!! [KsiIa8X5QC8],@hanyrambod_FST7/HIS FIRST TIME EVER BEING TRAINED!! [KsiIa8X5QC8].txt,5664
1808,@hanyrambod_FST7,master_transcript1,@hanyrambod_FST7/master_transcript1.txt,464061
1809,@hanyrambod_FST7,"6 Weeks Out Shoulder Workout with Lauralie Chapados, Kim Oddo & Hany Rambod ｜ Olympia 2025 [Pq8_JDAEzr8]","@hanyrambod_FST7/6 Weeks Out Shoulder Workout with Lauralie Chapados, Kim Oddo & Hany Rambod ｜ Olympia 2025 [Pq8_JDAEzr8].txt",6798
1810,@hanyrambod_FST7,FULL UPPER BODY WORKOUT w⧸ Ruff Diesel — 3 Weeks Out [diqUogKAZqc],@hanyrambod_FST7/FULL UPPER BODY WORKOUT w⧸ Ruff Diesel — 3 Weeks Out [diqUogKAZqc].txt,5155
1811,@hanyrambod_FST7,FST-7 vs RP ｜ JARED FEATHER [4tDs3LzLQew],@hanyrambod_FST7/FST-7 vs RP ｜ JARED FEATHER [4tDs3LzLQew].txt,20310
1812,@hanyrambod_FST7,CHEATING ON CBUM W⧸ URS KALECINSKI [GIAW44vdCn4],@hanyrambod_FST7/CHEATING ON CBUM W⧸ URS KALECINSKI [GIAW44vdCn4].txt,3004
1813,@hanyrambod_FST7,YOUNGLA BLOCK PARTY & TIPS TO STAY HEALTHY WHILE TRAVELING [MaHLlUyNX78],@hanyrambod_FST7/YOUNGLA BLOCK PARTY & TIPS TO STAY HEALTHY WHILE TRAVELING [MaHLlUyNX78].txt,1746
1814,@hanyrambod_FST7,25x OLYMPIA WINNING COACH RATES Anton Ratushnyi's Physique [Zg9BWV_tNZM],@hanyrambod_FST7/25x OLYMPIA WINNING COACH RATES Anton Ratushnyi's Physique [Zg9BWV_tNZM].txt,2547
1815,@hanyrambod_FST7,2025 Texas Pro with 25x Olympia Winning Coach Hany Rambod [K1MCRGRFHR4],@hanyrambod_FST7/2025 Texas Pro with 25x Olympia Winning Coach Hany Rambod [K1MCRGRFHR4].txt,1798
1816,@hanyrambod_FST7,Chest Day with the Tren Twins in Miami [Qp_BZ1V3bRs],@hanyrambod_FST7/Chest Day with the Tren Twins in Miami [Qp_BZ1V3bRs].txt,2718
1817,@hanyrambod_FST7,REUNITED ..... @AndreiDeiu ....for one workout [SP-n1rJcMK0],@hanyrambod_FST7/REUNITED ..... @AndreiDeiu ....for one workout [SP-n1rJcMK0].txt,3077
1818,@hanyrambod_FST7,BREAKING NEWS Arnold Classic Prize money NOW $750K [I_fTZAjCuoA],@hanyrambod_FST7/BREAKING NEWS Arnold Classic Prize money NOW $750K [I_fTZAjCuoA].txt,993
1819,@hanyrambod_FST7,Training Like a Figure Pro？？!｜ Cyd Gillon x Lauralie Chapados Back Workout [SyznpA9iPc0],@hanyrambod_FST7/Training Like a Figure Pro？？!｜ Cyd Gillon x Lauralie Chapados Back Workout [SyznpA9iPc0].txt,8941
1820,@hanyrambod_FST7,FST-7 ARM DAY WITH JARED FEATHER & HANY RAMBOD [GtOvfvbReIE],@hanyrambod_FST7/FST-7 ARM DAY WITH JARED FEATHER & HANY RAMBOD [GtOvfvbReIE].txt,7645
1821,@hanyrambod_FST7,My Thoughts on the 2025 Classic Physique Olympia [AvbRyeXeDcY],@hanyrambod_FST7/My Thoughts on the 2025 Classic Physique Olympia [AvbRyeXeDcY].txt,2867
1822,@hanyrambod_FST7,CBUM 8 WEEKS OUT ｜ CHEST DAY [7jsJMSlcGTU],@hanyrambod_FST7/CBUM 8 WEEKS OUT ｜ CHEST DAY [7jsJMSlcGTU].txt,1659
1823,@hanyrambod_FST7,Ep.134 ｜ Q&A Where is HADI CHOOPAN？ & MY THOUGHTS ON CHARLIE KIRK [I1kv1_c60FI],@hanyrambod_FST7/Ep.134 ｜ Q&A Where is HADI CHOOPAN？ & MY THOUGHTS ON CHARLIE KIRK [I1kv1_c60FI].txt,3033
1824,@hanyrambod_FST7,HE'S BACK ｜ Hadi Choopan Demolishes an FST-7 Back Workout for the 2025 Olympia [USqnxpMEW-g],@hanyrambod_FST7/HE'S BACK ｜ Hadi Choopan Demolishes an FST-7 Back Workout for the 2025 Olympia [USqnxpMEW-g].txt,963
1825,@hanyrambod_FST7,5 Days Out ｜ We Made it to Las Vegas ｜ 2025 Olympia with Hadi Choopan & Hany Rambod [FUbmjKhhBE4],@hanyrambod_FST7/5 Days Out ｜ We Made it to Las Vegas ｜ 2025 Olympia with Hadi Choopan & Hany Rambod [FUbmjKhhBE4].txt,673
1826,@hanyrambod_FST7,"Urs Miracle Bear on Enhancement, Bodybuilding, & Fatherhood [MVTjKifiHKM]","@hanyrambod_FST7/Urs Miracle Bear on Enhancement, Bodybuilding, & Fatherhood [MVTjKifiHKM].txt",10468
1827,@hanyrambod_FST7,CBUM REVEALS HIS SECRETS [5dHE9YgF8aw],@hanyrambod_FST7/CBUM REVEALS HIS SECRETS [5dHE9YgF8aw].txt,365
1828,@hanyrambod_FST7,DUBAI EXPO W⧸ HADI CHOOPAN [4A5V5a1bEtc],@hanyrambod_FST7/DUBAI EXPO W⧸ HADI CHOOPAN [4A5V5a1bEtc].txt,369
1829,@hanyrambod_FST7,HE GOT BURIED!!! ｜ INSANE Leg Day w⧸ Julian Fitzgerald [wsTECny9xAA],@hanyrambod_FST7/HE GOT BURIED!!! ｜ INSANE Leg Day w⧸ Julian Fitzgerald [wsTECny9xAA].txt,6544
1830,@hanyrambod_FST7,FINAL WORKOUT ｜ OLYMPIA PREP [EOl3mFXW6XE],@hanyrambod_FST7/FINAL WORKOUT ｜ OLYMPIA PREP [EOl3mFXW6XE].txt,1287
1831,@hanyrambod_FST7,FST-7 LEG DAY with Hadi Choopan & Hany Rambod [bTAecBPK4sA],@hanyrambod_FST7/FST-7 LEG DAY with Hadi Choopan & Hany Rambod [bTAecBPK4sA].txt,1066
1832,@hanyrambod_FST7,Rating Your Physiques LIVE at the Evogen Booth ｜ 2025 Pittsburgh Pro [XQU6Fg2XXkA],@hanyrambod_FST7/Rating Your Physiques LIVE at the Evogen Booth ｜ 2025 Pittsburgh Pro [XQU6Fg2XXkA].txt,3116
1833,@hanyrambod_FST7,This Is Why Your Gut Isn’t Healing ｜ Building and Repairing your Gut Health with Dr. Mazy [2raEj_n9Hjc],@hanyrambod_FST7/This Is Why Your Gut Isn’t Healing ｜ Building and Repairing your Gut Health with Dr. Mazy [2raEj_n9Hjc].txt,10544
1834,@hanyrambod_FST7,Mr. Olympia 2025 Open Bodybuilding Press Conference [NnGGT5mJqQ0],@hanyrambod_FST7/Mr. Olympia 2025 Open Bodybuilding Press Conference [NnGGT5mJqQ0].txt,1374
1835,@hanyrambod_FST7,CLUB SHAY SHAY CHEST DAY [bwaAzuZ64a4],@hanyrambod_FST7/CLUB SHAY SHAY CHEST DAY [bwaAzuZ64a4].txt,2806
1836,@hanyrambod_FST7,25X Olympia Winning Coach Rates SAM SULEK Pro Qualifier [puZvifBRc-Y],@hanyrambod_FST7/25X Olympia Winning Coach Rates SAM SULEK Pro Qualifier [puZvifBRc-Y].txt,1618
1837,@hanyrambod_FST7,THE PODCAST YOU HAVE ALL BEEN WAITING FOR ｜ 4X OLYMPIA CHAMP FT. JEREMY BUENDIA ｜ EP. 120 [9FKVCEZ7TqQ],@hanyrambod_FST7/THE PODCAST YOU HAVE ALL BEEN WAITING FOR ｜ 4X OLYMPIA CHAMP FT. JEREMY BUENDIA ｜ EP. 120 [9FKVCEZ7TqQ].txt,16125
1838,@hanyrambod_FST7,"What Hunter Changed for this Prep, MR. OLYMPIA, & TEXAS PRO ｜ EP. 113 [mgpDCY0tUTg]","@hanyrambod_FST7/What Hunter Changed for this Prep, MR. OLYMPIA, & TEXAS PRO ｜ EP. 113 [mgpDCY0tUTg].txt",12946
1839,@hanyrambod_FST7,SETH FEROCE KILLER LEG DAY [6SfMdPAb_A0],@hanyrambod_FST7/SETH FEROCE KILLER LEG DAY [6SfMdPAb_A0].txt,5249
1840,@hanyrambod_FST7,4 Days Out ｜ Chest Day with Hany Rambod & Hadi Choopan [mL56HJ9FBJw],@hanyrambod_FST7/4 Days Out ｜ Chest Day with Hany Rambod & Hadi Choopan [mL56HJ9FBJw].txt,647
1841,@hanyrambod_FST7,2024 Olympia Champ Unfiltered – The Truth Behind the Crown ｜ Lauralie Chapados [0bfE_q_HdO8],@hanyrambod_FST7/2024 Olympia Champ Unfiltered – The Truth Behind the Crown ｜ Lauralie Chapados [0bfE_q_HdO8].txt,12047
1842,@hanyrambod_FST7,FST-7 Back workout with Hadi Choopan & Hany Rambod [HTXs4Dlq49E],@hanyrambod_FST7/FST-7 Back workout with Hadi Choopan & Hany Rambod [HTXs4Dlq49E].txt,784
1843,@hanyrambod_FST7,LEG DAY BEFORE VEGAS ｜ OLYMPIA [VLa401UV89Q],@hanyrambod_FST7/LEG DAY BEFORE VEGAS ｜ OLYMPIA [VLa401UV89Q].txt,2002
1844,@hanyrambod_FST7,25X OLYMPIA WINNING COACH RATES PHYSIQUE [z5suVUCnefY],@hanyrambod_FST7/25X OLYMPIA WINNING COACH RATES PHYSIQUE [z5suVUCnefY].txt,2045
1845,@hanyrambod_FST7,25X Olympia Winning Coach Rates MIRACLE BEAR! [BmSILuWg8xY],@hanyrambod_FST7/25X Olympia Winning Coach Rates MIRACLE BEAR! [BmSILuWg8xY].txt,3264
1846,@hanyrambod_FST7,25X OLYMPIA WINNING COACH RATES LARRY WHEELS PHYSIQUE [fwXOaPKtSts],@hanyrambod_FST7/25X OLYMPIA WINNING COACH RATES LARRY WHEELS PHYSIQUE [fwXOaPKtSts].txt,3161
1847,@hanyrambod_FST7,master_transcript,@hanyrambod_FST7/master_transcript.txt,465102
1848,@hanyrambod_FST7,YOUNGEST IFBB PRO Anton Ratushnyi’s INSANE Chest Workout! [1f0F9ryedFw],@hanyrambod_FST7/YOUNGEST IFBB PRO Anton Ratushnyi’s INSANE Chest Workout! [1f0F9ryedFw].txt,9593
1849,@hanyrambod_FST7,2025 Pittsburgh Pro Men's Open Derek VS Nick who's your FAVORITE？ [mImnwDLK4VU],@hanyrambod_FST7/2025 Pittsburgh Pro Men's Open Derek VS Nick who's your FAVORITE？ [mImnwDLK4VU].txt,1321
1850,@hanyrambod_FST7,HEAVY BACK DAY W⧸ HUNTER LABRADA [BT-uJbH5Wd8],@hanyrambod_FST7/HEAVY BACK DAY W⧸ HUNTER LABRADA [BT-uJbH5Wd8].txt,4425
1851,@hanyrambod_FST7,CYD GILLON GOING FOR NUMBER 8 ｜ EP. 114 [w4F5C3ua0hY],@hanyrambod_FST7/CYD GILLON GOING FOR NUMBER 8 ｜ EP. 114 [w4F5C3ua0hY].txt,16107
1852,@hanyrambod_FST7,Logan Franklin’s FIRST EVER PODCAST! [mdP59_KrVBE],@hanyrambod_FST7/Logan Franklin’s FIRST EVER PODCAST! [mdP59_KrVBE].txt,9449
1853,@hanyrambod_FST7,3 DAYS OUT ｜ MR. OLYMPIA PEAK WEEK [2R8EBFg7Xzk],@hanyrambod_FST7/3 DAYS OUT ｜ MR. OLYMPIA PEAK WEEK [2R8EBFg7Xzk].txt,1667
1854,@hanyrambod_FST7,FIRST BODYBUILDING SHOW TIPS AND TRICKS ｜ EP. 115 [jqAjG2Ir_wA],@hanyrambod_FST7/FIRST BODYBUILDING SHOW TIPS AND TRICKS ｜ EP. 115 [jqAjG2Ir_wA].txt,3781
1855,@hanyrambod_FST7,HE’S BACK! HADI CHOOPAN 6 WEEKS OUT [u6FmnYrE8Hs],@hanyrambod_FST7/HE’S BACK! HADI CHOOPAN 6 WEEKS OUT [u6FmnYrE8Hs].txt,872
1856,@hanyrambod_FST7,How to Build a WIDE Back FAST! Ft. Eric Janicki [PykooCCSDN8],@hanyrambod_FST7/How to Build a WIDE Back FAST! Ft. Eric Janicki [PykooCCSDN8].txt,3997
1857,@hanyrambod_FST7,THANK YOU! ｜ EP. 117 [COE7vcJoNYM],@hanyrambod_FST7/THANK YOU! ｜ EP. 117 [COE7vcJoNYM].txt,3006
1858,@hanyrambod_FST7,FULL ARM DAY ｜ OLYMPIA PREP [C9d1JbT2Y1A],@hanyrambod_FST7/FULL ARM DAY ｜ OLYMPIA PREP [C9d1JbT2Y1A].txt,372
1859,@hanyrambod_FST7,WESLEY VISSERS 6 WEEKS OUT ARNOLD CLASSIC EP. 122 [EKurgJUldQg],@hanyrambod_FST7/WESLEY VISSERS 6 WEEKS OUT ARNOLD CLASSIC EP. 122 [EKurgJUldQg].txt,8658
1860,@hanyrambod_FST7,Dr. Mike VS Greg Doucette [5QTDOvVFbnM],@hanyrambod_FST7/Dr. Mike VS Greg Doucette [5QTDOvVFbnM].txt,15423
1861,@hanyrambod_FST7,TRAINING BACK W⧸  AXEL MARTINEZ [b5X16Vg4biU],@hanyrambod_FST7/TRAINING BACK W⧸  AXEL MARTINEZ [b5X16Vg4biU].txt,2595
1862,@hanyrambod_FST7,40LBS OF MUSCLE IN 1 YEAR ｜ AXEL MARTINEZ [88IatL3O8eA],@hanyrambod_FST7/40LBS OF MUSCLE IN 1 YEAR ｜ AXEL MARTINEZ [88IatL3O8eA].txt,1885
1863,@hanyrambod_FST7,25X Olympia Winning Coach Rates SAM SULEK Physique [RiqvlVLhe5s],@hanyrambod_FST7/25X Olympia Winning Coach Rates SAM SULEK Physique [RiqvlVLhe5s].txt,3405
1864,@hanyrambod_FST7,TRAVEL VLOG ｜ FIBO [No8D0HbgaVQ],@hanyrambod_FST7/TRAVEL VLOG ｜ FIBO [No8D0HbgaVQ].txt,3975
1865,@hanyrambod_FST7,Julian Fitzgerald ｜ The 19-Year-Old Bodybuilding Prodigy [BKRGYuKr5f8],@hanyrambod_FST7/Julian Fitzgerald ｜ The 19-Year-Old Bodybuilding Prodigy [BKRGYuKr5f8].txt,7213
1866,@hanyrambod_FST7,Full FST-7 Shoulder Workout with Andrei Deiu & Hany Rambod [Rut6ny63GOs],@hanyrambod_FST7/Full FST-7 Shoulder Workout with Andrei Deiu & Hany Rambod [Rut6ny63GOs].txt,5139
1867,@hanyrambod_FST7,THE TRUTH BEHIND HADI CHOOPAN ｜ EP. 116 [8rfk34g5CFk],@hanyrambod_FST7/THE TRUTH BEHIND HADI CHOOPAN ｜ EP. 116 [8rfk34g5CFk].txt,3199
1868,@realtattered,People are impatient [kz8gjab-F_U],@realtattered/People are impatient [kz8gjab-F_U].txt,56
1869,@realtattered,Bodybuilders are one step ahead! #tannertattered #bodybuilding #fitness #science [z-brGEbuGEE],@realtattered/Bodybuilders are one step ahead! #tannertattered #bodybuilding #fitness #science [z-brGEbuGEE].txt,76
1870,@realtattered,Best place to get needles [3Pu12uDdumI],@realtattered/Best place to get needles [3Pu12uDdumI].txt,285
1871,@realtattered,Tiktok rizz #tannertattered #rizz #girlfriend [erVBiQLwAkY],@realtattered/Tiktok rizz #tannertattered #rizz #girlfriend [erVBiQLwAkY].txt,64
1872,@realtattered,How to beat social anxiety ？ #tannertattered #socialanxiety [1eOE9YhJUlA],@realtattered/How to beat social anxiety ？ #tannertattered #socialanxiety [1eOE9YhJUlA].txt,74
1873,@realtattered,Should you hop on ？ #tannertattered #gear #bodybuilding [6HH7MSeh3Fs],@realtattered/Should you hop on ？ #tannertattered #gear #bodybuilding [6HH7MSeh3Fs].txt,307
1874,@realtattered,Star factor ✨ #togi #samsulek #gym [O4hGOBCY6q0],@realtattered/Star factor ✨ #togi #samsulek #gym [O4hGOBCY6q0].txt,120
1875,@realtattered,Dosages depends on your bloodwork #tannertattered [DmBoFmVftNE],@realtattered/Dosages depends on your bloodwork #tannertattered [DmBoFmVftNE].txt,207
1876,@realtattered,How to increase your testosterone ？ [C4w0Q5pmMZU],@realtattered/How to increase your testosterone ？ [C4w0Q5pmMZU].txt,233
1877,@realtattered,What is tadala＊il ？ [jd449eZ0gp4],@realtattered/What is tadala＊il ？ [jd449eZ0gp4].txt,232
1878,@realtattered,Rest in peace 😔 [M7zhImN-GlU],@realtattered/Rest in peace 😔 [M7zhImN-GlU].txt,257
1879,@realtattered,What is growth hormone ？ #tannertattered #growthhormone #gains [pbpVsrKaG3A],@realtattered/What is growth hormone ？ #tannertattered #growthhormone #gains [pbpVsrKaG3A].txt,308
1880,@realtattered,"If everyone likes you, there's something wrong with you [uMtgH18Bwik]","@realtattered/If everyone likes you, there's something wrong with you [uMtgH18Bwik].txt",161
1881,@realtattered,#tannertattered #larrywheels #testosterone [Qho-6RXS1E0],@realtattered/#tannertattered #larrywheels #testosterone [Qho-6RXS1E0].txt,104
1882,@realtattered,Fake testosterone ？! #tannertattered #testosterone [kSBq2uYIUk8],@realtattered/Fake testosterone ？! #tannertattered #testosterone [kSBq2uYIUk8].txt,125
1883,@realtattered,This guy 💀 #tannertattered #diet [JPEiZL0IU2o],@realtattered/This guy 💀 #tannertattered #diet [JPEiZL0IU2o].txt,33
1884,@realtattered,Infinite cycle ⚙️ #tannertattered #gym #bodybuilding [M9bAnYSbhrs],@realtattered/Infinite cycle ⚙️ #tannertattered #gym #bodybuilding [M9bAnYSbhrs].txt,238
1885,@realtattered,Why is bro talking so much 💀 [xPDOhmvlwwE],@realtattered/Why is bro talking so much 💀 [xPDOhmvlwwE].txt,149
1886,@realtattered,is Togi cooked ？ 💀 #tannertattered #togi [iIlYcERYRQQ],@realtattered/is Togi cooked ？ 💀 #tannertattered #togi [iIlYcERYRQQ].txt,76
1887,@realtattered,Bodybuilders are freaks #tannertattered #bodybuilder #bodybuilding [sU8bqPE5JNg],@realtattered/Bodybuilders are freaks #tannertattered #bodybuilder #bodybuilding [sU8bqPE5JNg].txt,76
1888,@realtattered,Cycle without side effects #tannertattered #sideeffects #fitnesstips [PVwC30qMGpM],@realtattered/Cycle without side effects #tannertattered #sideeffects #fitnesstips [PVwC30qMGpM].txt,201
1889,@realtattered,TOGI'S CREATOR #tannertattered #togi [TBz0RFtI0hg],@realtattered/TOGI'S CREATOR #tannertattered #togi [TBz0RFtI0hg].txt,19
1890,@realtattered,Togi's new cycle ⚙️ #togi [uydRIH57_ds],@realtattered/Togi's new cycle ⚙️ #togi [uydRIH57_ds].txt,226
1891,@realtattered,Bro is onto something here [hijyHVsy_Hw],@realtattered/Bro is onto something here [hijyHVsy_Hw].txt,53
1892,@realtattered,is DOPAMINE DETOX a SCAM ？#tannertattered #dopamine [KQkSuSdHCCk],@realtattered/is DOPAMINE DETOX a SCAM ？#tannertattered #dopamine [KQkSuSdHCCk].txt,67
1893,@realtattered,Togi lost his mind 💀 #tannertattered #togi #voices [tnB9r6uQ-nY],@realtattered/Togi lost his mind 💀 #tannertattered #togi #voices [tnB9r6uQ-nY].txt,76
1894,@realtattered,Togis creator #tannertattered #togi [IUrZRKK01vA],@realtattered/Togis creator #tannertattered #togi [IUrZRKK01vA].txt,27
1895,@realtattered,master_transcript1,@realtattered/master_transcript1.txt,12111
1896,@realtattered,Don't be fake #tannertattered #gym #fakenatty [ttgUUVCI8Ys],@realtattered/Don't be fake #tannertattered #gym #fakenatty [ttgUUVCI8Ys].txt,138
1897,@realtattered,TOGI is the BEST CLIENT 🤣 #tannertattered #togi [Io4mRLXcZ70],@realtattered/TOGI is the BEST CLIENT 🤣 #tannertattered #togi [Io4mRLXcZ70].txt,126
1898,@realtattered,This is so real... #tannertattered [Fq_E7ISN4jY],@realtattered/This is so real... #tannertattered [Fq_E7ISN4jY].txt,93
1899,@realtattered,Togi heard voices #tannertattered #togi [jkT0ucAlp1c],@realtattered/Togi heard voices #tannertattered #togi [jkT0ucAlp1c].txt,74
1900,@realtattered,Don't do this ❗ #tannertattered #moreplatesmoredates #testosterone [F-u0GSYe0b0],@realtattered/Don't do this ❗ #tannertattered #moreplatesmoredates #testosterone [F-u0GSYe0b0].txt,132
1901,@realtattered,Placebo effect #tannertattered #placebo #hypochondriac [Ip563rHce20],@realtattered/Placebo effect #tannertattered #placebo #hypochondriac [Ip563rHce20].txt,61
1902,@realtattered,The best half natty stack #tannertattered #fitness #gym [y6tUyHQQIZA],@realtattered/The best half natty stack #tannertattered #fitness #gym [y6tUyHQQIZA].txt,161
1903,@realtattered,First steps before first cycle [Fz9Coare4PY],@realtattered/First steps before first cycle [Fz9Coare4PY].txt,113
1904,@realtattered,💉⚙️💊 #tannertattered #testosterone [1IFQSq8AL8c],@realtattered/💉⚙️💊 #tannertattered #testosterone [1IFQSq8AL8c].txt,309
1905,@realtattered,The best natty stack! #tannertattered #testosterone #natty [EhVz02i0lWY],@realtattered/The best natty stack! #tannertattered #testosterone #natty [EhVz02i0lWY].txt,53
1906,@realtattered,TRT Side effects #tannertattered #sideeffects #testosterone [hwMw7UXxiD4],@realtattered/TRT Side effects #tannertattered #sideeffects #testosterone [hwMw7UXxiD4].txt,176
1907,@realtattered,Best stack to be shredded ⚙️ #tannertattered #shredded #gym [oDMgux0wrtQ],@realtattered/Best stack to be shredded ⚙️ #tannertattered #shredded #gym [oDMgux0wrtQ].txt,207
1908,@realtattered,Hot people dru＊ [lL_T-MT3Cw8],@realtattered/Hot people dru＊ [lL_T-MT3Cw8].txt,133
1909,@realtattered,Mental state on ⚙️ #tannertattered [Zxq5BeJkBmw],@realtattered/Mental state on ⚙️ #tannertattered [Zxq5BeJkBmw].txt,327
1910,@realtattered,Togi is just crazy #togi [U6FSLLypHPI],@realtattered/Togi is just crazy #togi [U6FSLLypHPI].txt,105
1911,@realtattered,How much $ for coaching ？ #tannertattered #fitnesscoach [ijwTOS6BIlo],@realtattered/How much $ for coaching ？ #tannertattered #fitnesscoach [ijwTOS6BIlo].txt,177
1912,@realtattered,TOGI is CRAZY💀 #tannertattered #togi [Spqk7pInTQU],@realtattered/TOGI is CRAZY💀 #tannertattered #togi [Spqk7pInTQU].txt,105
1913,@realtattered,Worst type of fitness coaches [vWI-nRvi5Uc],@realtattered/Worst type of fitness coaches [vWI-nRvi5Uc].txt,50
1914,@realtattered,How to tell family about this ？ #tannertattered #enhanced #health #fitness [P1ZRtYdzPzQ],@realtattered/How to tell family about this ？ #tannertattered #enhanced #health #fitness [P1ZRtYdzPzQ].txt,288
1915,@realtattered,#tannertattered #bloodpressure [dS62-pDstW4],@realtattered/#tannertattered #bloodpressure [dS62-pDstW4].txt,67
1916,@realtattered,TOGI is the BEST CLIENT #tannertattered #togi [BhMK2d1nzw4],@realtattered/TOGI is the BEST CLIENT #tannertattered #togi [BhMK2d1nzw4].txt,30
1917,@realtattered,TRT = Shorter lifespan ？ #tannertattered #testosterone #trt #health [5crMzRAbLdQ],@realtattered/TRT = Shorter lifespan ？ #tannertattered #testosterone #trt #health [5crMzRAbLdQ].txt,314
1918,@realtattered,The way she looked 💀 #tannertattered #gym #gear #musclemommy [qdJrClyDveI],@realtattered/The way she looked 💀 #tannertattered #gym #gear #musclemommy [qdJrClyDveI].txt,106
1919,@realtattered,How to not die on ⚙️ [iCXMdPhRPXU],@realtattered/How to not die on ⚙️ [iCXMdPhRPXU].txt,216
1920,@realtattered,Togi's coach background #tannertattered #togi [OFjOP5qaiLM],@realtattered/Togi's coach background #tannertattered #togi [OFjOP5qaiLM].txt,325
1921,@realtattered,#tannertattered #connorsinann [1mfhtHK6roI],@realtattered/#tannertattered #connorsinann [1mfhtHK6roI].txt,161
1922,@realtattered,Fake natties are ruining teens.. [Cshx3mHjfog],@realtattered/Fake natties are ruining teens.. [Cshx3mHjfog].txt,176
1923,@realtattered,She took Ana＊ar and this happened! #tannertattered #fitness #gym [VAZKtroWs_g],@realtattered/She took Ana＊ar and this happened! #tannertattered #fitness #gym [VAZKtroWs_g].txt,174
1924,@realtattered,Gyno king #togi [GUArIt9SEhk],@realtattered/Gyno king #togi [GUArIt9SEhk].txt,76
1925,@realtattered,Genetics doesn't matter #tannertattered #genetics #gym [JeyBLatNfFE],@realtattered/Genetics doesn't matter #tannertattered #genetics #gym [JeyBLatNfFE].txt,55
1926,@realtattered,How TOGI was born #togi #tannertattered [CFwdpmaB86Y],@realtattered/How TOGI was born #togi #tannertattered [CFwdpmaB86Y].txt,84
1927,@realtattered,master_transcript,@realtattered/master_transcript.txt,12840
1928,@realtattered,Togi is very unlucky.. [IlNtDDTk0Q4],@realtattered/Togi is very unlucky.. [IlNtDDTk0Q4].txt,76
1929,@realtattered,How to NOT LOSE your TESTOSTERONE during CYCLE #tannertattered #testosterone [T56gxvs9LS0],@realtattered/How to NOT LOSE your TESTOSTERONE during CYCLE #tannertattered #testosterone [T56gxvs9LS0].txt,356
1930,@realtattered,Mental health always comes first [xNKWDIqNeCk],@realtattered/Mental health always comes first [xNKWDIqNeCk].txt,33
1931,@realtattered,Best ＂illegal＂ pre workout ⚙️ #tannertattered #togi #bodybuilding #gym [FamJUmKIFyU],@realtattered/Best ＂illegal＂ pre workout ⚙️ #tannertattered #togi #bodybuilding #gym [FamJUmKIFyU].txt,200
1932,@realtattered,What did bro say at the end ？ 💀 #tannertattered #colorado #weather [xO60mnAwYSQ],@realtattered/What did bro say at the end ？ 💀 #tannertattered #colorado #weather [xO60mnAwYSQ].txt,57
1933,@realtattered,What happens ？! #tannertattered #testosterone #fitness [gk_tKLgYbdU],@realtattered/What happens ？! #tannertattered #testosterone #fitness [gk_tKLgYbdU].txt,238
1934,@realtattered,How to stop gyno ？ #tannertattered #gyno [9jvxzXDxoOQ],@realtattered/How to stop gyno ？ #tannertattered #gyno [9jvxzXDxoOQ].txt,159
1935,@realtattered,Negative side effects of Testosterone [tiU-hcenpok],@realtattered/Negative side effects of Testosterone [tiU-hcenpok].txt,176
1936,@realtattered,If you want it.. chase it #davidlaid #alexeubank #trentwins [U6Al47gmTuM],@realtattered/If you want it.. chase it #davidlaid #alexeubank #trentwins [U6Al47gmTuM].txt,72
1937,@realtattered,How to hide gear from your girlfriend ？ [e3AqHLpSoow],@realtattered/How to hide gear from your girlfriend ？ [e3AqHLpSoow].txt,106
1938,@realtattered,Couple goals #tannertattered #couplegoals #girlfriend [zJ_GztbUDjQ],@realtattered/Couple goals #tannertattered #couplegoals #girlfriend [zJ_GztbUDjQ].txt,61
1939,@realtattered,Gear vs. Natty ？ #tannertattered #fitnesstips #bodybuilding [QVGMmmmnBHM],@realtattered/Gear vs. Natty ？ #tannertattered #fitnesstips #bodybuilding [QVGMmmmnBHM].txt,295
1940,@realtattered,How ？ #tannertattered #togi [gNV8nTVcO4U],@realtattered/How ？ #tannertattered #togi [gNV8nTVcO4U].txt,196
1941,@realtattered,How to remove gyno ？ #tannertattered #gynooperation #gyno [yBmdDl3NQps],@realtattered/How to remove gyno ？ #tannertattered #gynooperation #gyno [yBmdDl3NQps].txt,184
1942,@realtattered,Why so expensive ？ #tannertattered [YSFX9ubpVio],@realtattered/Why so expensive ？ #tannertattered [YSFX9ubpVio].txt,270
1943,@realtattered,Pros & Cons of Tr＊n ⚙️ [1AdUgrqfSvg],@realtattered/Pros & Cons of Tr＊n ⚙️ [1AdUgrqfSvg].txt,139
1944,@realtattered,DJs take steroi＊＊ ？! #tannertattered #rave #nightclub [u21ljcmzCKM],@realtattered/DJs take steroi＊＊ ？! #tannertattered #rave #nightclub [u21ljcmzCKM].txt,59
1945,@realtattered,Why do celebrities take beta-blockers ？ #tannertattered [Kq1A504rJeU],@realtattered/Why do celebrities take beta-blockers ？ #tannertattered [Kq1A504rJeU].txt,218
1946,@realtattered,Can TESTOSTERONE be FAKED ？ #tannertattered #testosterone [Rb_qFrz-bE4],@realtattered/Can TESTOSTERONE be FAKED ？ #tannertattered #testosterone [Rb_qFrz-bE4].txt,125
1947,@realtattered,Can high Testosterone be a problem ？ #tannertattered #testosterone #healthy [XXR1_AxLJDQ],@realtattered/Can high Testosterone be a problem ？ #tannertattered #testosterone #healthy [XXR1_AxLJDQ].txt,279
1948,@realtattered,Karen of The Fitness Industry.. [I5Yk1sLL8Pc],@realtattered/Karen of The Fitness Industry.. [I5Yk1sLL8Pc].txt,46
1949,@realtattered,#tannertattered #supplements #gym #fitnesstips [Og_uHsGB3kc],@realtattered/#tannertattered #supplements #gym #fitnesstips [Og_uHsGB3kc].txt,227
1950,@realtattered,Togi vs. Genet1canomaly #tannertattered #togi #genet1canomaly [2fbPesh6v1s],@realtattered/Togi vs. Genet1canomaly #tannertattered #togi #genet1canomaly [2fbPesh6v1s].txt,69
1951,@realtattered,Alex Eubank's bloodwork ⚙️ #tannertattered #alexeubank [Ng3-bVajUQI],@realtattered/Alex Eubank's bloodwork ⚙️ #tannertattered #alexeubank [Ng3-bVajUQI].txt,204
1952,@realtattered,How to gain more height ？ #tannertattered [lD2N38Syzhs],@realtattered/How to gain more height ？ #tannertattered [lD2N38Syzhs].txt,163
1953,@realtattered,Togis favourite compound #tannertattered #togi [bkxomThOzUI],@realtattered/Togis favourite compound #tannertattered #togi [bkxomThOzUI].txt,263
1954,@realtattered,Togi is the WORST client 💀 #togi #tannertattered [0puPmsiMcRo],@realtattered/Togi is the WORST client 💀 #togi #tannertattered [0puPmsiMcRo].txt,59
1955,@realtattered,How to properly run your first cycle #tannertattered [I7rlDkqtLos],@realtattered/How to properly run your first cycle #tannertattered [I7rlDkqtLos].txt,201
1956,@realtattered,Does genetics matter ？ [-1-ptqXsOkU],@realtattered/Does genetics matter ？ [-1-ptqXsOkU].txt,55
1957,@rxmuscle,HOW I MADE OVER A BILLION IN A YEAR! Jack Owoc (Bang CEO) Interview [u-atb-N6z9M],@rxmuscle/HOW I MADE OVER A BILLION IN A YEAR! Jack Owoc (Bang CEO) Interview [u-atb-N6z9M].txt,9483
1958,@rxmuscle,Kennita Mays after winning 2011 NPC Oklahoma City Grand Prix Womens Bodybuilding Overall! [gW93OBJAlWE],@rxmuscle/Kennita Mays after winning 2011 NPC Oklahoma City Grand Prix Womens Bodybuilding Overall! [gW93OBJAlWE].txt,579
1959,@rxmuscle,Steve Kuclo vs. Hassan Mostafa + Griffen OUT! [OK4sCgxwopE],@rxmuscle/Steve Kuclo vs. Hassan Mostafa + Griffen OUT! [OK4sCgxwopE].txt,870
1960,@rxmuscle,2011 Phoenix Mike Liberatore [ftCXfwUTvps],@rxmuscle/2011 Phoenix Mike Liberatore [ftCXfwUTvps].txt,76
1961,@rxmuscle,2011-Phoenix-Jeff Long [WKf4lRnsO8M],@rxmuscle/2011-Phoenix-Jeff Long [WKf4lRnsO8M].txt,64
1962,@rxmuscle,Josh Andrews Interview at 2011 NPC Citrus Cup Classic [1LGKtyfkEcw],@rxmuscle/Josh Andrews Interview at 2011 NPC Citrus Cup Classic [1LGKtyfkEcw].txt,325
1963,@rxmuscle,Samson Dauda ALL IN For Arnold UK + Ashley Kaltwasser WINS #26 + William Martins UPDATE! [NnXYZy47B9k],@rxmuscle/Samson Dauda ALL IN For Arnold UK + Ashley Kaltwasser WINS #26 + William Martins UPDATE! [NnXYZy47B9k].txt,721
1964,@rxmuscle,Darielle Gaines Climbs Rock Wall [c48DVBhxbFo],@rxmuscle/Darielle Gaines Climbs Rock Wall [c48DVBhxbFo].txt,143
1965,@rxmuscle,BEST POST-WORKOUT MEAL？ #askDave [gfz_Dw9vyvY],@rxmuscle/BEST POST-WORKOUT MEAL？ #askDave [gfz_Dw9vyvY].txt,2205
1966,@rxmuscle,Janet Layug Starts Olympia Prep + Andrea Shaw UPDATE + Ashley Kaltwasser Eyes #4! [hcKr3qsMLl8],@rxmuscle/Janet Layug Starts Olympia Prep + Andrea Shaw UPDATE + Ashley Kaltwasser Eyes #4! [hcKr3qsMLl8].txt,806
1967,@rxmuscle,Phil Heath SIGHTING + Hadi Choopan Looking Stage Ready + Brett Wilkin Dialing In! [C-dkfzOymE4],@rxmuscle/Phil Heath SIGHTING + Hadi Choopan Looking Stage Ready + Brett Wilkin Dialing In! [C-dkfzOymE4].txt,775
1968,@rxmuscle,MASSIVE GAINS POST CONTEST! #askDave [uaEAO30U734],@rxmuscle/MASSIVE GAINS POST CONTEST! #askDave [uaEAO30U734].txt,7043
1969,@rxmuscle,HEATH VS RHODEN at 2020 OLYMPIA？ HMR (8⧸10⧸20) [t6lwBJJS6nI],@rxmuscle/HEATH VS RHODEN at 2020 OLYMPIA？ HMR (8⧸10⧸20) [t6lwBJJS6nI].txt,12953
1970,@rxmuscle,JEM NAZIM： NEW FREAK ON THE BLOCK! Muscle in the Morning (8⧸7⧸18) [oZdZfdGuzMs],@rxmuscle/JEM NAZIM： NEW FREAK ON THE BLOCK! Muscle in the Morning (8⧸7⧸18) [oZdZfdGuzMs].txt,882
1971,@rxmuscle,HOW I RE-GREW MY HAIR! ｜ Jay Campbell on GuruTalk [uGS76EH9wLo],@rxmuscle/HOW I RE-GREW MY HAIR! ｜ Jay Campbell on GuruTalk [uGS76EH9wLo].txt,10258
1972,@rxmuscle,SUPER HEALING SUPPLEMENT! TB4 by Titan Medical Center [kC1JdkGZbsQ],@rxmuscle/SUPER HEALING SUPPLEMENT! TB4 by Titan Medical Center [kC1JdkGZbsQ].txt,1311
1973,@rxmuscle,PHIL HEATH WILL COMPETE AT 2020 OLYMPIA! [r4GlyvHPIZ4],@rxmuscle/PHIL HEATH WILL COMPETE AT 2020 OLYMPIA! [r4GlyvHPIZ4].txt,1612
1974,@rxmuscle,HOW TO PREVENT A HEART ATTACK! Dave Palumbo's Heart Health Tips for Bodybuilders [0I8gVHzdjj4],@rxmuscle/HOW TO PREVENT A HEART ATTACK! Dave Palumbo's Heart Health Tips for Bodybuilders [0I8gVHzdjj4].txt,2594
1975,@rxmuscle,DJCValentino.flv [cbnMY1JjwGI],@rxmuscle/DJCValentino.flv [cbnMY1JjwGI].txt,0
1976,@rxmuscle,HOW TO SPOT FAKE GEAR! #RXRants [_Ui19_4P7nI],@rxmuscle/HOW TO SPOT FAKE GEAR! #RXRants [_Ui19_4P7nI].txt,2009
1977,@rxmuscle,Brandon Curry 17 Weeks Out + Stan Efferding Trains Jon Jones + Santi Aragon On The Mend! [pq1OQu-oEO4],@rxmuscle/Brandon Curry 17 Weeks Out + Stan Efferding Trains Jon Jones + Santi Aragon On The Mend! [pq1OQu-oEO4].txt,718
1978,@rxmuscle,Khaled Chikhaoui： VANCOUVER PRO CLASSIC CHAMP! LIVE WITH! [OozXz5MYLzE],@rxmuscle/Khaled Chikhaoui： VANCOUVER PRO CLASSIC CHAMP! LIVE WITH! [OozXz5MYLzE].txt,3891
1979,@rxmuscle,TITAN MEDICAL'S ANSWER TO COVID (FIRST HAND EXPERIENCE)! [PMPUdUrzov4],@rxmuscle/TITAN MEDICAL'S ANSWER TO COVID (FIRST HAND EXPERIENCE)! [PMPUdUrzov4].txt,7465
1980,@rxmuscle,SHANIQUE GRANT'S TIME？ Muscle in the Morning (7⧸30⧸18) [4Mmg3vxZCNE],@rxmuscle/SHANIQUE GRANT'S TIME？ Muscle in the Morning (7⧸30⧸18) [4Mmg3vxZCNE].txt,843
1981,@rxmuscle,Frida Paulsen Update! Muscle in the Morning (7⧸16⧸18) [Ua9WsuWHf5w],@rxmuscle/Frida Paulsen Update! Muscle in the Morning (7⧸16⧸18) [Ua9WsuWHf5w].txt,813
1982,@rxmuscle,NATHAN DE ASHA OLYMPIA PREP & JAPAN PRO CANCELED! [qSTi8bcURyg],@rxmuscle/NATHAN DE ASHA OLYMPIA PREP & JAPAN PRO CANCELED! [qSTi8bcURyg].txt,728
1983,@rxmuscle,ANDRE FERGUSON： BIGGEST THREAT TO BUENDIA'S CROWN？ [obQPHKgugp8],@rxmuscle/ANDRE FERGUSON： BIGGEST THREAT TO BUENDIA'S CROWN？ [obQPHKgugp8].txt,3288
1984,@rxmuscle,Mike Liberatore Posing Routine at 2011 Europa Super Show [0hVjok6BEYY],@rxmuscle/Mike Liberatore Posing Routine at 2011 Europa Super Show [0hVjok6BEYY].txt,41
1985,@rxmuscle,Chris Bumstead Starts Olympia Prep + Flexatron Chest Day + Logan Franklin Dialed IN! [sPX9RaG6Qww],@rxmuscle/Chris Bumstead Starts Olympia Prep + Flexatron Chest Day + Logan Franklin Dialed IN! [sPX9RaG6Qww].txt,684
1986,@rxmuscle,Can HASSAN Close The Deal？ + Keone Pearson Update + Ivana Ivusic 12 Days Out! [ttu48sWHZ5I],@rxmuscle/Can HASSAN Close The Deal？ + Keone Pearson Update + Ivana Ivusic 12 Days Out! [ttu48sWHZ5I].txt,712
1987,@rxmuscle,VERTICAL DIET EXPLAINED! Live With Stan Efferding [pQWcN4yWPG4],@rxmuscle/VERTICAL DIET EXPLAINED! Live With Stan Efferding [pQWcN4yWPG4].txt,8936
1988,@rxmuscle,WILLIAM BONAC： MIC DROP! Muscle in the Morning (8⧸9⧸18) [qzVbRgBeMSU],@rxmuscle/WILLIAM BONAC： MIC DROP! Muscle in the Morning (8⧸9⧸18) [qzVbRgBeMSU].txt,868
1989,@rxmuscle,Thyroid Hormone Explained by Dave Palumbo [Gq7aQsD74Eo],@rxmuscle/Thyroid Hormone Explained by Dave Palumbo [Gq7aQsD74Eo].txt,1944
1990,@rxmuscle,CRASHING ESTROGEN？ #askDave [FYuOUaJN5YQ],@rxmuscle/CRASHING ESTROGEN？ #askDave [FYuOUaJN5YQ].txt,5943
1991,@rxmuscle,MarvinWard 0 [JLnmJLcu7Sk],@rxmuscle/MarvinWard 0 [JLnmJLcu7Sk].txt,77
1992,@rxmuscle,AKIM WILLIAMS 3 WEEKS OUT & FLEXATRON TEAMS UP WITH SHABAAN! [DZWOUZo3uCE],@rxmuscle/AKIM WILLIAMS 3 WEEKS OUT & FLEXATRON TEAMS UP WITH SHABAAN! [DZWOUZo3uCE].txt,703
1993,@rxmuscle,AKIM WILLIAMS DIGGING IN! Muscle in the Morning (7⧸12⧸18) [vGtyR85dMXU],@rxmuscle/AKIM WILLIAMS DIGGING IN! Muscle in the Morning (7⧸12⧸18) [vGtyR85dMXU].txt,910
1994,@rxmuscle,STANIMAL： WHY I'M GOING TO OPEN BODYBUILDING! [Dakwmek3kUs],@rxmuscle/STANIMAL： WHY I'M GOING TO OPEN BODYBUILDING! [Dakwmek3kUs].txt,3542
1995,@rxmuscle,FREAKISH QUINTON ERIYA 3 DAYS OUT & DENNIS WOLF'S CLASSIC PHYSIQUE PRODIGY! [zQSRc8ZpI58],@rxmuscle/FREAKISH QUINTON ERIYA 3 DAYS OUT & DENNIS WOLF'S CLASSIC PHYSIQUE PRODIGY! [zQSRc8ZpI58].txt,809
1996,@rxmuscle,LUKAS OSLADIL DIALS IN! Muscle in the Morning (6⧸27⧸18) [eREZ8n9UzpM],@rxmuscle/LUKAS OSLADIL DIALS IN! Muscle in the Morning (6⧸27⧸18) [eREZ8n9UzpM].txt,815
1997,@rxmuscle,BUBBLE GUT CURE! Live Wth Carl Lanore [_84fWlPL4VM],@rxmuscle/BUBBLE GUT CURE! Live Wth Carl Lanore [_84fWlPL4VM].txt,5559
1998,@rxmuscle,HEAVY MUSCLE RADIO WITH IFBB PRO TONEY FREEMAN PART 3 OF 3 [QoaOgBEBa1Y],@rxmuscle/HEAVY MUSCLE RADIO WITH IFBB PRO TONEY FREEMAN PART 3 OF 3 [QoaOgBEBa1Y].txt,1682
1999,@rxmuscle,IS NATURAL BODYBUILDING REALLY 'NATURAL'？ [Md_8uqi9nBY],@rxmuscle/IS NATURAL BODYBUILDING REALLY 'NATURAL'？ [Md_8uqi9nBY].txt,487
2000,@rxmuscle,John Meadows Passes Away. Dave Palumbo's Tribute. [tBXgBbm4RPA],@rxmuscle/John Meadows Passes Away. Dave Palumbo's Tribute. [tBXgBbm4RPA].txt,1194
2001,@rxmuscle,HADI CHOOPAN AT THE 2020 OLYMPIA？ [LhhhE9SR6AE],@rxmuscle/HADI CHOOPAN AT THE 2020 OLYMPIA？ [LhhhE9SR6AE].txt,763
2002,@rxmuscle,MEGA LABOR DAY SALE at SpeciesNutrition.com! [hZMr-s5VtbU],@rxmuscle/MEGA LABOR DAY SALE at SpeciesNutrition.com! [hZMr-s5VtbU].txt,113
2003,@rxmuscle,Milton Holloway Jr Posing Routine at 2012 IFBB Desert Muscle Classic [iMvG1VlpNOs],@rxmuscle/Milton Holloway Jr Posing Routine at 2012 IFBB Desert Muscle Classic [iMvG1VlpNOs].txt,35
2004,@rxmuscle,BREON ANSLEY ON FIRE! Muscle in the Morning (7⧸25⧸18) [B3BvfT6gTv8],@rxmuscle/BREON ANSLEY ON FIRE! Muscle in the Morning (7⧸25⧸18) [B3BvfT6gTv8].txt,925
2005,@rxmuscle,VALLIERE GOES BACK TO BACK! Texas Pro Results & Recap [RdHnSLRpzKo],@rxmuscle/VALLIERE GOES BACK TO BACK! Texas Pro Results & Recap [RdHnSLRpzKo].txt,2347
2006,@rxmuscle,Deana Martinez Routine-2011 IFBB Ft Lauderdale Cup [w6LBGg6V0Rw],@rxmuscle/Deana Martinez Routine-2011 IFBB Ft Lauderdale Cup [w6LBGg6V0Rw].txt,3
2007,@rxmuscle,Casa De Jewbacaa [Tb5izU3-2sk],@rxmuscle/Casa De Jewbacaa [Tb5izU3-2sk].txt,818
2008,@rxmuscle,The Opening of the 2011 Europa Super Show [scT5wwq0388],@rxmuscle/The Opening of the 2011 Europa Super Show [scT5wwq0388].txt,34
2009,@rxmuscle,SHANE STEWART： A YOUNG BRANCH WARREN？ Live With [K_aWW6_fqYc],@rxmuscle/SHANE STEWART： A YOUNG BRANCH WARREN？ Live With [K_aWW6_fqYc].txt,3002
2010,@rxmuscle,DEREK LUNSFORD： NEXT 212 KING？ [R4ObJKz2ECk],@rxmuscle/DEREK LUNSFORD： NEXT 212 KING？ [R4ObJKz2ECk].txt,3099
2011,@rxmuscle,REMEMBERING MIKE MATARAZZO! HMR (8⧸17⧸20) [G5JXoPL9pfc],@rxmuscle/REMEMBERING MIKE MATARAZZO! HMR (8⧸17⧸20) [G5JXoPL9pfc].txt,11955
2012,@rxmuscle,HEAVY MUSCLE RADIO INTERVIEW WITH IFBB PRO MILOS SARSEV Part 1 of 5 [PalayjkC4F8],@rxmuscle/HEAVY MUSCLE RADIO INTERVIEW WITH IFBB PRO MILOS SARSEV Part 1 of 5 [PalayjkC4F8].txt,2345
2013,@rxmuscle,DAVE PALUMBO'S 1997 NPC NATIONALS CYCLE？ #askDave [PC83e2dZjOg],@rxmuscle/DAVE PALUMBO'S 1997 NPC NATIONALS CYCLE？ #askDave [PC83e2dZjOg].txt,8284
2014,@rxmuscle,CAN NICK WALKER WIN THE '21 ARNOLD CLASSIC？ #askDave [ktC3x4HwdHc],@rxmuscle/CAN NICK WALKER WIN THE '21 ARNOLD CLASSIC？ #askDave [ktC3x4HwdHc].txt,1094
2015,@rxmuscle,SERGIO OLIVA JR DOING TAMPA PRO？ Muscle in the Morning (8⧸1⧸30) [aIpn4rstKs0],@rxmuscle/SERGIO OLIVA JR DOING TAMPA PRO？ Muscle in the Morning (8⧸1⧸30) [aIpn4rstKs0].txt,845
2016,@rxmuscle,If Dave Palumbo Challenged Ronnie Coleman in One Pose... [h32y7XMmDX0],@rxmuscle/If Dave Palumbo Challenged Ronnie Coleman in One Pose... [h32y7XMmDX0].txt,281
2017,@rxmuscle,DEREK LUNSFORD： FREAK MODE! Muscle in the Morning (8⧸20⧸18) [4KhcSohmh3w],@rxmuscle/DEREK LUNSFORD： FREAK MODE! Muscle in the Morning (8⧸20⧸18) [4KhcSohmh3w].txt,916
2018,@rxmuscle,Jodi Boam Fitness Routine- 2011 IFBB Ft Lauderdale Cup.mp4 [UTZFy3FonCA],@rxmuscle/Jodi Boam Fitness Routine- 2011 IFBB Ft Lauderdale Cup.mp4 [UTZFy3FonCA].txt,22
2019,@rxmuscle,IAIN VALLIERE： FULL TAMPA PRO STORY & FUTURE IN BODYBUILDING! [efU4KxOSdxQ],@rxmuscle/IAIN VALLIERE： FULL TAMPA PRO STORY & FUTURE IN BODYBUILDING! [efU4KxOSdxQ].txt,7849
2020,@rxmuscle,Chicago Pro Champ & BREAKOUT Women's Physique Star! ｜ Patricia Gosselin Interview [6y3-JMJNwdI],@rxmuscle/Chicago Pro Champ & BREAKOUT Women's Physique Star! ｜ Patricia Gosselin Interview [6y3-JMJNwdI].txt,2141
2021,@rxmuscle,BREON ANSLEY 5 WEEKS OUT! Muscle in the Morning (8⧸10⧸18) [OyyhwjjLYgk],@rxmuscle/BREON ANSLEY 5 WEEKS OUT! Muscle in the Morning (8⧸10⧸18) [OyyhwjjLYgk].txt,903
2022,@rxmuscle,11OlympiaStrongmanMikeBurkeConanWheel [2WGob-gFQT8],@rxmuscle/11OlympiaStrongmanMikeBurkeConanWheel [2WGob-gFQT8].txt,323
2023,@rxmuscle,AARON SINGERMAN TALKS BUSINESS OF THE OLYMPIA! [7mwxOnlkNxo],@rxmuscle/AARON SINGERMAN TALKS BUSINESS OF THE OLYMPIA! [7mwxOnlkNxo].txt,6073
2024,@rxmuscle,CODY MONTGOMERY & CHARLES GRIFFEN IN THE LAB! [D_Ww7l-z5CQ],@rxmuscle/CODY MONTGOMERY & CHARLES GRIFFEN IN THE LAB! [D_Ww7l-z5CQ].txt,722
2025,@rxmuscle,DAVID GOGGINS TRAINING WORK FOR BODYBUILDERS？ #askDave [bs2RdiWB2kQ],@rxmuscle/DAVID GOGGINS TRAINING WORK FOR BODYBUILDERS？ #askDave [bs2RdiWB2kQ].txt,1138
2026,@rxmuscle,FROM ADDICTION TO IFBB PRO CARD! Live w⧸Rory Molnar [Kfp5CEgSavg],@rxmuscle/FROM ADDICTION TO IFBB PRO CARD! Live w⧸Rory Molnar [Kfp5CEgSavg].txt,2860
2027,@rxmuscle,MAINTENANCE CALORIES： Determining Factors & Thyroid's Role! [WN0_9dFWSEw],@rxmuscle/MAINTENANCE CALORIES： Determining Factors & Thyroid's Role! [WN0_9dFWSEw].txt,676
2028,@rxmuscle,IFBB Physique Pro Sabrina Taylor gears up for IFBB Grand Prix Pro Physique show April 14th [MjlwhwbixRI],@rxmuscle/IFBB Physique Pro Sabrina Taylor gears up for IFBB Grand Prix Pro Physique show April 14th [MjlwhwbixRI].txt,363
2029,@rxmuscle,Dave Palumbo's Experience With W33D ｜ Live With Dave Palumbo [LARoEIH4i7M],@rxmuscle/Dave Palumbo's Experience With W33D ｜ Live With Dave Palumbo [LARoEIH4i7M].txt,10504
2030,@rxmuscle,END OF AN ERA？ Muscle in the Morning (7⧸9⧸18) [QeYM9Lu7aFw],@rxmuscle/END OF AN ERA？ Muscle in the Morning (7⧸9⧸18) [QeYM9Lu7aFw].txt,846
2031,@rxmuscle,JIMMY THE BULL'S 'STRONGEST' CYCLE! AH Podcast (8⧸11⧸20) [RHcutSFvT2s],@rxmuscle/JIMMY THE BULL'S 'STRONGEST' CYCLE! AH Podcast (8⧸11⧸20) [RHcutSFvT2s].txt,14741
2032,@rxmuscle,ANOTHER CLASSIC CANADIAN？ Live With Isaac Baier [kyC2Q2ZfINY],@rxmuscle/ANOTHER CLASSIC CANADIAN？ Live With Isaac Baier [kyC2Q2ZfINY].txt,2542
2033,@rxmuscle,CHRIS ACETO'S NEW YORK PRO RECAP! HMR (9⧸7⧸20) [Q8NjUJ2tt3I],@rxmuscle/CHRIS ACETO'S NEW YORK PRO RECAP! HMR (9⧸7⧸20) [Q8NjUJ2tt3I].txt,11488
2034,@rxmuscle,LACTOSE FREE ICE CREAM： DOES IT EXIST？ [SRZyffz1uw0],@rxmuscle/LACTOSE FREE ICE CREAM： DOES IT EXIST？ [SRZyffz1uw0].txt,891
2035,@rxmuscle,Interview with Pro Strongman Dave Ostlund on Day 2 of 2011 America's Strongest Man [aKS5m25d1Tc],@rxmuscle/Interview with Pro Strongman Dave Ostlund on Day 2 of 2011 America's Strongest Man [aKS5m25d1Tc].txt,394
2036,@rxmuscle,11EuropaSuperShow202FirstCallout [6cOa8ftMtO8],@rxmuscle/11EuropaSuperShow202FirstCallout [6cOa8ftMtO8].txt,196
2037,@rxmuscle,Antoine's BIG Win + Hassan Mostafa The REAL Story ｜ Recap Wednesday [q1sbj1Afcm0],@rxmuscle/Antoine's BIG Win + Hassan Mostafa The REAL Story ｜ Recap Wednesday [q1sbj1Afcm0].txt,701
2038,@rxmuscle,"2011 Ms Fitness, Bikini, and Bodybuilding Olympia Final Wrapup Video [TRgC-oVtMNI]","@rxmuscle/2011 Ms Fitness, Bikini, and Bodybuilding Olympia Final Wrapup Video [TRgC-oVtMNI].txt",1147
2039,@rxmuscle,212 DIVISION： THE FUTURE! Muscle in the Morning (7⧸18⧸18) [zrTgVeoIGnk],@rxmuscle/212 DIVISION： THE FUTURE! Muscle in the Morning (7⧸18⧸18) [zrTgVeoIGnk].txt,904
2040,@rxmuscle,AN OPEN MESSAGE TO IAIN VALLIERE! [gWcsBIlVR5s],@rxmuscle/AN OPEN MESSAGE TO IAIN VALLIERE! [gWcsBIlVR5s].txt,2064
2041,@rxmuscle,"FROM DEPRESSION, SEVERE INJURY TO NAILING OVERALL WIN! Anna Heritage Interview ｜ RX Spotlight [YoioJERqdZI]","@rxmuscle/FROM DEPRESSION, SEVERE INJURY TO NAILING OVERALL WIN! Anna Heritage Interview ｜ RX Spotlight [YoioJERqdZI].txt",2389
2042,@rxmuscle,Dave Palumbo's MY LIFE： Trip to Dr Blau- Part 1 [XtauTEtnFd8],@rxmuscle/Dave Palumbo's MY LIFE： Trip to Dr Blau- Part 1 [XtauTEtnFd8].txt,3019
2043,@rxmuscle,VPX Nutrition Tour- Part 2 [gyBqOrmude8],@rxmuscle/VPX Nutrition Tour- Part 2 [gyBqOrmude8].txt,1765
2044,@rxmuscle,DEALING WITH DEPRESSION by Dave Palumbo #askDave [T58ioA-EvjU],@rxmuscle/DEALING WITH DEPRESSION by Dave Palumbo #askDave [T58ioA-EvjU].txt,916
2045,@rxmuscle,Karina Nascimento Posing Routine at 2012 IFBB Desert Muscle Classic [4QfKa3lJMKs],@rxmuscle/Karina Nascimento Posing Routine at 2012 IFBB Desert Muscle Classic [4QfKa3lJMKs].txt,138
2046,@rxmuscle,Dave Palumbo on Off-Season vs Pre-Contest GEAR Use [blbB4YuMTng],@rxmuscle/Dave Palumbo on Off-Season vs Pre-Contest GEAR Use [blbB4YuMTng].txt,334
2047,@rxmuscle,Clarence DeVis and Tricky Jackson Pose at After Party [hMX1abqaJ4g],@rxmuscle/Clarence DeVis and Tricky Jackson Pose at After Party [hMX1abqaJ4g].txt,267
2048,@rxmuscle,Larry Wheels BENCHES 484 + Flex Wheeler INSPIRES + Mike Tyson w⧸Dexter Jackson & Brad Rowe! [7yD625na9dk],@rxmuscle/Larry Wheels BENCHES 484 + Flex Wheeler INSPIRES + Mike Tyson w⧸Dexter Jackson & Brad Rowe! [7yD625na9dk].txt,831
2049,@rxmuscle,2011 Phoenix Mark Alvisi [WmFWA21QrME],@rxmuscle/2011 Phoenix Mark Alvisi [WmFWA21QrME].txt,88
2050,@rxmuscle,SMART Personal Training Certification Teaser #1 [2_0umIqz5ts],@rxmuscle/SMART Personal Training Certification Teaser #1 [2_0umIqz5ts].txt,138
2051,@rxmuscle,Hunter Labrada： ALL GAS NO BRAKES! + Maxx Charles READY for Tampa + Bryan Jones UPDATE! [ZUCtAS8yXsw],@rxmuscle/Hunter Labrada： ALL GAS NO BRAKES! + Maxx Charles READY for Tampa + Bryan Jones UPDATE! [ZUCtAS8yXsw].txt,739
2052,@rxmuscle,Heavy Muscle TV Show #27- Part 4 [J2qGNBSPbwI],@rxmuscle/Heavy Muscle TV Show #27- Part 4 [J2qGNBSPbwI].txt,2340
2053,@rxmuscle,IAIN VALLIERE BRINGS HOME THE WIN in TAMPA! Palumbo & Aceto Wrapup! [M2R1arXAPpM],@rxmuscle/IAIN VALLIERE BRINGS HOME THE WIN in TAMPA! Palumbo & Aceto Wrapup! [M2R1arXAPpM].txt,3335
2054,@rxmuscle,TOM PRINCE Talks Kidney Issues ｜ Tom Prince Interview (Part 2 of 2) [lWD4GA5LJoY],@rxmuscle/TOM PRINCE Talks Kidney Issues ｜ Tom Prince Interview (Part 2 of 2) [lWD4GA5LJoY].txt,6970
2055,@rxmuscle,BUILDING FREAKY CALVES! #askDave [sJgXtBu_y1w],@rxmuscle/BUILDING FREAKY CALVES! #askDave [sJgXtBu_y1w].txt,6482
2056,@rxmuscle,PRO BODYBUILDERS VS. SOCIAL MEDIA! Lee Priest Weighs In ｜ Iron Rage [T8QDC4D7PM8],@rxmuscle/PRO BODYBUILDERS VS. SOCIAL MEDIA! Lee Priest Weighs In ｜ Iron Rage [T8QDC4D7PM8].txt,6012
2057,@rxmuscle,FREAKISH CLARENCE DEVIS DIALING IN & FITNESS STAR AIMS FOR OLYMPIA TITLE! [yTaGYNRgm-c],@rxmuscle/FREAKISH CLARENCE DEVIS DIALING IN & FITNESS STAR AIMS FOR OLYMPIA TITLE! [yTaGYNRgm-c].txt,723
2058,@rxmuscle,PJ Braun And Aaron Singerman Start Off The 2011 Olympia Right! [O6DvZiC-rrk],@rxmuscle/PJ Braun And Aaron Singerman Start Off The 2011 Olympia Right! [O6DvZiC-rrk].txt,123
2059,@rxmuscle,HEAVY MUSCLE RADIO WITH IFBB PRO ROBERT BURNEIKA PART 1 OF 2 [bJo39ncLAbw],@rxmuscle/HEAVY MUSCLE RADIO WITH IFBB PRO ROBERT BURNEIKA PART 1 OF 2 [bJo39ncLAbw].txt,2753
2060,@rxmuscle,ARE GHOSTS REAL？ Whack Pack Share Craziest Ghost Stories! AH Podcast (9⧸29⧸20) [6EBy9IlAD_Y],@rxmuscle/ARE GHOSTS REAL？ Whack Pack Share Craziest Ghost Stories! AH Podcast (9⧸29⧸20) [6EBy9IlAD_Y].txt,12422
2061,@rxmuscle,TONY DOHERTY： ARNOLD AUSTRALIA '21 IN JEOPARDY! [w4Q03jV4qwo],@rxmuscle/TONY DOHERTY： ARNOLD AUSTRALIA '21 IN JEOPARDY! [w4Q03jV4qwo].txt,9018
2062,@rxmuscle,Melissa Coates (IFBB Pro & Pro Wrestler) Passes Away at 50 [MSLQxIXMTio],@rxmuscle/Melissa Coates (IFBB Pro & Pro Wrestler) Passes Away at 50 [MSLQxIXMTio].txt,1326
2063,@rxmuscle,Dave Palumbo's Father's Day Fun at Sun Splash Family Waterpark! [njQbLHl23rc],@rxmuscle/Dave Palumbo's Father's Day Fun at Sun Splash Family Waterpark! [njQbLHl23rc].txt,1624
2064,@rxmuscle,Ed Nunn Posing Routine at 2011 Europa Super Show [b3iyeiJ5pUE],@rxmuscle/Ed Nunn Posing Routine at 2011 Europa Super Show [b3iyeiJ5pUE].txt,14
2065,@rxmuscle,2011 IFBB Arnold Europe Preview [aD0XMgP-OXQ],@rxmuscle/2011 IFBB Arnold Europe Preview [aD0XMgP-OXQ].txt,729
2066,@rxmuscle,ENHANCING MENTAL COGNITION! #askDave [G5OEawP5v9M],@rxmuscle/ENHANCING MENTAL COGNITION! #askDave [G5OEawP5v9M].txt,7425
2067,@rxmuscle,HUNTER LABRADA BRINGS THE ENERGY! [x6fJamlXiBk],@rxmuscle/HUNTER LABRADA BRINGS THE ENERGY! [x6fJamlXiBk].txt,768
2068,@rxmuscle,CAMEL CREW'S NEXT SUPERFREAK？ + THE MADELMAN COMETH! + Former Amateur O Winner Set for Pro Debut! [uByGsb-T2ZA],@rxmuscle/CAMEL CREW'S NEXT SUPERFREAK？ + THE MADELMAN COMETH! + Former Amateur O Winner Set for Pro Debut! [uByGsb-T2ZA].txt,854
2069,@rxmuscle,Roelly in BEAST MODE + Blessing in Off-Season Mode + Regan Grimes UPDATE! [jKJlyddH72E],@rxmuscle/Roelly in BEAST MODE + Blessing in Off-Season Mode + Regan Grimes UPDATE! [jKJlyddH72E].txt,851
2070,@rxmuscle,Day in the Life of Mel Chancey- Part 1 [LdM8h6Io1ko],@rxmuscle/Day in the Life of Mel Chancey- Part 1 [LdM8h6Io1ko].txt,4604
2071,@rxmuscle,BLOOD WORK： WHAT TO LOOK FOR! [gbwI0QS8fW8],@rxmuscle/BLOOD WORK： WHAT TO LOOK FOR! [gbwI0QS8fW8].txt,1233
2072,@rxmuscle,WOULD DAVE PALUMBO QUALIFY FOR OLYMPIA TODAY？ #askDave [qkq1I2q4k5g],@rxmuscle/WOULD DAVE PALUMBO QUALIFY FOR OLYMPIA TODAY？ #askDave [qkq1I2q4k5g].txt,7699
2073,@rxmuscle,RAMY READY FOR SPAIN？ HMR (10⧸5⧸20) [mM3d96vh7Pg],@rxmuscle/RAMY READY FOR SPAIN？ HMR (10⧸5⧸20) [mM3d96vh7Pg].txt,12597
2074,@rxmuscle,BUILDING FREAKISH TRICEPS! #askDave [befk06eHiSw],@rxmuscle/BUILDING FREAKISH TRICEPS! #askDave [befk06eHiSw].txt,7123
2075,@rxmuscle,IS BODYBUILDING 'NATURALLY' A WASTE OF TIME？ [LfClspMeQas],@rxmuscle/IS BODYBUILDING 'NATURALLY' A WASTE OF TIME？ [LfClspMeQas].txt,450
2076,@rxmuscle,Ruff Diesel MASTERCLASS & INSANE Charles Griffen Guest Posing! [rAEI1UrjIMg],@rxmuscle/Ruff Diesel MASTERCLASS & INSANE Charles Griffen Guest Posing! [rAEI1UrjIMg].txt,709
2077,@rxmuscle,Tracy Bodner Posing Routine at 2012 IFBB Desert Muscle Classic [aLdAvUuFfxY],@rxmuscle/Tracy Bodner Posing Routine at 2012 IFBB Desert Muscle Classic [aLdAvUuFfxY].txt,62
2078,@rxmuscle,PERSIAN WOLF ON THE HUNT! Muscle in the Morning (8⧸16⧸18) [5bBcPflOAv0],@rxmuscle/PERSIAN WOLF ON THE HUNT! Muscle in the Morning (8⧸16⧸18) [5bBcPflOAv0].txt,871
2079,@rxmuscle,RAFAEL BRANDAO STILL PUSHING! Muscle in the Morning (6⧸26⧸18) [3hiyiDTURCY],@rxmuscle/RAFAEL BRANDAO STILL PUSHING! Muscle in the Morning (6⧸26⧸18) [3hiyiDTURCY].txt,854
2080,@rxmuscle,LEE PRIEST'S RAGE AGAINST THE MACHINE! [JpqYK9srfNU],@rxmuscle/LEE PRIEST'S RAGE AGAINST THE MACHINE! [JpqYK9srfNU].txt,6269
2081,@rxmuscle,I CAN'T GET UP! [Lm1xOlrqR5Q],@rxmuscle/I CAN'T GET UP! [Lm1xOlrqR5Q].txt,418
2082,@rxmuscle,DEREK LUNSFORD： 212 OLYMPIA HEIR APPARENT？ [To84zOz5tIQ],@rxmuscle/DEREK LUNSFORD： 212 OLYMPIA HEIR APPARENT？ [To84zOz5tIQ].txt,958
2083,@rxmuscle,"Big Lenny Shows FURIOUS Punching Power, Mr. G Responds! AH Podcast (7⧸6⧸21) [cLQYoq2sIr0]","@rxmuscle/Big Lenny Shows FURIOUS Punching Power, Mr. G Responds! AH Podcast (7⧸6⧸21) [cLQYoq2sIr0].txt",9783
2084,@rxmuscle,Dave Palumbo Reacts To INSANE Brandon Curry Update! [tdr4kI27oOU],@rxmuscle/Dave Palumbo Reacts To INSANE Brandon Curry Update! [tdr4kI27oOU].txt,650
2085,@rxmuscle,Mike Bazel Talks to Dave Palumbo [gvOt3_llPpw],@rxmuscle/Mike Bazel Talks to Dave Palumbo [gvOt3_llPpw].txt,1138
2086,@rxmuscle,Steve Kuclo at 300 lbs! + Get Well Brad Rowe + Ferguson Drops Preview! [YEjovJdVj3I],@rxmuscle/Steve Kuclo at 300 lbs! + Get Well Brad Rowe + Ferguson Drops Preview! [YEjovJdVj3I].txt,827
2087,@rxmuscle,Vince Taylor on Heavy Muscle Radio with Dave Palumbo - Part 1 of 3 - 12⧸19⧸11 [S2dTwzFwTSg],@rxmuscle/Vince Taylor on Heavy Muscle Radio with Dave Palumbo - Part 1 of 3 - 12⧸19⧸11 [S2dTwzFwTSg].txt,3021
2088,@rxmuscle,2011 Phoenix Alfonso Del Rio [abNLvkZkAuY],@rxmuscle/2011 Phoenix Alfonso Del Rio [abNLvkZkAuY].txt,94
2089,@rxmuscle,DCJETTIENNE.flv [fSrhzE3l4Fo],@rxmuscle/DCJETTIENNE.flv [fSrhzE3l4Fo].txt,0
2090,@rxmuscle,HEAVY MUSCLE RADIO INTERVIEW WITH THE CO HOST OF PHYSIQUE STAR RADIO VINCE ANRICH PART 2 OF 2 [eNnqh9BTPjI],@rxmuscle/HEAVY MUSCLE RADIO INTERVIEW WITH THE CO HOST OF PHYSIQUE STAR RADIO VINCE ANRICH PART 2 OF 2 [eNnqh9BTPjI].txt,1906
2091,@rxmuscle,Sergio Ready To STRIKE + Regan Grimes Chest Day + Hendrickson Eyes #3 [ab4XWRZ9YaQ],@rxmuscle/Sergio Ready To STRIKE + Regan Grimes Chest Day + Hendrickson Eyes #3 [ab4XWRZ9YaQ].txt,711
2092,@rxmuscle,Strongman Pro Vince Urbank wins the Push Pull Medley at 2011 America's Strongest Man [FY_8WIvxDyw],@rxmuscle/Strongman Pro Vince Urbank wins the Push Pull Medley at 2011 America's Strongest Man [FY_8WIvxDyw].txt,6
2093,@rxmuscle,SAMIR BANNOUT Crashes Iron Rage! ｜ Lee Priest & Dave Palumbo ｜ Iron Rage [KDBS2LhiSi4],@rxmuscle/SAMIR BANNOUT Crashes Iron Rage! ｜ Lee Priest & Dave Palumbo ｜ Iron Rage [KDBS2LhiSi4].txt,5130
2094,@rxmuscle,2011europasupershow202nightshowfirstcallout [ArWip3ocKX8],@rxmuscle/2011europasupershow202nightshowfirstcallout [ArWip3ocKX8].txt,113
2095,@rxmuscle,Portgual Pro Recap! ｜ Recap Wednesday ｜ Muscle in the Morning (7⧸21⧸21) [Gax921yu7Lk],@rxmuscle/Portgual Pro Recap! ｜ Recap Wednesday ｜ Muscle in the Morning (7⧸21⧸21) [Gax921yu7Lk].txt,862
2096,@rxmuscle,HEAVY MUSCLE RADIO INTERVIEW WITH IFBB PRO MILOS SARSEV Part 3 of 5 [E-1-hSc-UOo],@rxmuscle/HEAVY MUSCLE RADIO INTERVIEW WITH IFBB PRO MILOS SARSEV Part 3 of 5 [E-1-hSc-UOo].txt,2366
2097,@rxmuscle,SAMIR TROUDI OLYMPIA BOUND! Muscle in the Morning (7⧸31⧸18) [AclzqpS064I],@rxmuscle/SAMIR TROUDI OLYMPIA BOUND! Muscle in the Morning (7⧸31⧸18) [AclzqpS064I].txt,823
2098,@rxmuscle,DWAYNE WALKER： NEXT BIG THING？ [9d1k8Awaphc],@rxmuscle/DWAYNE WALKER： NEXT BIG THING？ [9d1k8Awaphc].txt,727
2099,@rxmuscle,INSANE KEONE PEARSON 10 WEEKS OUT FROM 212 DEBUT! [UO71l7Npt3s],@rxmuscle/INSANE KEONE PEARSON 10 WEEKS OUT FROM 212 DEBUT! [UO71l7Npt3s].txt,741
2100,@rxmuscle,REGAN GRIMES： CAN HE WIN CLASSIC PHYSIQUE OLYMPIA？ #askDave [M61AQ7TMmIw],@rxmuscle/REGAN GRIMES： CAN HE WIN CLASSIC PHYSIQUE OLYMPIA？ #askDave [M61AQ7TMmIw].txt,6207
2101,@rxmuscle,Cardio Confessional Ep 4 Pt 2- Tooth Pain⧸Moving to Tampa [SPhM2bnSmIU],@rxmuscle/Cardio Confessional Ep 4 Pt 2- Tooth Pain⧸Moving to Tampa [SPhM2bnSmIU].txt,1177
2102,@rxmuscle,TOM PRINCE & MILOS SARCEV HILARIOUS 90's Bodybuilders Stories：  Iron Debate (Part 2 of 2) [DydrjlaevuA],@rxmuscle/TOM PRINCE & MILOS SARCEV HILARIOUS 90's Bodybuilders Stories：  Iron Debate (Part 2 of 2) [DydrjlaevuA].txt,7230
2103,@rxmuscle,BIG RAMY BREAKS THE INTERNET! [4tldDJcRRko],@rxmuscle/BIG RAMY BREAKS THE INTERNET! [4tldDJcRRko].txt,860
2104,@rxmuscle,I JUST HAD A COLONOSCOPY! [wjs7bCuwkXg],@rxmuscle/I JUST HAD A COLONOSCOPY! [wjs7bCuwkXg].txt,3077
2105,@rxmuscle,HEAVY MUSCLE RADIO INTERVIEW WITH THE CO HOST OF PHYSIQUE STAR RADIO VINCE ANRICH PART 1 OF 2 [v_yJyV-UFbI],@rxmuscle/HEAVY MUSCLE RADIO INTERVIEW WITH THE CO HOST OF PHYSIQUE STAR RADIO VINCE ANRICH PART 1 OF 2 [v_yJyV-UFbI].txt,2333
2106,@rxmuscle,Big Ramy Rumors + Patrick Moore's Next Step + Ivana Ivusic Dials In + Sandra Grajales Recovers! [DE9HyhYRONU],@rxmuscle/Big Ramy Rumors + Patrick Moore's Next Step + Ivana Ivusic Dials In + Sandra Grajales Recovers! [DE9HyhYRONU].txt,675
2107,@rxmuscle,PHIL HEATH TALKS 2020 OLYMPIA PLACING! [GXiYmGLgnzY],@rxmuscle/PHIL HEATH TALKS 2020 OLYMPIA PLACING! [GXiYmGLgnzY].txt,896
2108,@rxmuscle,LEE PRIEST ON RIDICULOUS FAD DIETS! Iron Rage [bLZpMPjUXkw],@rxmuscle/LEE PRIEST ON RIDICULOUS FAD DIETS! Iron Rage [bLZpMPjUXkw].txt,4290
2109,@rxmuscle,RIC DRASIN PASSES AWAY! Dave Palumbo Remembers a Bodybuilding Icon [jbnUIoNEEvg],@rxmuscle/RIC DRASIN PASSES AWAY! Dave Palumbo Remembers a Bodybuilding Icon [jbnUIoNEEvg].txt,1538
2110,@rxmuscle,2021 Arnold Classic Lineups + Korean BEAST's Next Move + Sergio READY! [4IvFIyAaXio],@rxmuscle/2021 Arnold Classic Lineups + Korean BEAST's Next Move + Sergio READY! [4IvFIyAaXio].txt,713
2111,@rxmuscle,NPC USA CHAMPS (2018) WRAP-UP by Dave Palumbo [Y7CBcKWDh3g],@rxmuscle/NPC USA CHAMPS (2018) WRAP-UP by Dave Palumbo [Y7CBcKWDh3g].txt,1379
2112,@rxmuscle,Dave Palumbo Reacts to BIG Arnold Classic & Flex Lewis News! [0HJkiWxz_dQ],@rxmuscle/Dave Palumbo Reacts to BIG Arnold Classic & Flex Lewis News! [0HJkiWxz_dQ].txt,1221
2113,@rxmuscle,Reacting To BIG LENNY Smashing Bottle Over His Head! AH Podcast (6⧸15⧸21) [dRZL_2KI1sg],@rxmuscle/Reacting To BIG LENNY Smashing Bottle Over His Head! AH Podcast (6⧸15⧸21) [dRZL_2KI1sg].txt,13720
2114,@rxmuscle,Donna Jones 2011 IFBB Ft Lauderdale Cup [1v4F-ndpms4],@rxmuscle/Donna Jones 2011 IFBB Ft Lauderdale Cup [1v4F-ndpms4].txt,133
2115,@rxmuscle,Kai Greene Guest Posing 2011 NPC East Coast [CGW1-GZ74jg],@rxmuscle/Kai Greene Guest Posing 2011 NPC East Coast [CGW1-GZ74jg].txt,142
2116,@rxmuscle,MAKING BODYBUILDING GREAT AGAIN! [LjMzRxaWRZ4],@rxmuscle/MAKING BODYBUILDING GREAT AGAIN! [LjMzRxaWRZ4].txt,2024
2117,@rxmuscle,ASHKANANI： 212 OLYMPIA THREAT？ Muscle in the Morning (8⧸6⧸18) [wxU8WS4QZnE],@rxmuscle/ASHKANANI： 212 OLYMPIA THREAT？ Muscle in the Morning (8⧸6⧸18) [wxU8WS4QZnE].txt,834
2118,@rxmuscle,Aaron Singerman 3am at PJ Braun's House [hvww0E7Sobs],@rxmuscle/Aaron Singerman 3am at PJ Braun's House [hvww0E7Sobs].txt,267
2119,@rxmuscle,Justin Rodriguez Olympia Prep Update + Nathan De Asha 4 Weeks Out？ + Guy Cisternino READY! [bWU9PCLvYMc],@rxmuscle/Justin Rodriguez Olympia Prep Update + Nathan De Asha 4 Weeks Out？ + Guy Cisternino READY! [bWU9PCLvYMc].txt,762
2120,@rxmuscle,LEE PRIEST REACTS TO IAIN VALLIERE POST! [NWd2P_QjBmw],@rxmuscle/LEE PRIEST REACTS TO IAIN VALLIERE POST! [NWd2P_QjBmw].txt,6742
2121,@rxmuscle,ANTOINE VAILLANT 11 WEEKS OUT! [9JYgtoMu5aY],@rxmuscle/ANTOINE VAILLANT 11 WEEKS OUT! [9JYgtoMu5aY].txt,715
2122,@rxmuscle,Heavy Muscle TV Show #27- Part 1- Juan Morel Talks to The Whack Pack [DuRGSAUEzR4],@rxmuscle/Heavy Muscle TV Show #27- Part 1- Juan Morel Talks to The Whack Pack [DuRGSAUEzR4].txt,3273
2123,@rxmuscle,Roelly Moving SERIOUS Weight + Hadi Choopan Next Level + Missy Truscott UPDATE! [KMv142x3rI4],@rxmuscle/Roelly Moving SERIOUS Weight + Hadi Choopan Next Level + Missy Truscott UPDATE! [KMv142x3rI4].txt,704
2124,@rxmuscle,FLEXATRON IS BACK! [4xk-ZdNjaEo],@rxmuscle/FLEXATRON IS BACK! [4xk-ZdNjaEo].txt,787
2125,@rxmuscle,WENDY FORTINO'S BREAKTHROUGH MOMENT？ Muscle in the Morning (7⧸2⧸18) [MwviFCU2lKM],@rxmuscle/WENDY FORTINO'S BREAKTHROUGH MOMENT？ Muscle in the Morning (7⧸2⧸18) [MwviFCU2lKM].txt,864
2126,@rxmuscle,NEW BIG RAMY PICS & FLEX LEWIS OLYMPIA PREP UPDATE! [5pN70me3y6g],@rxmuscle/NEW BIG RAMY PICS & FLEX LEWIS OLYMPIA PREP UPDATE! [5pN70me3y6g].txt,774
2127,@rxmuscle,HEAVY MUSCLE RADIO WITH IFBB PRO ROBERT BURNEIKA PART 2 OF 2 [cfOqtYLM6kI],@rxmuscle/HEAVY MUSCLE RADIO WITH IFBB PRO ROBERT BURNEIKA PART 2 OF 2 [cfOqtYLM6kI].txt,880
2128,@rxmuscle,HEAVY MUSCLE RADIO WITH IFBB PRO TONEY FREEMAN PART 1 OF 4 [046J9yKs8SU],@rxmuscle/HEAVY MUSCLE RADIO WITH IFBB PRO TONEY FREEMAN PART 1 OF 4 [046J9yKs8SU].txt,2719
2129,@rxmuscle,SERGIO RETURNS TO HIS ROOTS! Muscle in the Morning (7⧸3⧸18) [wr5Jpziw4KU],@rxmuscle/SERGIO RETURNS TO HIS ROOTS! Muscle in the Morning (7⧸3⧸18) [wr5Jpziw4KU].txt,817
2130,@rxmuscle,'FAKE' LEE PRIEST RESPONDS TO KENNY KO! [9wVYWacwtCo],@rxmuscle/'FAKE' LEE PRIEST RESPONDS TO KENNY KO! [9wVYWacwtCo].txt,6191
2131,@rxmuscle,RON GORDON： RISING SUPER HEAVYWEIGHT! [lsfsIG5M-7I],@rxmuscle/RON GORDON： RISING SUPER HEAVYWEIGHT! [lsfsIG5M-7I].txt,2985
2132,@rxmuscle,2011 Phoenix Troy Alves [KxFoT3QdUHg],@rxmuscle/2011 Phoenix Troy Alves [KxFoT3QdUHg].txt,139
2133,@rxmuscle,Tricky Jackson Posing Routine at 2011 Europa Super [uivwzJS6-_o],@rxmuscle/Tricky Jackson Posing Routine at 2011 Europa Super [uivwzJS6-_o].txt,12
2134,@rxmuscle,2011 Mr Olympia & Ms Figure Olympia Final Wrapup Video [l1RCwvYWap8],@rxmuscle/2011 Mr Olympia & Ms Figure Olympia Final Wrapup Video [l1RCwvYWap8].txt,5836
2135,@rxmuscle,HEATHER GRACE 7 WEEKS OUT & RISING BIKINI STAR & MELISSA VALLIERE IN ACTION! [l-bDu8o2dPU],@rxmuscle/HEATHER GRACE 7 WEEKS OUT & RISING BIKINI STAR & MELISSA VALLIERE IN ACTION! [l-bDu8o2dPU].txt,705
2136,@rxmuscle,LEE PRIEST RIPS CANCEL CULTURE! [u4HNZ-H-vO8],@rxmuscle/LEE PRIEST RIPS CANCEL CULTURE! [u4HNZ-H-vO8].txt,5481
2137,@rxmuscle,HEAVY MUSCLE RADIO WITH CHARLES POLIQUIN PART 1 OF 4 [7tOSiqlQ0fM],@rxmuscle/HEAVY MUSCLE RADIO WITH CHARLES POLIQUIN PART 1 OF 4 [7tOSiqlQ0fM].txt,2215
2138,@rxmuscle,STEVE KUCLO UNFILTERED ON TEXAS PRO & OLYMPIA HOPES! [eysd01pO7ng],@rxmuscle/STEVE KUCLO UNFILTERED ON TEXAS PRO & OLYMPIA HOPES! [eysd01pO7ng].txt,4712
2139,@rxmuscle,HUNTER LABRADA WINS PRO DEBUT! 2020 TAMPA PRO WRAP-UP [sVeCV67lZkw],@rxmuscle/HUNTER LABRADA WINS PRO DEBUT! 2020 TAMPA PRO WRAP-UP [sVeCV67lZkw].txt,5257
2140,@rxmuscle,DCJguy.flv [ko9gBIyetZI],@rxmuscle/DCJguy.flv [ko9gBIyetZI].txt,0
2141,@rxmuscle,Why KAI GREENE Should Do 2018 Mr Olympia! Heavy Muscle Radio (7⧸2⧸18) [YJZ5bP529Hk],@rxmuscle/Why KAI GREENE Should Do 2018 Mr Olympia! Heavy Muscle Radio (7⧸2⧸18) [YJZ5bP529Hk].txt,16123
2142,@rxmuscle,EPIC Labrada Picture + Bumstead Plates SEVEN + Patrick Moore Olympia UPDATE! [8oHcUPQEVzk],@rxmuscle/EPIC Labrada Picture + Bumstead Plates SEVEN + Patrick Moore Olympia UPDATE! [8oHcUPQEVzk].txt,739
2143,@rxmuscle,DEBUNKING GH & INSULIN MYTHS! #askDave [XrxegGZKCV0],@rxmuscle/DEBUNKING GH & INSULIN MYTHS! #askDave [XrxegGZKCV0].txt,6814
2144,@rxmuscle,FREAKISH Blessing Awodibu Update + GP3 & Breon Ansley Dial Up Olympia Prep! [7QYMDEwYRv0],@rxmuscle/FREAKISH Blessing Awodibu Update + GP3 & Breon Ansley Dial Up Olympia Prep! [7QYMDEwYRv0].txt,772
2145,@rxmuscle,Gregg Valentino's WILDEST Fan Mail Stories! AH Podcast (8⧸25⧸20) [VaiFziQ40U4],@rxmuscle/Gregg Valentino's WILDEST Fan Mail Stories! AH Podcast (8⧸25⧸20) [VaiFziQ40U4].txt,13896
2146,@rxmuscle,Sarah Villegas' CASH CHALLENGE To Shanique Grant! Shanique RESPONDS! [kluvMArKQnQ],@rxmuscle/Sarah Villegas' CASH CHALLENGE To Shanique Grant! Shanique RESPONDS! [kluvMArKQnQ].txt,724
2147,@rxmuscle,LEE PRIEST： WHEN IT'S TIME TO WALK AWAY! Iron Rage [YMVy3UpcSz0],@rxmuscle/LEE PRIEST： WHEN IT'S TIME TO WALK AWAY! Iron Rage [YMVy3UpcSz0].txt,4129
2148,@rxmuscle,EXTREME DEPLETION! GuruTalk [rY2GqpXjyeI],@rxmuscle/EXTREME DEPLETION! GuruTalk [rY2GqpXjyeI].txt,12085
2149,@rxmuscle,PHIL HEATH RESPONDS TO SOCIAL MEDIA! [52cd8VdmLLw],@rxmuscle/PHIL HEATH RESPONDS TO SOCIAL MEDIA! [52cd8VdmLLw].txt,2608
2150,@rxmuscle,HAFTHOR's 1-2 COMBO + THE NEXT BIG THING AT 255 LBS! + BREON'S FLEX! [nmlmBL9CDdQ],@rxmuscle/HAFTHOR's 1-2 COMBO + THE NEXT BIG THING AT 255 LBS! + BREON'S FLEX! [nmlmBL9CDdQ].txt,867
2151,@rxmuscle,2011 MHP Olympia Strongman Farmers Walk Medley winner Andrew Palmer [_O2rgD0WzaU],@rxmuscle/2011 MHP Olympia Strongman Farmers Walk Medley winner Andrew Palmer [_O2rgD0WzaU].txt,269
2152,@rxmuscle,Shaun Clarida： UNSTOPPABLE？ + Ahmad Ashkanani UPDATE + Oksana Grishina at Work! [VX7Bwgzg_wk],@rxmuscle/Shaun Clarida： UNSTOPPABLE？ + Ahmad Ashkanani UPDATE + Oksana Grishina at Work! [VX7Bwgzg_wk].txt,738
2153,@rxmuscle,Fouad Abiad SHREDDED at 269-lbs & Shanique Grant TRAINS for 3-Peat! [c4tOkhyGtxY],@rxmuscle/Fouad Abiad SHREDDED at 269-lbs & Shanique Grant TRAINS for 3-Peat! [c4tOkhyGtxY].txt,787
2154,@rxmuscle,Nick Walker & Roelly Winklaar to the Arnold + Bryan Jones NUTTY Update! [L4qDQaGdZJI],@rxmuscle/Nick Walker & Roelly Winklaar to the Arnold + Bryan Jones NUTTY Update! [L4qDQaGdZJI].txt,851
2155,@rxmuscle,Shawn Rhoden Posing Routine at 2011 Europa Super [54UiciPh738],@rxmuscle/Shawn Rhoden Posing Routine at 2011 Europa Super [54UiciPh738].txt,153
2156,@rxmuscle,THE MINDSET TO LIFT HEAVY! #askDave [-jNr9dvv92g],@rxmuscle/THE MINDSET TO LIFT HEAVY! #askDave [-jNr9dvv92g].txt,7242
2157,@rxmuscle,KETO A ＂DISEASE-PROMOTING DISASTER？＂ Palumbo RESPONDS! [3OQcTTWlz10],@rxmuscle/KETO A ＂DISEASE-PROMOTING DISASTER？＂ Palumbo RESPONDS! [3OQcTTWlz10].txt,1839
2158,@rxmuscle,Aaron Singerman steps on stage at the 2011 Branch Warren [hwAeP-GW6Js],@rxmuscle/Aaron Singerman steps on stage at the 2011 Branch Warren [hwAeP-GW6Js].txt,52
2159,@rxmuscle,IRRESPONSIBLE ACTIONS = HEALTH RISKS! [3D_6XxiHezg],@rxmuscle/IRRESPONSIBLE ACTIONS = HEALTH RISKS! [3D_6XxiHezg].txt,3127
2160,@rxmuscle,FUNDING LEE PRIEST'S COMEBACK! (Plus HILARIOUS Nasser Impressions) HMR (9⧸28⧸20) [weARP-0nKec],@rxmuscle/FUNDING LEE PRIEST'S COMEBACK! (Plus HILARIOUS Nasser Impressions) HMR (9⧸28⧸20) [weARP-0nKec].txt,14836
2161,@rxmuscle,BODYBUILDING in the OLYMPICS？ [y-DKhxubVLQ],@rxmuscle/BODYBUILDING in the OLYMPICS？ [y-DKhxubVLQ].txt,340
2162,@rxmuscle,HEAVY MUSCLE RADIO WITH IFBB PRO JEROME FERGUSON PART 1 OF 2 [NdJUlWMZYOk],@rxmuscle/HEAVY MUSCLE RADIO WITH IFBB PRO JEROME FERGUSON PART 1 OF 2 [NdJUlWMZYOk].txt,2861
2163,@rxmuscle,BODYBUILDING'S COMEBACK KID! Antoine Vaillant Interview [DhRPOOmnw9c],@rxmuscle/BODYBUILDING'S COMEBACK KID! Antoine Vaillant Interview [DhRPOOmnw9c].txt,7492
2164,@rxmuscle,DJCFigureCallout.flv [NjOgtb4H7Jo],@rxmuscle/DJCFigureCallout.flv [NjOgtb4H7Jo].txt,18
2165,@rxmuscle,CHRIS DICKERSON： DEFYING THE ODDS! HMR (8⧸24⧸20) [b0WUNK_XIe0],@rxmuscle/CHRIS DICKERSON： DEFYING THE ODDS! HMR (8⧸24⧸20) [b0WUNK_XIe0].txt,7621
2166,@rxmuscle,LEE PRIEST'S HILARIOUS ADVICE FOR MASSIVE CALVES! [S5aWXr411hA],@rxmuscle/LEE PRIEST'S HILARIOUS ADVICE FOR MASSIVE CALVES! [S5aWXr411hA].txt,6349
2167,@rxmuscle,ToneyFreeman [hBhsZEwttvM],@rxmuscle/ToneyFreeman [hBhsZEwttvM].txt,2
2168,@rxmuscle,Stephanie McMahon on HMR： 1⧸2⧸2012 with Dave Palumbo.  Part 4 of 4 [4FH6fLV34J8],@rxmuscle/Stephanie McMahon on HMR： 1⧸2⧸2012 with Dave Palumbo.  Part 4 of 4 [4FH6fLV34J8].txt,1249
2169,@rxmuscle,master_transcript1,@rxmuscle/master_transcript1.txt,1546878
2170,@rxmuscle,NicoleDucanRoutine-2011 IFBBFtLauderdaleCup.mp4 [rL9-o9g-r6w],@rxmuscle/NicoleDucanRoutine-2011 IFBBFtLauderdaleCup.mp4 [rL9-o9g-r6w].txt,11
2171,@rxmuscle,David Pascual Gonzalez Getting Married at the 2011 Arnold Amateur Europe! [BUEOp7cvnSk],@rxmuscle/David Pascual Gonzalez Getting Married at the 2011 Arnold Amateur Europe! [BUEOp7cvnSk].txt,6
2172,@rxmuscle,HEAVY MUSCLE RADIO INTERVIEW WITH IFBB PRO MILOS SARSEV Part 5 of 5 [ZZCvdx3esds],@rxmuscle/HEAVY MUSCLE RADIO INTERVIEW WITH IFBB PRO MILOS SARSEV Part 5 of 5 [ZZCvdx3esds].txt,1471
2173,@rxmuscle,Dusty Hanshaw Update + RECAP WEDNESDAY! [Gu9QVQyFFLU],@rxmuscle/Dusty Hanshaw Update + RECAP WEDNESDAY! [Gu9QVQyFFLU].txt,652
2174,@rxmuscle,BODYBUILDER vs. 800-LB LION IN TUG OF WAR： SEE WHO WINS! [8QaFgJnf308],@rxmuscle/BODYBUILDER vs. 800-LB LION IN TUG OF WAR： SEE WHO WINS! [8QaFgJnf308].txt,736
2175,@rxmuscle,Nick Walker vs. William Bonac + ＂Breon Has 0% Chance＂ vs. C-Bum! [4q4MTWKNL7c],@rxmuscle/Nick Walker vs. William Bonac + ＂Breon Has 0% Chance＂ vs. C-Bum! [4q4MTWKNL7c].txt,790
2176,@rxmuscle,Interview with Pro Strongman Travis Ortmayer on Day 2 of 2011 America's Strongest Man [GJ_h_Ses-8E],@rxmuscle/Interview with Pro Strongman Travis Ortmayer on Day 2 of 2011 America's Strongest Man [GJ_h_Ses-8E].txt,139
2177,@rxmuscle,LEE PRIEST'S TOUGHEST MR. OLYMPIA？ Iron Rage [8ovql6cyllo],@rxmuscle/LEE PRIEST'S TOUGHEST MR. OLYMPIA？ Iron Rage [8ovql6cyllo].txt,6187
2178,@rxmuscle,Iain Valliere (270-lbs) Update + Breon Ansley Starts Olympia Prep + Kamal Elgargni Update [9ioE8P0RzTc],@rxmuscle/Iain Valliere (270-lbs) Update + Breon Ansley Starts Olympia Prep + Kamal Elgargni Update [9ioE8P0RzTc].txt,708
2179,@rxmuscle,Strongman Pro Vince Urbank wins the Car Deadlift & Hold at 2011 America's Strongest Man [VESyPvA3RMk],@rxmuscle/Strongman Pro Vince Urbank wins the Car Deadlift & Hold at 2011 America's Strongest Man [VESyPvA3RMk].txt,37
2180,@rxmuscle,Jewbacca Debuts in Mens Physique at the 2011 Branch Warren [c9rrrWYXx7U],@rxmuscle/Jewbacca Debuts in Mens Physique at the 2011 Branch Warren [c9rrrWYXx7U].txt,855
2181,@rxmuscle,BRANDON CURRY'S ROAD TO THE OLYMPIA STARTS NOW! [c2M8btGJAbM],@rxmuscle/BRANDON CURRY'S ROAD TO THE OLYMPIA STARTS NOW! [c2M8btGJAbM].txt,776
2182,@rxmuscle,BIKINI INSIGHTS with NATOSHIA COLEMAN! [6cH5gGY-GFs],@rxmuscle/BIKINI INSIGHTS with NATOSHIA COLEMAN! [6cH5gGY-GFs].txt,3355
2183,@rxmuscle,"TAMPA PRO PREVIEW： Iain Valliere, Maxx Charles, Mo Shaaban Battle For Olympia Spot! [V2kemEUI6KM]","@rxmuscle/TAMPA PRO PREVIEW： Iain Valliere, Maxx Charles, Mo Shaaban Battle For Olympia Spot! [V2kemEUI6KM].txt",1683
2184,@rxmuscle,RONNIE OR DORIAN： BEST REAR LAT SPREAD？ #askDave [hmiajn8MkZY],@rxmuscle/RONNIE OR DORIAN： BEST REAR LAT SPREAD？ #askDave [hmiajn8MkZY].txt,3175
2185,@rxmuscle,Pro Strongman Brad Dunn Sings the National Anthem at 2011 America's Strongest Man [MuBhbaUlWIM],@rxmuscle/Pro Strongman Brad Dunn Sings the National Anthem at 2011 America's Strongest Man [MuBhbaUlWIM].txt,11
2186,@rxmuscle,CarbohydrateManIsGone [ys2wny06w3I],@rxmuscle/CarbohydrateManIsGone [ys2wny06w3I].txt,93
2187,@rxmuscle,Chuck Zito Talks to Rx Muscle at 2012 Arnold Weekend [0c1tVyMCVAI],@rxmuscle/Chuck Zito Talks to Rx Muscle at 2012 Arnold Weekend [0c1tVyMCVAI].txt,981
2188,@rxmuscle,Vince Taylor on Heavy Muscle Radio with Dave Palumbo - Part 3 of 3 - 12⧸19⧸11 [orJzr1w8Bto],@rxmuscle/Vince Taylor on Heavy Muscle Radio with Dave Palumbo - Part 3 of 3 - 12⧸19⧸11 [orJzr1w8Bto].txt,1911
2189,@rxmuscle,Rx Muscle Celebrity Bowling Battle of Sexes December 20111 [ZVbqGBAoJmI],@rxmuscle/Rx Muscle Celebrity Bowling Battle of Sexes December 20111 [ZVbqGBAoJmI].txt,2636
2190,@rxmuscle,SUPERSIZED RAMY! Muscle in the Morning (7⧸5⧸18) [J7ZTiU0hEoU],@rxmuscle/SUPERSIZED RAMY! Muscle in the Morning (7⧸5⧸18) [J7ZTiU0hEoU].txt,779
2191,@rxmuscle,Aaron Jewbacca Singerman Steals the Football Out of a Young Eli Manning's Hands [JT3UYo93T_s],@rxmuscle/Aaron Jewbacca Singerman Steals the Football Out of a Young Eli Manning's Hands [JT3UYo93T_s].txt,41
2192,@rxmuscle,212 OLYMPIA CHAMP 17 WEEKS OUT! [WYYxvjmTk8U],@rxmuscle/212 OLYMPIA CHAMP 17 WEEKS OUT! [WYYxvjmTk8U].txt,703
2193,@rxmuscle,BIG RAMY： HOW HE CAN BEAT PHIL HEATH! #askDave [czhOeKn9eMw],@rxmuscle/BIG RAMY： HOW HE CAN BEAT PHIL HEATH! #askDave [czhOeKn9eMw].txt,7487
2194,@rxmuscle,"Nick Walker, Shaun Clarida, Brett Wilkin Guest Pose at NPC Jr Nationals! [xlysOCwyAsM]","@rxmuscle/Nick Walker, Shaun Clarida, Brett Wilkin Guest Pose at NPC Jr Nationals! [xlysOCwyAsM].txt",811
2195,@rxmuscle,INSULIN TALK WITH COLETTE NELSON! [NBl1iujdpCY],@rxmuscle/INSULIN TALK WITH COLETTE NELSON! [NBl1iujdpCY].txt,6240
2196,@rxmuscle,Antoine Vaillant Update + Keone Pearson CONFIRMS Retirement Rumors + Janet Layug In Action! [Fu2nRfOl_Xc],@rxmuscle/Antoine Vaillant Update + Keone Pearson CONFIRMS Retirement Rumors + Janet Layug In Action! [Fu2nRfOl_Xc].txt,852
2197,@rxmuscle,TURNING PRO AT 60 YEARS OLD! Live With Ralph Coccio [1PCaqhq1e3c],@rxmuscle/TURNING PRO AT 60 YEARS OLD! Live With Ralph Coccio [1PCaqhq1e3c].txt,3546
2198,@rxmuscle,2011 Phoenix Ed Nunn [UoV2bYqBzoQ],@rxmuscle/2011 Phoenix Ed Nunn [UoV2bYqBzoQ].txt,86
2199,@rxmuscle,2011 Phoenix HidetadaYamagishi [JUWzKEolqgs],@rxmuscle/2011 Phoenix HidetadaYamagishi [JUWzKEolqgs].txt,99
2200,@rxmuscle,NPC USA CHAMPIONSHIPS RECAP! [Cy6io1KTlnw],@rxmuscle/NPC USA CHAMPIONSHIPS RECAP! [Cy6io1KTlnw].txt,731
2201,@rxmuscle,"Dave Palumbo Seminar： Toxicity, Cleansing, & Alkalinization- Part 1 [SVHl5zDKz_M]","@rxmuscle/Dave Palumbo Seminar： Toxicity, Cleansing, & Alkalinization- Part 1 [SVHl5zDKz_M].txt",3781
2202,@rxmuscle,Camala Rodriguez Routine- 2011 IFBB Ft Lauderdale Cup [deTY52RehU4],@rxmuscle/Camala Rodriguez Routine- 2011 IFBB Ft Lauderdale Cup [deTY52RehU4].txt,6
2203,@rxmuscle,DJCBikiniWalks.flv [f5pFa-5lSMM],@rxmuscle/DJCBikiniWalks.flv [f5pFa-5lSMM].txt,20
2204,@rxmuscle,MAKE BODYBUILDING GREAT AGAIN! AH Podcast (9⧸15⧸20) [1-sQKaTEYfM],@rxmuscle/MAKE BODYBUILDING GREAT AGAIN! AH Podcast (9⧸15⧸20) [1-sQKaTEYfM].txt,7845
2205,@rxmuscle,Travis Ortmayer & Dave Ostlund go head to head in the Atlas Stones at 2011 America's Strongest Man [uH7Sq4jGFZc],@rxmuscle/Travis Ortmayer & Dave Ostlund go head to head in the Atlas Stones at 2011 America's Strongest Man [uH7Sq4jGFZc].txt,5
2206,@rxmuscle,POLICE OFFICER (EX-MARINE) WINS IFBB PRO CARD! Live With Nick Lopano [Bp0hpf3tKWg],@rxmuscle/POLICE OFFICER (EX-MARINE) WINS IFBB PRO CARD! Live With Nick Lopano [Bp0hpf3tKWg].txt,4491
2207,@rxmuscle,Heavy Muscle TV Show #27- Part 2- Chris Cormier in Studio [O8yjDJ307Vs],@rxmuscle/Heavy Muscle TV Show #27- Part 2- Chris Cormier in Studio [O8yjDJ307Vs].txt,3785
2208,@rxmuscle,CLASSIC PHYSIQUE BREAKOUT STAR! ｜ Zeek Andrews Interview [pyA_AaOKbuI],@rxmuscle/CLASSIC PHYSIQUE BREAKOUT STAR! ｜ Zeek Andrews Interview [pyA_AaOKbuI].txt,4818
2209,@rxmuscle,90's BODYBUILDER JOE TROCCOLI ON COMPETING W⧸FLEX WHEELER & DANNY HESTER! [DvQhGx66RE0],@rxmuscle/90's BODYBUILDER JOE TROCCOLI ON COMPETING W⧸FLEX WHEELER & DANNY HESTER! [DvQhGx66RE0].txt,5644
2210,@rxmuscle,293-lb Justin Rodgriguez + Breon Ansley on a MISSION + Keone Pearson is READY! [rNHkCNHbLAo],@rxmuscle/293-lb Justin Rodgriguez + Breon Ansley on a MISSION + Keone Pearson is READY! [rNHkCNHbLAo].txt,713
2211,@rxmuscle,"IAIN VALLIERE BIG WIN： Heavy Muscle Radio- July 23, 2018 [F-Tti5vj9b8]","@rxmuscle/IAIN VALLIERE BIG WIN： Heavy Muscle Radio- July 23, 2018 [F-Tti5vj9b8].txt",15408
2212,@rxmuscle,VPX Nutrition Tour- Part 3 [nxLE2ypw6so],@rxmuscle/VPX Nutrition Tour- Part 3 [nxLE2ypw6so].txt,3554
2213,@rxmuscle,REGAN GRIMES 6 WEEKS OUT 2018 OLYMPIA! Muscle in the Morning (8⧸3⧸18) [ii_NyY-m5V8],@rxmuscle/REGAN GRIMES 6 WEEKS OUT 2018 OLYMPIA! Muscle in the Morning (8⧸3⧸18) [ii_NyY-m5V8].txt,831
2214,@rxmuscle,MAXX？ HASSAN？ PATRICK？ CALIFORNIA PRO PREVIEW! [HxUZHvyD-Pg],@rxmuscle/MAXX？ HASSAN？ PATRICK？ CALIFORNIA PRO PREVIEW! [HxUZHvyD-Pg].txt,1123
2215,@rxmuscle,THE EASY WAY TO GET INSULIN FOR CHEAP! [mHy8ZteB1aM],@rxmuscle/THE EASY WAY TO GET INSULIN FOR CHEAP! [mHy8ZteB1aM].txt,2006
2216,@rxmuscle,MR. OLYMPIA PEOPLE'S CHAMP？ Live With Dan Solomon (Part 1) [83aTDqqHCNQ],@rxmuscle/MR. OLYMPIA PEOPLE'S CHAMP？ Live With Dan Solomon (Part 1) [83aTDqqHCNQ].txt,5835
2217,@rxmuscle,Pj Braun Training Back At Bev's Powerhouse [ZCC0RYmSVIM],@rxmuscle/Pj Braun Training Back At Bev's Powerhouse [ZCC0RYmSVIM].txt,7
2218,@rxmuscle,THE RIGHT TIME TO GO 'ENHANCED'？ #askDave [zj6yBhFzIq0],@rxmuscle/THE RIGHT TIME TO GO 'ENHANCED'？ #askDave [zj6yBhFzIq0].txt,5695
2219,@rxmuscle,HEAVY MUSCLE RADIO INTERVIEW WITH IFBB PRO MILOS SARSEV Part 2 of 5 [G7G7div1x0c],@rxmuscle/HEAVY MUSCLE RADIO INTERVIEW WITH IFBB PRO MILOS SARSEV Part 2 of 5 [G7G7div1x0c].txt,1525
2220,@rxmuscle,Dennis James' BOLD Prediction for Ramy's Reign! [jVEZoYk9NJ0],@rxmuscle/Dennis James' BOLD Prediction for Ramy's Reign! [jVEZoYk9NJ0].txt,806
2221,@rxmuscle,RXMUSCLERapJTP.mp4 [dA8vw66LrRY],@rxmuscle/RXMUSCLERapJTP.mp4 [dA8vw66LrRY].txt,65
2222,@rxmuscle,WHICH ESTER IS RIGHT FOR YOU？ #RXRants [fTasKbhsK5A],@rxmuscle/WHICH ESTER IS RIGHT FOR YOU？ #RXRants [fTasKbhsK5A].txt,2245
2223,@rxmuscle,IS YOUR STUFF FAKE？ [nf5JbsE8MPU],@rxmuscle/IS YOUR STUFF FAKE？ [nf5JbsE8MPU].txt,1507
2224,@rxmuscle,Cardio Confessional Ep 3 Pt 2- Outside Cardio With Darielle Gaines [XFYwvqU7ZA4],@rxmuscle/Cardio Confessional Ep 3 Pt 2- Outside Cardio With Darielle Gaines [XFYwvqU7ZA4].txt,1540
2225,@rxmuscle,BULKING WITHOUT ANABOLICS： Waste Of Time？ #askDave [TfEzqceXbAs],@rxmuscle/BULKING WITHOUT ANABOLICS： Waste Of Time？ #askDave [TfEzqceXbAs].txt,7502
2226,@rxmuscle,HOW THE NPC NORTH AMERICAN CHAMPIONSHIPS WAS SAVED! Gary Udit Interview [d1KZypJmEw0],@rxmuscle/HOW THE NPC NORTH AMERICAN CHAMPIONSHIPS WAS SAVED! Gary Udit Interview [d1KZypJmEw0].txt,7519
2227,@rxmuscle,Iain Valliere DIALING IN For Tampa + Classic Physique Star Returns + Rafa Brandao Update! [AnKYQ403kKE],@rxmuscle/Iain Valliere DIALING IN For Tampa + Classic Physique Star Returns + Rafa Brandao Update! [AnKYQ403kKE].txt,736
2228,@rxmuscle,2018 NPC USA RECAP (Palumbo & Aceto)! Heavy Muscle Radio (7⧸30⧸18) [WLIzh27H4ec],@rxmuscle/2018 NPC USA RECAP (Palumbo & Aceto)! Heavy Muscle Radio (7⧸30⧸18) [WLIzh27H4ec].txt,14535
2229,@rxmuscle,Why Lee Priest Needs $100k [460_3latvsQ],@rxmuscle/Why Lee Priest Needs $100k [460_3latvsQ].txt,6052
2230,@rxmuscle,BRANDON CURRY 8 WEEKS OUT! Muscle in the Morning (7⧸20⧸18) [rPSvc5ilmX4],@rxmuscle/BRANDON CURRY 8 WEEKS OUT! Muscle in the Morning (7⧸20⧸18) [rPSvc5ilmX4].txt,920
2231,@rxmuscle,MuscleAtThrMovies3_0.flv [LjlC5fWTgUY],@rxmuscle/MuscleAtThrMovies3_0.flv [LjlC5fWTgUY].txt,2752
2232,@rxmuscle,Can Kai Greene WIN The 2021 Mr. Olympia？ ｜ Iron Debate [9yc9YnJxoRY],@rxmuscle/Can Kai Greene WIN The 2021 Mr. Olympia？ ｜ Iron Debate [9yc9YnJxoRY].txt,5488
2233,@rxmuscle,FLEX LEWIS TURNS UP OLYMPIA PREP! [EWAgojqo8wQ],@rxmuscle/FLEX LEWIS TURNS UP OLYMPIA PREP! [EWAgojqo8wQ].txt,821
2234,@rxmuscle,Ludmilia Somkina Routine-2011 IFBB Ft Lauderdale Cup [SJMdqVjaZI4],@rxmuscle/Ludmilia Somkina Routine-2011 IFBB Ft Lauderdale Cup [SJMdqVjaZI4].txt,4
2235,@rxmuscle,Phil Heath： LOADING! + Dr. Sunny Andrews UNREAL Shape + Oksana Grishina UPDATE! [xP-ZOI7H3hM],@rxmuscle/Phil Heath： LOADING! + Dr. Sunny Andrews UNREAL Shape + Oksana Grishina UPDATE! [xP-ZOI7H3hM].txt,776
2236,@rxmuscle,VICTORY FOR VAILLANT! California Pro Recap ｜ Dave Palumbo [0zVZkBIEXOY],@rxmuscle/VICTORY FOR VAILLANT! California Pro Recap ｜ Dave Palumbo [0zVZkBIEXOY].txt,1529
2237,@rxmuscle,2011 America's Strongest Man Final Wrapup with Bryan Hildebrand [rJw8QHd-SsM],@rxmuscle/2011 America's Strongest Man Final Wrapup with Bryan Hildebrand [rJw8QHd-SsM].txt,1200
2238,@rxmuscle,HEART OF A BODYBUILDING CHAMPION! Heavy Muscle Radio (8⧸13⧸18) [vwtPhH5UP2w],@rxmuscle/HEART OF A BODYBUILDING CHAMPION! Heavy Muscle Radio (8⧸13⧸18) [vwtPhH5UP2w].txt,15095
2239,@rxmuscle,FRANK MCGRATH COMEBACK？ Muscle in the Morning (7⧸10⧸18) [UACd_pUlsC4],@rxmuscle/FRANK MCGRATH COMEBACK？ Muscle in the Morning (7⧸10⧸18) [UACd_pUlsC4].txt,822
2240,@rxmuscle,HEAVY MUSCLE RADIO WITH CHARLES POLIQUIN PART 4 OF 4 [Zk-kWYnrlDE],@rxmuscle/HEAVY MUSCLE RADIO WITH CHARLES POLIQUIN PART 4 OF 4 [Zk-kWYnrlDE].txt,2410
2241,@rxmuscle,2011 IFBB North American Mens Comparisons- Part 2 [GKY7FHhGgkQ],@rxmuscle/2011 IFBB North American Mens Comparisons- Part 2 [GKY7FHhGgkQ].txt,359
2242,@rxmuscle,"BATTLING CANCER, COVID, & DIABETES! Gennifer Strobo Interview [tB6c5C4FGa4]","@rxmuscle/BATTLING CANCER, COVID, & DIABETES! Gennifer Strobo Interview [tB6c5C4FGa4].txt",6331
2243,@rxmuscle,CEDRIC MCMILLAN LATEST UPDATE! Muscle in the Morning (6⧸28⧸18) [MJALJHCbzMQ],@rxmuscle/CEDRIC MCMILLAN LATEST UPDATE! Muscle in the Morning (6⧸28⧸18) [MJALJHCbzMQ].txt,802
2244,@rxmuscle,Tiffany Robinson Routine-2011 IFBB Ft Lauderdale Cup [lChMI1w0iTI],@rxmuscle/Tiffany Robinson Routine-2011 IFBB Ft Lauderdale Cup [lChMI1w0iTI].txt,6
2245,@rxmuscle,THE TIME A GYM OWNER CHARGED THE ROCK $14! [J1PWxMQE8Xw],@rxmuscle/THE TIME A GYM OWNER CHARGED THE ROCK $14! [J1PWxMQE8Xw].txt,15196
2246,@rxmuscle,THE RETURN OF KING PHIL! [jHq0-UPE3yo],@rxmuscle/THE RETURN OF KING PHIL! [jHq0-UPE3yo].txt,777
2247,@rxmuscle,BEST RED MEAT SOURCE FOR BODYBUILDERS？ #askDave [kWUqWKb2HBE],@rxmuscle/BEST RED MEAT SOURCE FOR BODYBUILDERS？ #askDave [kWUqWKb2HBE].txt,7641
2248,@rxmuscle,Lee Priest on Big Ramy's BIGGEST Title Threat! HMR (7⧸5⧸21) ｜ Dave Palumbo & Lee Priest [PpaiP6gQjSM],@rxmuscle/Lee Priest on Big Ramy's BIGGEST Title Threat! HMR (7⧸5⧸21) ｜ Dave Palumbo & Lee Priest [PpaiP6gQjSM].txt,12636
2249,@rxmuscle,NICK WALKER & ROELLY WINKLAAR ADDED TO ARNOLD LINEUP! [5B3QkInsxJ4],@rxmuscle/NICK WALKER & ROELLY WINKLAAR ADDED TO ARNOLD LINEUP! [5B3QkInsxJ4].txt,722
2250,@rxmuscle,ROELLY NEXT LEVEL CRAZY! Muscle in the Morning (6⧸29⧸18) [RGwHsQRI0tI],@rxmuscle/ROELLY NEXT LEVEL CRAZY! Muscle in the Morning (6⧸29⧸18) [RGwHsQRI0tI].txt,820
2251,@rxmuscle,HEAVY MUSCLE RADIO WITH IFBB DESERT MUSCLE CLASSIC PROMOTOR STRYKER SOLOMON [OCeRMlJRn34],@rxmuscle/HEAVY MUSCLE RADIO WITH IFBB DESERT MUSCLE CLASSIC PROMOTOR STRYKER SOLOMON [OCeRMlJRn34].txt,2193
2252,@rxmuscle,11OlympiaStrongmanMikeCarusoLogPress [SVXO0qFekPg],@rxmuscle/11OlympiaStrongmanMikeCarusoLogPress [SVXO0qFekPg].txt,178
2253,@rxmuscle,APPLE CIDER VINEGAR： BODYBUILDERS' BEST KEPT SECRET! [qCV67AVTiJE],@rxmuscle/APPLE CIDER VINEGAR： BODYBUILDERS' BEST KEPT SECRET! [qCV67AVTiJE].txt,1541
2254,@rxmuscle,BODYBUILDING MEDIA： THE FUTURE! Live With Dan Solomon (Part 2) [8jsm0KJe3Hc],@rxmuscle/BODYBUILDING MEDIA： THE FUTURE! Live With Dan Solomon (Part 2) [8jsm0KJe3Hc].txt,7587
2255,@rxmuscle,11OlympiaStrongmanFinalWrapup [0PJQomaIu-Q],@rxmuscle/11OlympiaStrongmanFinalWrapup [0PJQomaIu-Q].txt,851
2256,@rxmuscle,LEE PRIEST GETS MEXICAN GEAR SPONSOR! [sKiyTPWF7Gk],@rxmuscle/LEE PRIEST GETS MEXICAN GEAR SPONSOR! [sKiyTPWF7Gk].txt,8310
2257,@rxmuscle,Akim Williams DIALS IN + James Hollingshead at 300-lbs! + Kai Greene w⧸Classic Physique Star [ZEwT_ivyTT8],@rxmuscle/Akim Williams DIALS IN + James Hollingshead at 300-lbs! + Kai Greene w⧸Classic Physique Star [ZEwT_ivyTT8].txt,738
2258,@rxmuscle,Vince Taylor on Heavy Muscle Radio with Dave Palumbo - Part 2 of 3 - 12⧸19⧸11 [8Yd0UmiH3T0],@rxmuscle/Vince Taylor on Heavy Muscle Radio with Dave Palumbo - Part 2 of 3 - 12⧸19⧸11 [8Yd0UmiH3T0].txt,3249
2259,@rxmuscle,STEVE KUCLO vs. IAIN VALLIERE FTW？ Texas Pro Prejudging Recap [Dem82X_aLjU],@rxmuscle/STEVE KUCLO vs. IAIN VALLIERE FTW？ Texas Pro Prejudging Recap [Dem82X_aLjU].txt,874
2260,@rxmuscle,SUPERSIZED Derek Lunsford + California Pro Recap! [eNz4kRZDLdA],@rxmuscle/SUPERSIZED Derek Lunsford + California Pro Recap! [eNz4kRZDLdA].txt,749
2261,@rxmuscle,HUNTER LABRADA ON TAMPA PRO WIN & OLYMPIA EXPECTATIONS! [Xlb5d0gmGDI],@rxmuscle/HUNTER LABRADA ON TAMPA PRO WIN & OLYMPIA EXPECTATIONS! [Xlb5d0gmGDI].txt,5938
2262,@rxmuscle,Rx Muscle's 2011 Arnold Classic Europe Hightlights Video [mhrUGmt7gCE],@rxmuscle/Rx Muscle's 2011 Arnold Classic Europe Hightlights Video [mhrUGmt7gCE].txt,109
2263,@rxmuscle,11OlympiaSallyBryanHotelTour [kbp7WDp8sbU],@rxmuscle/11OlympiaSallyBryanHotelTour [kbp7WDp8sbU].txt,520
2264,@rxmuscle,MORE OLYMPIA BERTHS & SHOW CANCELLATIONS! [XrUy1HLbGWE],@rxmuscle/MORE OLYMPIA BERTHS & SHOW CANCELLATIONS! [XrUy1HLbGWE].txt,686
2265,@rxmuscle,DAVE PALUMBO RETIRING FROM RXMUSCLE？ #askDave [QWaveZbLRNk],@rxmuscle/DAVE PALUMBO RETIRING FROM RXMUSCLE？ #askDave [QWaveZbLRNk].txt,6973
2266,@rxmuscle,Derek Farnsworth Posing Routine at 2011 Europa Super Show [4HY_Zgq0ygo],@rxmuscle/Derek Farnsworth Posing Routine at 2011 Europa Super Show [4HY_Zgq0ygo].txt,99
2267,@rxmuscle,KAI GREENE DOING 2018 OLYMPIA？ [eIv0suW-oeA],@rxmuscle/KAI GREENE DOING 2018 OLYMPIA？ [eIv0suW-oeA].txt,521
2268,@rxmuscle,Hunter Labrada 675 for REPS + C-Bum & Steve Laureus Updates! [5owGdLfxgLY],@rxmuscle/Hunter Labrada 675 for REPS + C-Bum & Steve Laureus Updates! [5owGdLfxgLY].txt,807
2269,@rxmuscle,CHRIS BUMSTEAD FIRES UP FIRST TITLE DEFENSE! [2WskIC0mUqs],@rxmuscle/CHRIS BUMSTEAD FIRES UP FIRST TITLE DEFENSE! [2WskIC0mUqs].txt,700
2270,@rxmuscle,ARASH RAHBAR： UNFINISHED BUSINESS! Muscle in the Morning (8⧸21⧸18) [BdqPY-WbHUo],@rxmuscle/ARASH RAHBAR： UNFINISHED BUSINESS! Muscle in the Morning (8⧸21⧸18) [BdqPY-WbHUo].txt,856
2271,@rxmuscle,HEAVY MUSCLE RADIO WITH CHARLES POLIQUIN PART 2 OF 4 [KvqV6uEy3CQ],@rxmuscle/HEAVY MUSCLE RADIO WITH CHARLES POLIQUIN PART 2 OF 4 [KvqV6uEy3CQ].txt,2147
2272,@rxmuscle,MONSTER EATER & NEW IFBB PRO! Bartley Weaver Interview [VnyK8cF7f3k],@rxmuscle/MONSTER EATER & NEW IFBB PRO! Bartley Weaver Interview [VnyK8cF7f3k].txt,4542
2273,@rxmuscle,SERGIO OLIVA JR BATTLES ALEXIS ROLON： 2018 IFBB TAMPA PRO WRAPUP [-JV16iyllWY],@rxmuscle/SERGIO OLIVA JR BATTLES ALEXIS ROLON： 2018 IFBB TAMPA PRO WRAPUP [-JV16iyllWY].txt,5369
2274,@rxmuscle,Legendary Track Coach Remi Korchemny Talks to Dave Palumbo [jfmySyogDRU],@rxmuscle/Legendary Track Coach Remi Korchemny Talks to Dave Palumbo [jfmySyogDRU].txt,1705
2275,@rxmuscle,2011 Phoenix Marcus Haley [9dxnudbfztw],@rxmuscle/2011 Phoenix Marcus Haley [9dxnudbfztw].txt,121
2276,@rxmuscle,FLEX Sets Record Straight + Lionel Beyeke Comeback UPDATE + INSANE Seth Shaw! [qo7AGL3VVmU],@rxmuscle/FLEX Sets Record Straight + Lionel Beyeke Comeback UPDATE + INSANE Seth Shaw! [qo7AGL3VVmU].txt,766
2277,@rxmuscle,ROELLY IS READY! + Hunter Labrada PEELED + Bonac is BACK! [VqeusROq4WQ],@rxmuscle/ROELLY IS READY! + Hunter Labrada PEELED + Bonac is BACK! [VqeusROq4WQ].txt,670
2278,@rxmuscle,Dave Palumbo RIPS 'Lazy' Society [c4OTo8veHdc],@rxmuscle/Dave Palumbo RIPS 'Lazy' Society [c4OTo8veHdc].txt,2049
2279,@rxmuscle,HEAVY MUSCLE RADIO INTERVIEW WITH GUY GRUNDY PART 2 OF 3 [1hoA1ZwO5YM],@rxmuscle/HEAVY MUSCLE RADIO INTERVIEW WITH GUY GRUNDY PART 2 OF 3 [1hoA1ZwO5YM].txt,2605
2280,@rxmuscle,Kai Greene walking backstage at the 2011 Sheru Classic [VyfYwHz9ONo],@rxmuscle/Kai Greene walking backstage at the 2011 Sheru Classic [VyfYwHz9ONo].txt,15
2281,@rxmuscle,Lisbeth Marquez Routine-2011 IFBB Ft Lauderdale Cup [UIEC-0Wbu3E],@rxmuscle/Lisbeth Marquez Routine-2011 IFBB Ft Lauderdale Cup [UIEC-0Wbu3E].txt,2
2282,@rxmuscle,DAVID HENRY'S LAST RODEO？ Muscle in the Morning (8⧸14⧸18) [FECZL6ylEts],@rxmuscle/DAVID HENRY'S LAST RODEO？ Muscle in the Morning (8⧸14⧸18) [FECZL6ylEts].txt,875
2283,@rxmuscle,Stephanie McMahon on HMR： 1⧸2⧸2012 with Dave Palumbo.  Part 1 of 4 [ZtDf3PxVzRo],@rxmuscle/Stephanie McMahon on HMR： 1⧸2⧸2012 with Dave Palumbo.  Part 1 of 4 [ZtDf3PxVzRo].txt,2951
2284,@rxmuscle,Do Bodybuilders REALLY Need Vegetables？ #askDave [41a2GVsWFK8],@rxmuscle/Do Bodybuilders REALLY Need Vegetables？ #askDave [41a2GVsWFK8].txt,6237
2285,@rxmuscle,ROELLY VS. HUNTER! ｜ 2021 Chicago Pro Preview ｜ Lee Priest & Dave Palumbo [b1UZS6kBIOA],@rxmuscle/ROELLY VS. HUNTER! ｜ 2021 Chicago Pro Preview ｜ Lee Priest & Dave Palumbo [b1UZS6kBIOA].txt,6283
2286,@rxmuscle,300-lb Dave Palumbo & Matt DuVall Train Arms (1997) [oj9bod053Uc],@rxmuscle/300-lb Dave Palumbo & Matt DuVall Train Arms (1997) [oj9bod053Uc].txt,366
2287,@rxmuscle,Chris Aceto Responds To Antoine Vaillant... ｜ HMR (9⧸14⧸20) [D2Kan5daVmw],@rxmuscle/Chris Aceto Responds To Antoine Vaillant... ｜ HMR (9⧸14⧸20) [D2Kan5daVmw].txt,11763
2288,@rxmuscle,Hunter Labrada WINS Chicago Pro! What Happened To Roelly？ [fxVdppUKtEE],@rxmuscle/Hunter Labrada WINS Chicago Pro! What Happened To Roelly？ [fxVdppUKtEE].txt,4010
2289,@rxmuscle,APPRECIATING RONNIE COLEMAN'S GREATNESS! [7a0iuro6T9M],@rxmuscle/APPRECIATING RONNIE COLEMAN'S GREATNESS! [7a0iuro6T9M].txt,664
2290,@rxmuscle,HENRY JACKSON： SUPER HEAVYWEIGHT SUPERFREAK! Live With [J-2A-9C45X0],@rxmuscle/HENRY JACKSON： SUPER HEAVYWEIGHT SUPERFREAK! Live With [J-2A-9C45X0].txt,2854
2291,@rxmuscle,56-YEAR OLD WINS PRO CARD AFTER 25 YEARS! Donna Sterling Interview ｜ RX Spotlight [e7E9qoWFz4s],@rxmuscle/56-YEAR OLD WINS PRO CARD AFTER 25 YEARS! Donna Sterling Interview ｜ RX Spotlight [e7E9qoWFz4s].txt,2873
2292,@rxmuscle,SHREDDED ANTOINE VAILLANT 9 WEEKS OUT! [ldAtSESZwAo],@rxmuscle/SHREDDED ANTOINE VAILLANT 9 WEEKS OUT! [ldAtSESZwAo].txt,721
2293,@rxmuscle,KAI GREENE Breaks The Internet + Nathan De Asha Is IN + J-Rod at 305 [pZFNZiLPFxY],@rxmuscle/KAI GREENE Breaks The Internet + Nathan De Asha Is IN + J-Rod at 305 [pZFNZiLPFxY].txt,781
2294,@rxmuscle,AL DURRAH WINS VANCOUVER 212! CLINCHES OLYMPIA BIRTH. [VFvC27Oa8S4],@rxmuscle/AL DURRAH WINS VANCOUVER 212! CLINCHES OLYMPIA BIRTH. [VFvC27Oa8S4].txt,2089
2295,@rxmuscle,Versa Gripps Booth at the 2011 Olympia Expo [ujm51ttMYag],@rxmuscle/Versa Gripps Booth at the 2011 Olympia Expo [ujm51ttMYag].txt,1298
2296,@rxmuscle,Bonac SMASHES 405's + Nick Walker FULL BLOWN Olympia Prep! [ERhgxuqHQdE],@rxmuscle/Bonac SMASHES 405's + Nick Walker FULL BLOWN Olympia Prep! [ERhgxuqHQdE].txt,826
2297,@rxmuscle,Interview with Pro Strongman Brad Dunn at the 2011 America's Strongest Man [6xvL8946yCs],@rxmuscle/Interview with Pro Strongman Brad Dunn at the 2011 America's Strongest Man [6xvL8946yCs].txt,939
2298,@rxmuscle,2021 TAMPA PRO 212 RESULTS & RECAP! [csHTjhiRUpU],@rxmuscle/2021 TAMPA PRO 212 RESULTS & RECAP! [csHTjhiRUpU].txt,878
2299,@rxmuscle,BRAD ROWE HANGS IT UP! [nsVt-mrd1bs],@rxmuscle/BRAD ROWE HANGS IT UP! [nsVt-mrd1bs].txt,707
2300,@rxmuscle,CORTISOL LEVELS! #askDave [yb95hs_SBZI],@rxmuscle/CORTISOL LEVELS! #askDave [yb95hs_SBZI].txt,371
2301,@rxmuscle,Lee Priest Recreates Kai Greene Posing Video! ｜ Iron Rage ｜ Dave Palumbo & Lee Priest [QDiOH4RcDIM],@rxmuscle/Lee Priest Recreates Kai Greene Posing Video! ｜ Iron Rage ｜ Dave Palumbo & Lee Priest [QDiOH4RcDIM].txt,6680
2302,@rxmuscle,GOLD'S GYM VENICE DOCUMENTARY! Marc Martinez Interview ｜ History of Bodybuilding [9z0dfkaHnFs],@rxmuscle/GOLD'S GYM VENICE DOCUMENTARY! Marc Martinez Interview ｜ History of Bodybuilding [9z0dfkaHnFs].txt,7766
2303,@rxmuscle,Big Ramy & Rafael Brandao DIAL IN For Spain Europa Pro! ｜ Muscle in the Morning (10⧸7⧸20) [Ot1BtT35TWE],@rxmuscle/Big Ramy & Rafael Brandao DIAL IN For Spain Europa Pro! ｜ Muscle in the Morning (10⧸7⧸20) [Ot1BtT35TWE].txt,891
2304,@rxmuscle,EdNunn [E-WM7Zu9S3g],@rxmuscle/EdNunn [E-WM7Zu9S3g].txt,2
2305,@rxmuscle,IRANIAN SUPER FREAK! Live With Behrooz Tabani [Al8F2-jRq0M],@rxmuscle/IRANIAN SUPER FREAK! Live With Behrooz Tabani [Al8F2-jRq0M].txt,1812
2306,@rxmuscle,Went PRO In Figure & Women's Physique in SAME SHOW! Ashley Soden Interview ｜ RX Spotlight [pO3ZGKE-Ku0],@rxmuscle/Went PRO In Figure & Women's Physique in SAME SHOW! Ashley Soden Interview ｜ RX Spotlight [pO3ZGKE-Ku0].txt,2615
2307,@rxmuscle,HOW REAL ESTATE MOGUL LOST OVER 120 LBS! Anthony Lolli Talks Transformation [HAKfftDBoR0],@rxmuscle/HOW REAL ESTATE MOGUL LOST OVER 120 LBS! Anthony Lolli Talks Transformation [HAKfftDBoR0].txt,8899
2308,@rxmuscle,Bumstead JUST Getting Started？ + FREAK WALKER + NEW & IMPROVED De Asha! [1Ew8u656rco],@rxmuscle/Bumstead JUST Getting Started？ + FREAK WALKER + NEW & IMPROVED De Asha! [1Ew8u656rco].txt,793
2309,@rxmuscle,STEVE CARDILLO： THE CARDILLO BELTS STORY! [JRS0jeR3RgM],@rxmuscle/STEVE CARDILLO： THE CARDILLO BELTS STORY! [JRS0jeR3RgM].txt,6542
2310,@rxmuscle,GEORGE PETERSON BATTLE READY! Muscle in the Morning (7⧸27⧸18) [thsecSnzt3I],@rxmuscle/GEORGE PETERSON BATTLE READY! Muscle in the Morning (7⧸27⧸18) [thsecSnzt3I].txt,875
2311,@rxmuscle,4'5 BODYBUILDER'S INCREDIBLE MOTIVATIONAL STORY! [vuqlgfYXgf4],@rxmuscle/4'5 BODYBUILDER'S INCREDIBLE MOTIVATIONAL STORY! [vuqlgfYXgf4].txt,4385
2312,@rxmuscle,PREVENTING HAIRLOSS： Palumbo Explains [VAy_59WPI-c],@rxmuscle/PREVENTING HAIRLOSS： Palumbo Explains [VAy_59WPI-c].txt,1842
2313,@rxmuscle,Interview with Pro Strongman Vince Urbank After Push Pull Win at the 2011 America's Strongest Man [oyoTILeRDoQ],@rxmuscle/Interview with Pro Strongman Vince Urbank After Push Pull Win at the 2011 America's Strongest Man [oyoTILeRDoQ].txt,138
2314,@rxmuscle,SAFEST WAY TO INJECT! Palumbo Demonstrates [IT7BaNblI84],@rxmuscle/SAFEST WAY TO INJECT! Palumbo Demonstrates [IT7BaNblI84].txt,2161
2315,@rxmuscle,HOW BODYBUILDING SAVED MY LIFE! Todd Payette Interview ｜ RX Spotlight [w7NATYz3bzo],@rxmuscle/HOW BODYBUILDING SAVED MY LIFE! Todd Payette Interview ｜ RX Spotlight [w7NATYz3bzo].txt,3213
2316,@rxmuscle,BRANDON CURRY & WILLIAM BONAC 11 WEEKS OUT! ｜ Muscle in the Morning (10⧸6⧸20) [b0XpxGGK5o0],@rxmuscle/BRANDON CURRY & WILLIAM BONAC 11 WEEKS OUT! ｜ Muscle in the Morning (10⧸6⧸20) [b0XpxGGK5o0].txt,695
2317,@rxmuscle,BIG RAMY LOOKING FREAKISH! July 10 2018 [16t_V9hKXt4],@rxmuscle/BIG RAMY LOOKING FREAKISH! July 10 2018 [16t_V9hKXt4].txt,632
2318,@rxmuscle,BODYBUILDING'S BATMAN! Aaron Baker Interview [_D8OATrvMcQ],@rxmuscle/BODYBUILDING'S BATMAN! Aaron Baker Interview [_D8OATrvMcQ].txt,12505
2319,@rxmuscle,DJCRay.flv [I7gPVFKYD3Q],@rxmuscle/DJCRay.flv [I7gPVFKYD3Q].txt,0
2320,@rxmuscle,Kamal Elgargni on MYSTERY Olympia Training Partner & ＂Unfinished Business＂ [sZbyMMyh2Dw],@rxmuscle/Kamal Elgargni on MYSTERY Olympia Training Partner & ＂Unfinished Business＂ [sZbyMMyh2Dw].txt,5040
2321,@rxmuscle,A Day in the Life of Mel Chancey Part 3 [_BfcotkHWqE],@rxmuscle/A Day in the Life of Mel Chancey Part 3 [_BfcotkHWqE].txt,3405
2322,@rxmuscle,DRYING OUT FOR COMPETITION! #RXRants [5WX9tKJQ86g],@rxmuscle/DRYING OUT FOR COMPETITION! #RXRants [5WX9tKJQ86g].txt,2106
2323,@rxmuscle,The BEST White Fish for Dieting？ [VAva_ZIdCa0],@rxmuscle/The BEST White Fish for Dieting？ [VAva_ZIdCa0].txt,389
2324,@rxmuscle,GEORGE PETERSON SMASHES CHEST! Muscle in the Morning (7⧸4⧸18) [g3NDtoYpelk],@rxmuscle/GEORGE PETERSON SMASHES CHEST! Muscle in the Morning (7⧸4⧸18) [g3NDtoYpelk].txt,875
2325,@rxmuscle,COMPANY FROM ＂LAZY＂ RANT RESPONDS! PALUMBO GOES OFF! [KcvTZvY7ACI],@rxmuscle/COMPANY FROM ＂LAZY＂ RANT RESPONDS! PALUMBO GOES OFF! [KcvTZvY7ACI].txt,1857
2326,@rxmuscle,The REAL Reason for 'Ruined' Waistlines! [yI1YhCLy8i4],@rxmuscle/The REAL Reason for 'Ruined' Waistlines! [yI1YhCLy8i4].txt,702
2327,@rxmuscle,FREAKISH AKIM WILLIAMS TO CHICAGO PRO？ [XRZvxdKktt8],@rxmuscle/FREAKISH AKIM WILLIAMS TO CHICAGO PRO？ [XRZvxdKktt8].txt,640
2328,@rxmuscle,POST-WORKOUT SHAKE TO MAXIMIZE GAINS! [mOADjBJFvuo],@rxmuscle/POST-WORKOUT SHAKE TO MAXIMIZE GAINS! [mOADjBJFvuo].txt,1380
2329,@rxmuscle,2011 America's Strongest Man Day 1 Wrapup [msM44HvhQFw],@rxmuscle/2011 America's Strongest Man Day 1 Wrapup [msM44HvhQFw].txt,1221
2330,@rxmuscle,KAI GREENE 10 WEEKS OUT？ [oeDcN7gcVbY],@rxmuscle/KAI GREENE 10 WEEKS OUT？ [oeDcN7gcVbY].txt,577
2331,@rxmuscle,REGAN GRIMES 4 WEEKS OUT + NPC NORTH AMERICAN RECAP! [8udne_4lIPI],@rxmuscle/REGAN GRIMES 4 WEEKS OUT + NPC NORTH AMERICAN RECAP! [8udne_4lIPI].txt,954
2332,@rxmuscle,HEAVY MUSCLE RADIO WITH IFBB PRO TONEY FREEMAN PART 2 OF 3 [IbAGl5ASPHc],@rxmuscle/HEAVY MUSCLE RADIO WITH IFBB PRO TONEY FREEMAN PART 2 OF 3 [IbAGl5ASPHc].txt,2752
2333,@rxmuscle,Deniz Saypinar Shares Her Side About American Airlines Mistreatment [X3TKYAscf7c],@rxmuscle/Deniz Saypinar Shares Her Side About American Airlines Mistreatment [X3TKYAscf7c].txt,3582
2334,@rxmuscle,Blaire White CALLS OUT Janae Marie Kroc! Palumbo's Response [nFUHPlF6CEc],@rxmuscle/Blaire White CALLS OUT Janae Marie Kroc! Palumbo's Response [nFUHPlF6CEc].txt,1105
2335,@rxmuscle,SECRETS TO APPETITE CONTROL! #askDave [8MirSCKokGc],@rxmuscle/SECRETS TO APPETITE CONTROL! #askDave [8MirSCKokGc].txt,5263
2336,@rxmuscle,Blaming a FAILED DRUG TEST on a BURRITO？ #askDave [4l2lcR0BHtU],@rxmuscle/Blaming a FAILED DRUG TEST on a BURRITO？ #askDave [4l2lcR0BHtU].txt,7178
2337,@rxmuscle,BIG RAMY'S BIG ANNOUNCEMENT! [HCpi1po1LMY],@rxmuscle/BIG RAMY'S BIG ANNOUNCEMENT! [HCpi1po1LMY].txt,775
2338,@rxmuscle,2011 Phoenix Moe Bannout [Dt9HenHoQvo],@rxmuscle/2011 Phoenix Moe Bannout [Dt9HenHoQvo].txt,77
2339,@rxmuscle,SERGIO vs LOCKETT! VISSERS Next Big Thing？  Heavy Muscle Radio (7⧸9⧸18) [qNPWCBTPnsk],@rxmuscle/SERGIO vs LOCKETT! VISSERS Next Big Thing？  Heavy Muscle Radio (7⧸9⧸18) [qNPWCBTPnsk].txt,14077
2340,@rxmuscle,DJCBikiniCallOuts.flv [2LFlq03ZksY],@rxmuscle/DJCBikiniCallOuts.flv [2LFlq03ZksY].txt,9
2341,@rxmuscle,ShawnRhoden [haWp5t-mXqQ],@rxmuscle/ShawnRhoden [haWp5t-mXqQ].txt,64
2342,@rxmuscle,Jordan Hutchinson (2021 NPC USA Overall Winner) Interview! [dLz4mXJVqyw],@rxmuscle/Jordan Hutchinson (2021 NPC USA Overall Winner) Interview! [dLz4mXJVqyw].txt,4173
2343,@rxmuscle,TAMPA PRO RECAP! Heavy Muscle Radio (8⧸6⧸18) [p1qrVy3F2WI],@rxmuscle/TAMPA PRO RECAP! Heavy Muscle Radio (8⧸6⧸18) [p1qrVy3F2WI].txt,13793
2344,@rxmuscle,FLEX LEWIS： Last 212 Competition! Palumbo Responds [n2rlicoXt14],@rxmuscle/FLEX LEWIS： Last 212 Competition! Palumbo Responds [n2rlicoXt14].txt,1125
2345,@rxmuscle,BRANDON CURRY 6 WEEKS OUT! Muscle in the Morning (8⧸2⧸18) [frPlLFEzZ_8],@rxmuscle/BRANDON CURRY 6 WEEKS OUT! Muscle in the Morning (8⧸2⧸18) [frPlLFEzZ_8].txt,772
2346,@rxmuscle,SECRETS TO NATURAL MUSCLE GAINS! ｜ GuruTalk ｜ John Hansen & Dave Palumbo [K_0OHO8-FSQ],@rxmuscle/SECRETS TO NATURAL MUSCLE GAINS! ｜ GuruTalk ｜ John Hansen & Dave Palumbo [K_0OHO8-FSQ].txt,9662
2347,@rxmuscle,HEAVY MUSCLE RADIO WITH IFBB PRO JEROME FERGUSON PART 2 OF 2 [ZEgaSQBly4g],@rxmuscle/HEAVY MUSCLE RADIO WITH IFBB PRO JEROME FERGUSON PART 2 OF 2 [ZEgaSQBly4g].txt,2741
2348,@rxmuscle,AHMAD ASHKANANI UPDATE! Muscle in the Morning (8⧸22⧸18) [WZbvTrUZMkQ],@rxmuscle/AHMAD ASHKANANI UPDATE! Muscle in the Morning (8⧸22⧸18) [WZbvTrUZMkQ].txt,776
2349,@rxmuscle,Interview with Pro Strongman Michael Burke at the 2011 America's Strongest Man [S0AuCcyHskY],@rxmuscle/Interview with Pro Strongman Michael Burke at the 2011 America's Strongest Man [S0AuCcyHskY].txt,286
2350,@rxmuscle,TOM PRINCE Talks BEST of 90's Bodybuilding! (Part 1 of 2) [UssVlnFOwFA],@rxmuscle/TOM PRINCE Talks BEST of 90's Bodybuilding! (Part 1 of 2) [UssVlnFOwFA].txt,5543
2351,@rxmuscle,"Tampa Pro, Europa Games Phoenix, Pacific USA Recaps! [l-3xFaSZ1g0]","@rxmuscle/Tampa Pro, Europa Games Phoenix, Pacific USA Recaps! [l-3xFaSZ1g0].txt",768
2352,@rxmuscle,IAIN VALLIERE IN MONSTER MODE! Muscle in the Morning (8⧸17⧸18) [T3RZeZuU85M],@rxmuscle/IAIN VALLIERE IN MONSTER MODE! Muscle in the Morning (8⧸17⧸18) [T3RZeZuU85M].txt,885
2353,@rxmuscle,WHY IAIN VALLIERE IS RIGHT! ｜ Dave Palumbo Defends Iain Valliere on Texas Pro Decision [2PX0efGM6sE],@rxmuscle/WHY IAIN VALLIERE IS RIGHT! ｜ Dave Palumbo Defends Iain Valliere on Texas Pro Decision [2PX0efGM6sE].txt,1118
2354,@rxmuscle,Lee Priest AGREES w⧸Sergio Oliva Jr： Bodybuilders NEED to Compete! [Th9K73h7YI0],@rxmuscle/Lee Priest AGREES w⧸Sergio Oliva Jr： Bodybuilders NEED to Compete! [Th9K73h7YI0].txt,5623
2355,@rxmuscle,Muscle At The Movies Hit the Oscars! [gH_P3pcPbF4],@rxmuscle/Muscle At The Movies Hit the Oscars! [gH_P3pcPbF4].txt,1256
2356,@rxmuscle,2011 IFBB North American Mens Comparisons- Part 1 [E1nxqGMXLEk],@rxmuscle/2011 IFBB North American Mens Comparisons- Part 1 [E1nxqGMXLEk].txt,284
2357,@rxmuscle,FLEX LEWIS DROPS THE HAMMER! Muscle in the Morning (8⧸8⧸18) [0bkSPI-qL1k],@rxmuscle/FLEX LEWIS DROPS THE HAMMER! Muscle in the Morning (8⧸8⧸18) [0bkSPI-qL1k].txt,932
2358,@rxmuscle,Does CUPPING Really Work？ Dave Palumbo's Achedaway Cupper Review [I5ii-XFsqF8],@rxmuscle/Does CUPPING Really Work？ Dave Palumbo's Achedaway Cupper Review [I5ii-XFsqF8].txt,919
2359,@rxmuscle,Shaun Clarida & Mountain Dog Turn Up HEAT + George Peterson LOADING! [ixO6NkeVQ7U],@rxmuscle/Shaun Clarida & Mountain Dog Turn Up HEAT + George Peterson LOADING! [ixO6NkeVQ7U].txt,781
2360,@rxmuscle,Lee Priest on Post-Show DEPRESSION! Iron Rage ｜ Dave Palumbo & Lee Priest [Hvxno9dR6ZU],@rxmuscle/Lee Priest on Post-Show DEPRESSION! Iron Rage ｜ Dave Palumbo & Lee Priest [Hvxno9dR6ZU].txt,5522
2361,@rxmuscle,master_transcript,@rxmuscle/master_transcript.txt,1553476
2362,@rxmuscle,KAMAL A 'LOCK' TO REPEAT？ + THE ＂FUTURE＂ OF OPEN CLASS？ + FIGURE BREAKOUT STAR + ETILA FOR THE WIN？ [aoDvP16WCas],@rxmuscle/KAMAL A 'LOCK' TO REPEAT？ + THE ＂FUTURE＂ OF OPEN CLASS？ + FIGURE BREAKOUT STAR + ETILA FOR THE WIN？ [aoDvP16WCas].txt,729
2363,@rxmuscle,Big Ramy 9 Days Out + Roelly Winklaar FREAKISH Update + Natalia Coelho & Jon Delarosa Updates! [tVfvOSdjjuY],@rxmuscle/Big Ramy 9 Days Out + Roelly Winklaar FREAKISH Update + Natalia Coelho & Jon Delarosa Updates! [tVfvOSdjjuY].txt,714
2364,@rxmuscle,GuyCisternino [G8Gp3fXx7ew],@rxmuscle/GuyCisternino [G8Gp3fXx7ew].txt,1
2365,@rxmuscle,Lukas Osladil WINS 2018 Vancouver Pro! Palumbo's Analysis! [-CnIE9f9oiU],@rxmuscle/Lukas Osladil WINS 2018 Vancouver Pro! Palumbo's Analysis! [-CnIE9f9oiU].txt,1983
2366,@rxmuscle,2011 America's Strongest Man Event Winner Compilation [PZhvWE-3Q2o],@rxmuscle/2011 America's Strongest Man Event Winner Compilation [PZhvWE-3Q2o].txt,136
2367,@rxmuscle,WHAT HAPPENED TO MASS MONSTERS？ #askDave [S7PqQtZS7iU],@rxmuscle/WHAT HAPPENED TO MASS MONSTERS？ #askDave [S7PqQtZS7iU].txt,6739
2368,@rxmuscle,HEAVY MUSCLE RADIO INTERVIEW WITH IFBB PRO MILOS SARSEV Part 4 of 5 [W5eLKz0XTHI],@rxmuscle/HEAVY MUSCLE RADIO INTERVIEW WITH IFBB PRO MILOS SARSEV Part 4 of 5 [W5eLKz0XTHI].txt,2354
2369,@rxmuscle,RAMY'S REIGN + SERGIO'S NEXT MOVE + BRANDON CURRY UPDATE! [5a3nsUWq4LI],@rxmuscle/RAMY'S REIGN + SERGIO'S NEXT MOVE + BRANDON CURRY UPDATE! [5a3nsUWq4LI].txt,794
2370,@rxmuscle,Is Dave Palumbo Still Working With ZACK KING KHAN？ [H0j43_yNQj4],@rxmuscle/Is Dave Palumbo Still Working With ZACK KING KHAN？ [H0j43_yNQj4].txt,455
2371,@rxmuscle,Aspen Bunyak- Team U Fitness A Routine [gYYYhpV0dLs],@rxmuscle/Aspen Bunyak- Team U Fitness A Routine [gYYYhpV0dLs].txt,112
2372,@rxmuscle,BEST BODYBUILDING POSER TODAY？ ｜ Iron Debate [vLNDi_rnE08],@rxmuscle/BEST BODYBUILDING POSER TODAY？ ｜ Iron Debate [vLNDi_rnE08].txt,8429
2373,@rxmuscle,Crystal Matthews After Winning Figure Overall at 2011 IFBB North America [feURfIG1fQA],@rxmuscle/Crystal Matthews After Winning Figure Overall at 2011 IFBB North America [feURfIG1fQA].txt,689
2374,@rxmuscle,1 [6TXHpIEWV3k],@rxmuscle/1 [6TXHpIEWV3k].txt,35
2375,@rxmuscle,Mark Dugdale Posing Routine at 2012 IFBB Desert Muscle Classic [iMtONDXeuKo],@rxmuscle/Mark Dugdale Posing Routine at 2012 IFBB Desert Muscle Classic [iMtONDXeuKo].txt,4
2376,@rxmuscle,Eli Santos 1 Weeks Out from 2011 NPC Nationals! [F3Q4lUzGH7M],@rxmuscle/Eli Santos 1 Weeks Out from 2011 NPC Nationals! [F3Q4lUzGH7M].txt,14
2377,@rxmuscle,Patrick Moore x Chris Cormier + Keone Talks RETIREMENT？ + Steve Kuclo BEASTS 200's! [4gmLg3LMpxE],@rxmuscle/Patrick Moore x Chris Cormier + Keone Talks RETIREMENT？ + Steve Kuclo BEASTS 200's! [4gmLg3LMpxE].txt,839
2378,@rxmuscle,FLEX LEWIS INSANE PHOTO UPDATE! [daAkiZi3O0o],@rxmuscle/FLEX LEWIS INSANE PHOTO UPDATE! [daAkiZi3O0o].txt,1700
2379,@rxmuscle,THE RISE OF ROELLY! Muscle in the Morning (7⧸24⧸18) [XFrdcQik5IQ],@rxmuscle/THE RISE OF ROELLY! Muscle in the Morning (7⧸24⧸18) [XFrdcQik5IQ].txt,985
2380,@rxmuscle,PALUMBO & ACETO ON RIC DRASIN'S LEGACY! HMR (8⧸31⧸20) [Rde_XovMZH8],@rxmuscle/PALUMBO & ACETO ON RIC DRASIN'S LEGACY! HMR (8⧸31⧸20) [Rde_XovMZH8].txt,14723
2381,@rxmuscle,11EuropaSuperShowFirstCallout [uMaJTuM8iho],@rxmuscle/11EuropaSuperShowFirstCallout [uMaJTuM8iho].txt,104
2382,@rxmuscle,2011 America's Strongest Man Yoke⧸Sled - Video of All Competitors [ZH3I_Q8hFvI],@rxmuscle/2011 America's Strongest Man Yoke⧸Sled - Video of All Competitors [ZH3I_Q8hFvI].txt,310
2383,@rxmuscle,Keone Pearson WINS Chicago Pro 212 Title! [01mBMLwSHjE],@rxmuscle/Keone Pearson WINS Chicago Pro 212 Title! [01mBMLwSHjE].txt,911
2384,@rxmuscle,LOGAN FRANKLIN ON NY PRO WIN + OLYMPIA TITLE HOPES! [zlSVUIDyra4],@rxmuscle/LOGAN FRANKLIN ON NY PRO WIN + OLYMPIA TITLE HOPES! [zlSVUIDyra4].txt,5003
2385,@rxmuscle,FINDING BODYBUILDING'S FOUNTAIN OF YOUTH! AH Podcast (9⧸22⧸20) [QPpEHOKgjAc],@rxmuscle/FINDING BODYBUILDING'S FOUNTAIN OF YOUTH! AH Podcast (9⧸22⧸20) [QPpEHOKgjAc].txt,11390
2386,@rxmuscle,Cardio Confessional Ep 2 Pt 2- Motivational Videos [_X1uzgsKZT8],@rxmuscle/Cardio Confessional Ep 2 Pt 2- Motivational Videos [_X1uzgsKZT8].txt,2357
2387,@rxmuscle,LEE PRIEST TO FLEX LEWIS： I'LL FOLLOW YOU TO OPEN BODYBUILDING! [fe9Ne5-aamA],@rxmuscle/LEE PRIEST TO FLEX LEWIS： I'LL FOLLOW YOU TO OPEN BODYBUILDING! [fe9Ne5-aamA].txt,3717
2388,@rxmuscle,CLASSIC PHYSIQUE OLYMPIA WILDCARD？ Live w⧸Henri-Pierre Ano! [ftwBuSUARLc],@rxmuscle/CLASSIC PHYSIQUE OLYMPIA WILDCARD？ Live w⧸Henri-Pierre Ano! [ftwBuSUARLc].txt,2973
2389,@rxmuscle,PALUMBO & ACETO'S 2020 TAMPA PRO RECAP! HMR (8⧸3⧸20) [zrsfxmEdCKQ],@rxmuscle/PALUMBO & ACETO'S 2020 TAMPA PRO RECAP! HMR (8⧸3⧸20) [zrsfxmEdCKQ].txt,14218
2390,@rxmuscle,BIG RAMY POSING FOOTAGE [EXCLUSIVE]! [b6orkDTafLk],@rxmuscle/BIG RAMY POSING FOOTAGE [EXCLUSIVE]! [b6orkDTafLk].txt,346
2391,@rxmuscle,NICK WALKER'S FREAK FACTOR! #askDave [6paUsx7w5LA],@rxmuscle/NICK WALKER'S FREAK FACTOR! #askDave [6paUsx7w5LA].txt,7045
2392,@rxmuscle,EXCLUSIVE BIG RAMY UPDATE! Muscle in the Morning (7⧸13⧸18) [xarjyh1vH0I],@rxmuscle/EXCLUSIVE BIG RAMY UPDATE! Muscle in the Morning (7⧸13⧸18) [xarjyh1vH0I].txt,869
2393,@rxmuscle,CHRIS BUMSTEAD SHOW! CLASSIC OLYMPIA PREJUDGING WRAPUP! [YzU7IYPlSes],@rxmuscle/CHRIS BUMSTEAD SHOW! CLASSIC OLYMPIA PREJUDGING WRAPUP! [YzU7IYPlSes].txt,915
2394,@rxmuscle,2011 America's Strongest Man Interview with Promoters Mike Johnston & Dionne Wessels [NpIEn15mHzA],@rxmuscle/2011 America's Strongest Man Interview with Promoters Mike Johnston & Dionne Wessels [NpIEn15mHzA].txt,659
2395,@rxmuscle,LUKE CARROLL： HEAVYWEIGHT STAR IN MAKING! [5W97tOqWi5U],@rxmuscle/LUKE CARROLL： HEAVYWEIGHT STAR IN MAKING! [5W97tOqWi5U].txt,2924
2396,@rxmuscle,PDDevers [8h4fhpGDPNo],@rxmuscle/PDDevers [8h4fhpGDPNo].txt,46
2397,@rxmuscle,HOW GOLD'S GYM BODYBUILDERS MADE MONEY! [3kCMXi1ok5M],@rxmuscle/HOW GOLD'S GYM BODYBUILDERS MADE MONEY! [3kCMXi1ok5M].txt,7605
2398,@rxmuscle,Jewbacca Proposes to Darielle [iReQ7z6p1ro],@rxmuscle/Jewbacca Proposes to Darielle [iReQ7z6p1ro].txt,612
2399,@rxmuscle,Kevin Jordan 9 Weeks Out! + 212 Dark Horse + Yarishna Ayala Turns Up HEAT! [keglec6EIas],@rxmuscle/Kevin Jordan 9 Weeks Out! + 212 Dark Horse + Yarishna Ayala Turns Up HEAT! [keglec6EIas].txt,848
2400,@rxmuscle,CURRY COOKING 4 WEEKS OUT! Muscle in the Morning (8⧸15⧸18) [NlBuE7iViUQ],@rxmuscle/CURRY COOKING 4 WEEKS OUT! Muscle in the Morning (8⧸15⧸18) [NlBuE7iViUQ].txt,733
2401,@rxmuscle,HADI CHOOPAN vs NIC VULLIOUD! Heavy Muscle Radio (7⧸16⧸18) [uPV4SRv-VXM],@rxmuscle/HADI CHOOPAN vs NIC VULLIOUD! Heavy Muscle Radio (7⧸16⧸18) [uPV4SRv-VXM].txt,15353
2402,@rxmuscle,Elsadany DIALS IN For Chicago + William Martins to Portugal Pro + Ruff Diesel Poses w⧸Ms. Olympia! [6-mfkuD2dnE],@rxmuscle/Elsadany DIALS IN For Chicago + William Martins to Portugal Pro + Ruff Diesel Poses w⧸Ms. Olympia! [6-mfkuD2dnE].txt,840
2403,@rxmuscle,HEAVY MUSCLE RADIO WITH CHARLES POLIQUIN PART 3 OF 4 [GYJvOZWoLuI],@rxmuscle/HEAVY MUSCLE RADIO WITH CHARLES POLIQUIN PART 3 OF 4 [GYJvOZWoLuI].txt,2191
2404,@rxmuscle,INSULIN TALK WITH COLETTE NELSON - PART TWO [ebb0uDrqS_k],@rxmuscle/INSULIN TALK WITH COLETTE NELSON - PART TWO [ebb0uDrqS_k].txt,5742
2405,@rxmuscle,IAIN VALLIERE TOP-10 OLYMPIA？ + BRANDAO PEAKING + CASEY SAMSEL WINS TAHOE PRO! [L-LqIEw0CbY],@rxmuscle/IAIN VALLIERE TOP-10 OLYMPIA？ + BRANDAO PEAKING + CASEY SAMSEL WINS TAHOE PRO! [L-LqIEw0CbY].txt,667
2406,@rxmuscle,MILLION DOLLAR MR. OLYMPIA VICTORY PAYOUT？ HMR (7⧸19⧸21) [sMst7jSW6Ck],@rxmuscle/MILLION DOLLAR MR. OLYMPIA VICTORY PAYOUT？ HMR (7⧸19⧸21) [sMst7jSW6Ck].txt,15156
2407,@rxmuscle,BIG RAMY AT NEW YORK PRO 2013! #RXClassic [21i9bs1z_gE],@rxmuscle/BIG RAMY AT NEW YORK PRO 2013! #RXClassic [21i9bs1z_gE].txt,3
2408,@rxmuscle,Joel Thomas Trains with Ben Pakulski @ Tampa Powerhouse! [rSit-IMamTs],@rxmuscle/Joel Thomas Trains with Ben Pakulski @ Tampa Powerhouse! [rSit-IMamTs].txt,896
2409,@rxmuscle,LEE PRIEST REACTS TO CHADWICK BOSEMAN'S PASSING! [m_MXPJqtxC8],@rxmuscle/LEE PRIEST REACTS TO CHADWICK BOSEMAN'S PASSING! [m_MXPJqtxC8].txt,4528
2410,@rxmuscle,SHOULD ONLY OLYMPIA TOP-3 RE-QUALIFY？ #AskDave [FAXpS2bDIQU],@rxmuscle/SHOULD ONLY OLYMPIA TOP-3 RE-QUALIFY？ #AskDave [FAXpS2bDIQU].txt,7410
2411,@rxmuscle,"The FUNNIEST Ronnie Coleman Eating Story, Ever？ [viAIPXurrW4]","@rxmuscle/The FUNNIEST Ronnie Coleman Eating Story, Ever？ [viAIPXurrW4].txt",415
2412,@rxmuscle,JUDGING BODYBUILDING IN THE MODERN ERA! AH Podcast (10⧸6⧸20) [d1Dhqbnc6A0],@rxmuscle/JUDGING BODYBUILDING IN THE MODERN ERA! AH Podcast (10⧸6⧸20) [d1Dhqbnc6A0].txt,13080
2413,@rxmuscle,BEST LEGS IN BODYBUILDING HISTORY？ #askDave [nuf74V7JWWw],@rxmuscle/BEST LEGS IN BODYBUILDING HISTORY？ #askDave [nuf74V7JWWw].txt,4810
2414,@rxmuscle,Stephanie McMahon on HMR： 1⧸2⧸2012 with Dave Palumbo.  Part 2 of 4 [7CBQUCE1fd8],@rxmuscle/Stephanie McMahon on HMR： 1⧸2⧸2012 with Dave Palumbo.  Part 2 of 4 [7CBQUCE1fd8].txt,2787
2415,@rxmuscle,HADI CHOOPAN GETS STATUE! [9u_V5msnAbU],@rxmuscle/HADI CHOOPAN GETS STATUE! [9u_V5msnAbU].txt,570
2416,@rxmuscle,NICK WALKER TO THE CHICAGO PRO？ [syU9Vliiftw],@rxmuscle/NICK WALKER TO THE CHICAGO PRO？ [syU9Vliiftw].txt,905
2417,@rxmuscle,Lunsford's 212 WARNING SHOT + Sergio AT WORK! [H1TRQMArUjY],@rxmuscle/Lunsford's 212 WARNING SHOT + Sergio AT WORK! [H1TRQMArUjY].txt,794
2418,@rxmuscle,NPC President Jim Manion & Masters 70+ Jim Karas [C7TqNGq7TkI],@rxmuscle/NPC President Jim Manion & Masters 70+ Jim Karas [C7TqNGq7TkI].txt,754
2419,@rxmuscle,Heavy Muscle Show #34 Teaser [SSqd83jVc1c],@rxmuscle/Heavy Muscle Show #34 Teaser [SSqd83jVc1c].txt,71
2420,@rxmuscle,＂GET HADI CHOOPAN TO THE OLYMPIA＂ - Dave Palumbo [fFbx76du0bA],@rxmuscle/＂GET HADI CHOOPAN TO THE OLYMPIA＂ - Dave Palumbo [fFbx76du0bA].txt,904
2421,@rxmuscle,GEAR Presents： Mike Liberatore at the 2011 Olympia Weekend- Highlights [IaLv4i0Zk1Y],@rxmuscle/GEAR Presents： Mike Liberatore at the 2011 Olympia Weekend- Highlights [IaLv4i0Zk1Y].txt,1753
2422,@rxmuscle,FLEX GOES FOR 7! Muscle in the Morning (7⧸6⧸18) [2hUgT3qEJKc],@rxmuscle/FLEX GOES FOR 7! Muscle in the Morning (7⧸6⧸18) [2hUgT3qEJKc].txt,829
2423,@rxmuscle,WESLEY VISSERS： THE NEXT BIG THING？ [Wut7F-7sBBI],@rxmuscle/WESLEY VISSERS： THE NEXT BIG THING？ [Wut7F-7sBBI].txt,3467
2424,@rxmuscle,THE NEXT RONNIE COLEMAN？ Jephte Cherenfant w⧸Ameen Alai [0dyb-nHyax8],@rxmuscle/THE NEXT RONNIE COLEMAN？ Jephte Cherenfant w⧸Ameen Alai [0dyb-nHyax8].txt,3176
2425,@rxmuscle,PJ Braun interviews Aaron Singerman after his debut in Mens Physique [NAXp-zEnobo],@rxmuscle/PJ Braun interviews Aaron Singerman after his debut in Mens Physique [NAXp-zEnobo].txt,1252
2426,@rxmuscle,"Interview with Pro Strongman Travis Ortmayer, Overall Winner of the 2011 America's Strongest Man [VHM2yC2tf5Y]","@rxmuscle/Interview with Pro Strongman Travis Ortmayer, Overall Winner of the 2011 America's Strongest Man [VHM2yC2tf5Y].txt",75
2427,@rxmuscle,WHAT THE...ROELLY？! Muscle in the Morning (8⧸13⧸18) [6pypYBYCJX0],@rxmuscle/WHAT THE...ROELLY？! Muscle in the Morning (8⧸13⧸18) [6pypYBYCJX0].txt,813
2428,@rxmuscle,Marina Lopez Posing Routine at 2012 IFBB Desert Muscle Classic [pyXXtTGTJCw],@rxmuscle/Marina Lopez Posing Routine at 2012 IFBB Desert Muscle Classic [pyXXtTGTJCw].txt,80
2429,@rxmuscle,HEAVY MUSCLE RADIO INTERVIEW WITH GUY GRUNDY PART 3 OF 3 [t4M-MyeJG3U],@rxmuscle/HEAVY MUSCLE RADIO INTERVIEW WITH GUY GRUNDY PART 3 OF 3 [t4M-MyeJG3U].txt,2064
2430,@rxmuscle,NATHAN DEASHA BEATS ROELLY WINKLAAR to WIN IFBB EUROPA SPAIN [DhOan2iDZAM],@rxmuscle/NATHAN DEASHA BEATS ROELLY WINKLAAR to WIN IFBB EUROPA SPAIN [DhOan2iDZAM].txt,992
2431,@rxmuscle,PALUMBO： PHIL HAS ＂YEARS＂ LEFT IN HIS PRIME! [v7J1j9ugvU4],@rxmuscle/PALUMBO： PHIL HAS ＂YEARS＂ LEFT IN HIS PRIME! [v7J1j9ugvU4].txt,653
2432,@rxmuscle,FLEX LEWIS CHANCES TO WIN OLYMPIA？ HMR (9⧸21⧸20) [Klql5QnZKrw],@rxmuscle/FLEX LEWIS CHANCES TO WIN OLYMPIA？ HMR (9⧸21⧸20) [Klql5QnZKrw].txt,12593
2433,@rxmuscle,BIG LENNY vs. MR. G ： OFFICIAL Press Conference! AH Podcast (6⧸8⧸21) [55U6scL3I6Y],@rxmuscle/BIG LENNY vs. MR. G ： OFFICIAL Press Conference! AH Podcast (6⧸8⧸21) [55U6scL3I6Y].txt,13083
2434,@rxmuscle,LUKE SANDOE'S FAMILY ISSUES STATEMENT! AH Podcast (8⧸4⧸20) [NDnKu0RM73o],@rxmuscle/LUKE SANDOE'S FAMILY ISSUES STATEMENT! AH Podcast (8⧸4⧸20) [NDnKu0RM73o].txt,14543
2435,@rxmuscle,LEE PRIEST ON BODYBUILDING SACRIFICES! Iron Rage [LoY8eyW39J0],@rxmuscle/LEE PRIEST ON BODYBUILDING SACRIFICES! Iron Rage [LoY8eyW39J0].txt,6539
2436,@rxmuscle,2011europasupershow202nightshowsecondcallout [7diuej-e6NU],@rxmuscle/2011europasupershow202nightshowsecondcallout [7diuej-e6NU].txt,57
2437,@rxmuscle,STANIMAL： CLASSIC PHYSIQUE OLYMPIA DARKHORSE？ Live With [06wIo3-GkMY],@rxmuscle/STANIMAL： CLASSIC PHYSIQUE OLYMPIA DARKHORSE？ Live With [06wIo3-GkMY].txt,4509
2438,@rxmuscle,Lee Priest on US Olympian's Flag Protest! ｜ Iron Rage ｜ Dave Palumbo & Lee Priest [O6f2gdfIUwk],@rxmuscle/Lee Priest on US Olympian's Flag Protest! ｜ Iron Rage ｜ Dave Palumbo & Lee Priest [O6f2gdfIUwk].txt,6356
2439,@rxmuscle,VPX Nutrition Tour- Part 1 [sHv5W1NAYJ8],@rxmuscle/VPX Nutrition Tour- Part 1 [sHv5W1NAYJ8].txt,2790
2440,@rxmuscle,JACKED White House Chef! Palumbo's Opinion [y1CKLwpBIA4],@rxmuscle/JACKED White House Chef! Palumbo's Opinion [y1CKLwpBIA4].txt,1298
2441,@rxmuscle,Most HARDCORE GYM Dave Palumbo's Trained At？ [GFL58eWKxGU],@rxmuscle/Most HARDCORE GYM Dave Palumbo's Trained At？ [GFL58eWKxGU].txt,598
2442,@rxmuscle,DETOXIFICATION FOR BODYBUILDERS： The Complete Guide! ｜ GuruTalk w⧸Anthony DiPasquale & Dave Palumbo [8bXGBEG6DYQ],@rxmuscle/DETOXIFICATION FOR BODYBUILDERS： The Complete Guide! ｜ GuruTalk w⧸Anthony DiPasquale & Dave Palumbo [8bXGBEG6DYQ].txt,4925
2443,@rxmuscle,Guy Cisternino Posing Routine at 2011 Europa Super Show [nCtWwHHPXac],@rxmuscle/Guy Cisternino Posing Routine at 2011 Europa Super Show [nCtWwHHPXac].txt,8
2444,@rxmuscle,2011 America's Strongest Man Pre Competition Athlete Interviews [0GsAroZudoE],@rxmuscle/2011 America's Strongest Man Pre Competition Athlete Interviews [0GsAroZudoE].txt,1390
2445,@rxmuscle,MR. OLYMPIA FAVORITES! Heavy Muscle Radio (8⧸20⧸18) [EQz6gtB1G4A],@rxmuscle/MR. OLYMPIA FAVORITES! Heavy Muscle Radio (8⧸20⧸18) [EQz6gtB1G4A].txt,14917
2446,@rxmuscle,DAVE PALUMBO RESPONDS TO NICK TRIGILI! [xpuq_08pyZc],@rxmuscle/DAVE PALUMBO RESPONDS TO NICK TRIGILI! [xpuq_08pyZc].txt,2034
2447,@rxmuscle,GLYCEMIC INDEX EXPLAINED： Diet vs. Off-Season! [4g-iphKkkM0],@rxmuscle/GLYCEMIC INDEX EXPLAINED： Diet vs. Off-Season! [4g-iphKkkM0].txt,1849
2448,@rxmuscle,Josh Andrews Guest Posing at 2011 NPC Citrus Cup [DSyA2tzr3o0],@rxmuscle/Josh Andrews Guest Posing at 2011 NPC Citrus Cup [DSyA2tzr3o0].txt,82
2449,@rxmuscle,MikeLiberatore [AzYLwNMyhPU],@rxmuscle/MikeLiberatore [AzYLwNMyhPU].txt,37
2450,@rxmuscle,Heavy Muscle TV Show #27- Part 3- Kat Teaches Exercise for Sex [4yNUUJ8TQjk],@rxmuscle/Heavy Muscle TV Show #27- Part 3- Kat Teaches Exercise for Sex [4yNUUJ8TQjk].txt,1879
2451,@rxmuscle,2011ASMScottWeechInterview [CFOtMLCk6dE],@rxmuscle/2011ASMScottWeechInterview [CFOtMLCk6dE].txt,210
2452,@rxmuscle,Wesley Vissers DIALED IN + INSANE Joe Mackey + Nathan De Asha AT WORK! [k3OjxGEnl6I],@rxmuscle/Wesley Vissers DIALED IN + INSANE Joe Mackey + Nathan De Asha AT WORK! [k3OjxGEnl6I].txt,784
2453,@rxmuscle,2011 Phoenix Robert Piotrkowicz [86bwocmjoXE],@rxmuscle/2011 Phoenix Robert Piotrkowicz [86bwocmjoXE].txt,72
2454,@rxmuscle,Dana Linn Bailey Posing Routine at 2012 IFBB Desert Muscle Classic [AEaWu9q_Mwk],@rxmuscle/Dana Linn Bailey Posing Routine at 2012 IFBB Desert Muscle Classic [AEaWu9q_Mwk].txt,115
2455,@rxmuscle,MICHAEL LOCKETT DEFEATS SERGIO OLIVA JR! Palumbo's Chicago Pro Recap! [6QP5uRWEoGQ],@rxmuscle/MICHAEL LOCKETT DEFEATS SERGIO OLIVA JR! Palumbo's Chicago Pro Recap! [6QP5uRWEoGQ].txt,1822
2456,@rxmuscle,BIG RAMY AT 340-LBS？ + Nick Walker & Justin Rodriguez Posedown + Hunter Labrada Update! [mqUBLOTKtL0],@rxmuscle/BIG RAMY AT 340-LBS？ + Nick Walker & Justin Rodriguez Posedown + Hunter Labrada Update! [mqUBLOTKtL0].txt,693
2457,@rxmuscle,Will We See FLEX LEWIS At The '21 Olympia？ [1y4UewWWXWs],@rxmuscle/Will We See FLEX LEWIS At The '21 Olympia？ [1y4UewWWXWs].txt,868
2458,@rxmuscle,Dave Palumbo's MY LIFE： Trip to Dr Blau- Part 2 [c7vSct745s8],@rxmuscle/Dave Palumbo's MY LIFE： Trip to Dr Blau- Part 2 [c7vSct745s8].txt,3266
2459,@rxmuscle,PHIL HEATH'S BOLD STATEMENT & KEONE PEARSON 5 WEEKS OUT FROM 212 DEBUT! [zl_o5wfxl9Y],@rxmuscle/PHIL HEATH'S BOLD STATEMENT & KEONE PEARSON 5 WEEKS OUT FROM 212 DEBUT! [zl_o5wfxl9Y].txt,555
2460,@rxmuscle,RONNIE COLEMAN： UNBREAKABLE + REGAN GRIMES HIS BEST？ + KEONE OLYMPIA LOCK？ + SHANIQUE THE GREATEST？ [FeLx94KaKQU],@rxmuscle/RONNIE COLEMAN： UNBREAKABLE + REGAN GRIMES HIS BEST？ + KEONE OLYMPIA LOCK？ + SHANIQUE THE GREATEST？ [FeLx94KaKQU].txt,743
2461,@rxmuscle,DOES ANYONE WANT TO WORK ANYMORE？ [8mXPYQ4gmyY],@rxmuscle/DOES ANYONE WANT TO WORK ANYMORE？ [8mXPYQ4gmyY].txt,1747
2462,@rxmuscle,Melvin Anthony vs. Shawn Ray： The TRUTH Behind The Video! ｜ Iron Debate [h_JIzVQE2MM],@rxmuscle/Melvin Anthony vs. Shawn Ray： The TRUTH Behind The Video! ｜ Iron Debate [h_JIzVQE2MM].txt,3382
2463,@rxmuscle,DAVE PALUMBO'S PCT CHECKLIST! [HE5x0Q7SBFQ],@rxmuscle/DAVE PALUMBO'S PCT CHECKLIST! [HE5x0Q7SBFQ].txt,709
2464,@rxmuscle,Stephanie McMahon of the WWE on Heavy Muscle Radio： 1⧸2⧸2012 with Dave Palumbo.  Part 3 of 4 [FbK4YnkIiKo],@rxmuscle/Stephanie McMahon of the WWE on Heavy Muscle Radio： 1⧸2⧸2012 with Dave Palumbo.  Part 3 of 4 [FbK4YnkIiKo].txt,2550
2465,@rxmuscle,PHIL HEATH RIPPED! + Brett Wilkin Eyes 2022 + Lauralie Chapados RED HOT! [94eaVmtFfg4],@rxmuscle/PHIL HEATH RIPPED! + Brett Wilkin Eyes 2022 + Lauralie Chapados RED HOT! [94eaVmtFfg4].txt,906
2466,@rxmuscle,PETE THE INTERN GETS TANNED BY LIQUID SUN RAYZ [nUkVGRdmu9A],@rxmuscle/PETE THE INTERN GETS TANNED BY LIQUID SUN RAYZ [nUkVGRdmu9A].txt,1234
2467,@rxmuscle,DEONTRAI CAMPBELL： I'M COMING FOR OLYMPIA TOP-5! [o7esq87Q3Rk],@rxmuscle/DEONTRAI CAMPBELL： I'M COMING FOR OLYMPIA TOP-5! [o7esq87Q3Rk].txt,2183
2468,@rxmuscle,Why Is NO ONE Talking About William Bonac + Steve Kuclo Late Season Run？ [-KA7fOYyal8],@rxmuscle/Why Is NO ONE Talking About William Bonac + Steve Kuclo Late Season Run？ [-KA7fOYyal8].txt,696
2469,@rxmuscle,LEE PRIEST： MOST VACCINATED MAN IN THE WORLD？ ｜ Iron Rage w⧸Lee Priest + Dave Palumbo [SRimsUyj3hQ],@rxmuscle/LEE PRIEST： MOST VACCINATED MAN IN THE WORLD？ ｜ Iron Rage w⧸Lee Priest + Dave Palumbo [SRimsUyj3hQ].txt,7537
2470,@rxmuscle,DEREK LUNSFORD 7 WEEKS OUT! Muscle in the Morning (7⧸26⧸18) [SuiL6TxM5tE],@rxmuscle/DEREK LUNSFORD 7 WEEKS OUT! Muscle in the Morning (7⧸26⧸18) [SuiL6TxM5tE].txt,888
2471,@rxmuscle,A TRULY 'CLASSIC' PHYSIQUE! Chicago Pro Champ Darwin Uribe Interview [I8d5L7P_PUs],@rxmuscle/A TRULY 'CLASSIC' PHYSIQUE! Chicago Pro Champ Darwin Uribe Interview [I8d5L7P_PUs].txt,2762
2472,@rxmuscle,Training SECRETS For MASSIVE Growth! Iron Debate (Part 1 of 2) [BpZDSTZv6x4],@rxmuscle/Training SECRETS For MASSIVE Growth! Iron Debate (Part 1 of 2) [BpZDSTZv6x4].txt,9879
2473,@rxmuscle,BIG RAMY 11 WEEKS OUT OF OLYMPIA! [bDHDRNR2sJ0],@rxmuscle/BIG RAMY 11 WEEKS OUT OF OLYMPIA! [bDHDRNR2sJ0].txt,821
2474,@rxmuscle,705-LB DEADLIFT FOR REPS BY JAMES HOLLINGSHEAD! [YKh7IL-zXGs],@rxmuscle/705-LB DEADLIFT FOR REPS BY JAMES HOLLINGSHEAD! [YKh7IL-zXGs].txt,708
2475,@rxmuscle,BODYBUILDING'S NEXT GREAT HARDCORE FREAK？ Nick Walker Interview [63fEHhu3y5k],@rxmuscle/BODYBUILDING'S NEXT GREAT HARDCORE FREAK？ Nick Walker Interview [63fEHhu3y5k].txt,4880
2476,@rxmuscle,Interview with Pro Strongman Travis Ortmayer at the 2011 America's Strongest Man [cyrJXKSvdy4],@rxmuscle/Interview with Pro Strongman Travis Ortmayer at the 2011 America's Strongest Man [cyrJXKSvdy4].txt,312
2477,@rxmuscle,TRANSGENDER OLYMPIA： Coming Soon？ Iron Rage [Q0vyo8B91hM],@rxmuscle/TRANSGENDER OLYMPIA： Coming Soon？ Iron Rage [Q0vyo8B91hM].txt,3808
2478,@rxmuscle,CHRIS BUMSTEAD 8 WEEKS OUT OF OLYMPIA! Muscle in the Morning (7⧸17⧸18) [bEzvlciLkHQ],@rxmuscle/CHRIS BUMSTEAD 8 WEEKS OUT OF OLYMPIA! Muscle in the Morning (7⧸17⧸18) [bEzvlciLkHQ].txt,820
2479,@rxmuscle,BRANDON REGIER： HOCKEY PROSPECT TURNED IFBB PRO! [1nburZr9UvY],@rxmuscle/BRANDON REGIER： HOCKEY PROSPECT TURNED IFBB PRO! [1nburZr9UvY].txt,3294
2480,@rxmuscle,DAVE PALUMBO'S 2020 NEW YORK PRO PREVIEW! [GE75b0S0IXU],@rxmuscle/DAVE PALUMBO'S 2020 NEW YORK PRO PREVIEW! [GE75b0S0IXU].txt,3262
2481,@rxmuscle,PHIL HEATH'S PROTEGE! LIVE WITH PATRICK MOORE. [j1CkL94jGg4],@rxmuscle/PHIL HEATH'S PROTEGE! LIVE WITH PATRICK MOORE. [j1CkL94jGg4].txt,4258
2482,@rxmuscle,JULIANA MALACARNE GOES OUT ON TOP! Muscle in the Morning (7⧸19⧸18) [wk1vOpUG9rg],@rxmuscle/JULIANA MALACARNE GOES OUT ON TOP! Muscle in the Morning (7⧸19⧸18) [wk1vOpUG9rg].txt,898
2483,@rxmuscle,VPX Nutrition Tour- Part 4 [-Ze5K5geY-8],@rxmuscle/VPX Nutrition Tour- Part 4 [-Ze5K5geY-8].txt,1162
2484,@rxmuscle,VALENTINO'S HILARIOUS RONNIE COLEMAN STORY! AH Podcast (9⧸8⧸20) [iuiA97zRIVA],@rxmuscle/VALENTINO'S HILARIOUS RONNIE COLEMAN STORY! AH Podcast (9⧸8⧸20) [iuiA97zRIVA].txt,13447
2485,@rxmuscle,DJCMensCallout.flv [HCg46tp9aiw],@rxmuscle/DJCMensCallout.flv [HCg46tp9aiw].txt,0
2486,@rxmuscle,Arnold Schwarzenegger TRAINS + Brandon Curry at WORK + Hunter Labrada Guest Posing! [UNluaD1Y_JA],@rxmuscle/Arnold Schwarzenegger TRAINS + Brandon Curry at WORK + Hunter Labrada Guest Posing! [UNluaD1Y_JA].txt,803
2487,@rxmuscle,Nichole Venzara Routine-2011 IFBB Ft Lauderdale Cup [QZmlPtp5OcA],@rxmuscle/Nichole Venzara Routine-2011 IFBB Ft Lauderdale Cup [QZmlPtp5OcA].txt,12
2488,@rxmuscle,HRT： The MOST IMPORTANT Thing You Should Know! [mf61Gt_tEzk],@rxmuscle/HRT： The MOST IMPORTANT Thing You Should Know! [mf61Gt_tEzk].txt,2349
2489,@rxmuscle,CUOMO RESIGNS (INSTANT REACTION) + COVID MYTHS？ AH Podcast (8⧸10⧸21) [xdsdz_PVq7U],@rxmuscle/CUOMO RESIGNS (INSTANT REACTION) + COVID MYTHS？ AH Podcast (8⧸10⧸21) [xdsdz_PVq7U].txt,9766
2490,@rxmuscle,IAIN VALLIERE vs. MAXX CHARLES for Tampa Title？ [b1oFuFVeyq4],@rxmuscle/IAIN VALLIERE vs. MAXX CHARLES for Tampa Title？ [b1oFuFVeyq4].txt,844
2491,@rxmuscle,"Cardio Confessional Ep 1 Pt 2- I'm Back, Baby! [6Ap06HJwW-o]","@rxmuscle/Cardio Confessional Ep 1 Pt 2- I'm Back, Baby! [6Ap06HJwW-o].txt",1898
2492,@rxmuscle,HEAVY MUSCLE RADIO INTERVIEW WITH GUY GRUNDY PART 1 OF 3 [qgR7r3kZ0nw],@rxmuscle/HEAVY MUSCLE RADIO INTERVIEW WITH GUY GRUNDY PART 1 OF 3 [qgR7r3kZ0nw].txt,3197
2493,@rxmuscle,LEE PRIEST'S WAY TOO EARLY OLYMPIA TOP-5! [njAprYwEN8w],@rxmuscle/LEE PRIEST'S WAY TOO EARLY OLYMPIA TOP-5! [njAprYwEN8w].txt,4722
2494,@rxmuscle,Jillian Reville Posing Routine at 2012 IFBB Desert Muscle Classic [M-kAMM7tzM8],@rxmuscle/Jillian Reville Posing Routine at 2012 IFBB Desert Muscle Classic [M-kAMM7tzM8].txt,7
2495,@rxmuscle,JIMMY LOSES HIS MIND OVER NEW YORK TRAFFIC! AH Podcast (9⧸1⧸20) [dAzjGjutKgc],@rxmuscle/JIMMY LOSES HIS MIND OVER NEW YORK TRAFFIC! AH Podcast (9⧸1⧸20) [dAzjGjutKgc].txt,8107
2496,@rxmuscle,DECLARE INDEPENDENCE! FROM YOUR LIFE! July 4th Thoughts from Dave Palumbo [3vTCEHtwdqY],@rxmuscle/DECLARE INDEPENDENCE! FROM YOUR LIFE! July 4th Thoughts from Dave Palumbo [3vTCEHtwdqY].txt,452
2497,@rxmuscle,SMART Personal Training Certification Teaser #3 [2264Pc0Enl8],@rxmuscle/SMART Personal Training Certification Teaser #3 [2264Pc0Enl8].txt,366
2498,@rxmuscle,PALUMBO'S NEW YORK PRO RECAP! Iain Valliere WINS + Most Overlooked？ [hQPqZRrAB1Q],@rxmuscle/PALUMBO'S NEW YORK PRO RECAP! Iain Valliere WINS + Most Overlooked？ [hQPqZRrAB1Q].txt,2820
2499,@rxmuscle,THE BATTLE FOR TEXAS (and Olympia Spot)! Texas Pro Preview [b2WYIAkP6Uo],@rxmuscle/THE BATTLE FOR TEXAS (and Olympia Spot)! Texas Pro Preview [b2WYIAkP6Uo].txt,716
2500,@rxmuscle,Pro Strongman Scott Weech sets World Record in Axle at 2011 America's Strongest Man [q-CkSn1YOR4],@rxmuscle/Pro Strongman Scott Weech sets World Record in Axle at 2011 America's Strongest Man [q-CkSn1YOR4].txt,9
2501,@rxmuscle,＂MAINTENANCE CYCLES＂ OR HRT？ [zSBDMF_uuMg],@rxmuscle/＂MAINTENANCE CYCLES＂ OR HRT？ [zSBDMF_uuMg].txt,1505
2502,@rxmuscle,Chicago Pro MOVING to Atlanta & Ashley Kaltwasser WINS 20th Pro Show! [aGdt36qxzN0],@rxmuscle/Chicago Pro MOVING to Atlanta & Ashley Kaltwasser WINS 20th Pro Show! [aGdt36qxzN0].txt,725
2503,@rxmuscle,NICOLAS VULLIOUD'S FREAKISH WHEELS! Muscle in the Morning [GOlaO1jLQ5c],@rxmuscle/NICOLAS VULLIOUD'S FREAKISH WHEELS! Muscle in the Morning [GOlaO1jLQ5c].txt,977
2504,@rxmuscle,FERNANDOMARADONA 0 [S4vQrDlkiVg],@rxmuscle/FERNANDOMARADONA 0 [S4vQrDlkiVg].txt,8
2505,@rxmuscle,11OlympiaStrongmanBradyBakke [BQc5QCBC4no],@rxmuscle/11OlympiaStrongmanBradyBakke [BQc5QCBC4no].txt,291
2506,@rxmuscle,PERSIAN WOLF IN VEGAS？ Muscle in the Morning (7⧸23⧸18) [ohU-F0wAta8],@rxmuscle/PERSIAN WOLF IN VEGAS？ Muscle in the Morning (7⧸23⧸18) [ohU-F0wAta8].txt,907
2507,@rxmuscle,DerikFarsworth [-WtVmUsuwwE],@rxmuscle/DerikFarsworth [-WtVmUsuwwE].txt,20
2508,@rxmuscle,THE PHYSICS OF HARDCORE TRAINING w⧸DOUG BRIGNOLE! [I6GBGyQ0nVE],@rxmuscle/THE PHYSICS OF HARDCORE TRAINING w⧸DOUG BRIGNOLE! [I6GBGyQ0nVE].txt,9256
2509,@rxmuscle,SMART Personal Training Certification Teaser #2 [fDL9Lq19baY],@rxmuscle/SMART Personal Training Certification Teaser #2 [fDL9Lq19baY].txt,257
2510,@rxmuscle,Al Auguste Posing Routine at 2012 IFBB Desert Muscle Classic [SbF90r-8i_E],@rxmuscle/Al Auguste Posing Routine at 2012 IFBB Desert Muscle Classic [SbF90r-8i_E].txt,178
2511,@rxmuscle,Best MASS BUILDING Cycle w⧸100% Pharma Grade! [bb37zuEqpHQ],@rxmuscle/Best MASS BUILDING Cycle w⧸100% Pharma Grade! [bb37zuEqpHQ].txt,254
2512,@rxmuscle,BRANDON CURRY SNEAK PEAK! [dE2NTgb0SFw],@rxmuscle/BRANDON CURRY SNEAK PEAK! [dE2NTgb0SFw].txt,950
2513,@rxmuscle,William Bonac & Akim Williams 6 WEEKS OUT! + Patrick Moore UPDATE! [gtDFgRl0oQg],@rxmuscle/William Bonac & Akim Williams 6 WEEKS OUT! + Patrick Moore UPDATE! [gtDFgRl0oQg].txt,816
2514,@rxmuscle,Peyton & Eli Manning and Jewbacca Singerman Play Wee-Football [I2CRlKsb3w8],@rxmuscle/Peyton & Eli Manning and Jewbacca Singerman Play Wee-Football [I2CRlKsb3w8].txt,25
2515,@rxmuscle,Patrick Moore ＂Only 50%＂ to Potential + Peter Molnar Guest Posing + RIP Jenny Lynn [ByDWrMYRwmQ],@rxmuscle/Patrick Moore ＂Only 50%＂ to Potential + Peter Molnar Guest Posing + RIP Jenny Lynn [ByDWrMYRwmQ].txt,776
2516,@rxmuscle,DERON TROTTER： TRACK STAR TO IFBB PRO! [5SW0nEl38H4],@rxmuscle/DERON TROTTER： TRACK STAR TO IFBB PRO! [5SW0nEl38H4].txt,2271
2517,@rxmuscle,BIG RAMY AT 305! Nick Walker & Breon STRIP DOWN! Olympia Press Conference Recap [3SUctlJXs1c],@rxmuscle/BIG RAMY AT 305! Nick Walker & Breon STRIP DOWN! Olympia Press Conference Recap [3SUctlJXs1c].txt,1444
2518,@rxmuscle,Could BONAC Have Won Arnold？ + RAMY'S CONDITIONING + RIP Leon Brown [Nz1rS15a-Sg],@rxmuscle/Could BONAC Have Won Arnold？ + RAMY'S CONDITIONING + RIP Leon Brown [Nz1rS15a-Sg].txt,755
2519,@rxmuscle,Rusty Jeffers Posing Routine at 2012 IFBB Desert Muscle Classic [BmFknJNjoDM],@rxmuscle/Rusty Jeffers Posing Routine at 2012 IFBB Desert Muscle Classic [BmFknJNjoDM].txt,12
2520,@rxmuscle,Lee Priest on Biological Female DENIED Olympics Title Repeat! [v0vjU2HCKVA],@rxmuscle/Lee Priest on Biological Female DENIED Olympics Title Repeat! [v0vjU2HCKVA].txt,7191
2521,@rxmuscle,WHY DID NASSER DIE YOUNG？ #askDave [hqx30TPdOMk],@rxmuscle/WHY DID NASSER DIE YOUNG？ #askDave [hqx30TPdOMk].txt,6582
2522,@rxmuscle,JIMMY'S CRAZIEST CONSPIRACY THEORIES! AH Podcast (8⧸3⧸21) [UotY8h4641U],@rxmuscle/JIMMY'S CRAZIEST CONSPIRACY THEORIES! AH Podcast (8⧸3⧸21) [UotY8h4641U].txt,11406
2523,@BarbellMedicine,How-To Explain Pain to Others [FEsQ70Ci76k],@BarbellMedicine/How-To Explain Pain to Others [FEsQ70Ci76k].txt,992
2524,@BarbellMedicine,10 Questions with Coach Hassan Mansour [Ufi8xR5CaxQ],@BarbellMedicine/10 Questions with Coach Hassan Mansour [Ufi8xR5CaxQ].txt,706
2525,@BarbellMedicine,Can You Make the Same GainzZz Lifting Lighter Weights When Fatigued？ [mdfl8aUD844],@BarbellMedicine/Can You Make the Same GainzZz Lifting Lighter Weights When Fatigued？ [mdfl8aUD844].txt,483
2526,@BarbellMedicine,Is Bulking and Cutting a Good Strategy？ [B13p0KbQzC0],@BarbellMedicine/Is Bulking and Cutting a Good Strategy？ [B13p0KbQzC0].txt,968
2527,@BarbellMedicine,Should Older Individuals Gain Weight to Gain Muscle？ [3quGzNFuDWg],@BarbellMedicine/Should Older Individuals Gain Weight to Gain Muscle？ [3quGzNFuDWg].txt,576
2528,@BarbellMedicine,Does Intra-workout Nutrition Matter？ [jkKeTGswomM],@BarbellMedicine/Does Intra-workout Nutrition Matter？ [jkKeTGswomM].txt,1529
2529,@BarbellMedicine,Dr. Baraki on Low Back Pain at Fort Irwin (Part II) [JS5ZCCOv07c],@BarbellMedicine/Dr. Baraki on Low Back Pain at Fort Irwin (Part II) [JS5ZCCOv07c].txt,11270
2530,@BarbellMedicine,Training VLOG #36： Is It Safe To Go Back To The Gym？ [Okgj2QuY8nQ],@BarbellMedicine/Training VLOG #36： Is It Safe To Go Back To The Gym？ [Okgj2QuY8nQ].txt,3625
2531,@BarbellMedicine,10 Questions with Tom Campitelli [FK6GfRk0SIU],@BarbellMedicine/10 Questions with Tom Campitelli [FK6GfRk0SIU].txt,619
2532,@BarbellMedicine,Livestream Q⧸A 10.25.2019 [RAAp4O01ya0],@BarbellMedicine/Livestream Q⧸A 10.25.2019 [RAAp4O01ya0].txt,9412
2533,@BarbellMedicine,2020 Virginia Beach Question and Answer (Full) [nXeMddBdefA],@BarbellMedicine/2020 Virginia Beach Question and Answer (Full) [nXeMddBdefA].txt,10657
2534,@BarbellMedicine,Does Exercise Work For Everyone？ [2fIsCmTZtvU],@BarbellMedicine/Does Exercise Work For Everyone？ [2fIsCmTZtvU].txt,1345
2535,@BarbellMedicine,2019 Brooklyn Q⧸A Part II： Who Would Win In A Fight？ Plus Gluten Intolerance [QU_N5JaPPqI],@BarbellMedicine/2019 Brooklyn Q⧸A Part II： Who Would Win In A Fight？ Plus Gluten Intolerance [QU_N5JaPPqI].txt,5914
2536,@BarbellMedicine,How Sore and Tired Should You Get From Exercise and How-To Adjust Training [A652sNIRrvg],@BarbellMedicine/How Sore and Tired Should You Get From Exercise and How-To Adjust Training [A652sNIRrvg].txt,1361
2537,@BarbellMedicine,Should Old People Take Steroids？ [3o4uwSEsvbE],@BarbellMedicine/Should Old People Take Steroids？ [3o4uwSEsvbE].txt,1053
2538,@BarbellMedicine,How to Combat Bad Information [IF9B9G5sZzk],@BarbellMedicine/How to Combat Bad Information [IF9B9G5sZzk].txt,1591
2539,@BarbellMedicine,2020 San Diego Q⧸A  (Full Version) [dZ6Va7dKzNA],@BarbellMedicine/2020 San Diego Q⧸A  (Full Version) [dZ6Va7dKzNA].txt,10230
2540,@BarbellMedicine,A Full Day of Eating to Gain Muscle w⧸ Dr. Jordan Feigenbaum [O2lxBRCaHKk],@BarbellMedicine/A Full Day of Eating to Gain Muscle w⧸ Dr. Jordan Feigenbaum [O2lxBRCaHKk].txt,4621
2541,@BarbellMedicine,How-To Develop Healthy Habits in Youth [mNkT_bsUHFg],@BarbellMedicine/How-To Develop Healthy Habits in Youth [mNkT_bsUHFg].txt,903
2542,@BarbellMedicine,How-To Manage Training And Shiftwork [QRoYH35UHWM],@BarbellMedicine/How-To Manage Training And Shiftwork [QRoYH35UHWM].txt,1265
2543,@BarbellMedicine,Barbell Medicine Seminar Overview [TrbmFCFwO5E],@BarbellMedicine/Barbell Medicine Seminar Overview [TrbmFCFwO5E].txt,233
2544,@BarbellMedicine,Does Lifting Increase the Risk of Hernias？ [E13KaMOiV6M],@BarbellMedicine/Does Lifting Increase the Risk of Hernias？ [E13KaMOiV6M].txt,2576
2545,@BarbellMedicine,How-To Avoid Burnout？ [NQUEiQ-WQV4],@BarbellMedicine/How-To Avoid Burnout？ [NQUEiQ-WQV4].txt,944
2546,@BarbellMedicine,A Doctor Weighs In On Caffeine for Health And Performance [7TD0khFEIXo],@BarbellMedicine/A Doctor Weighs In On Caffeine for Health And Performance [7TD0khFEIXo].txt,2906
2547,@BarbellMedicine,Training VLOG #32： First Powerlifting Meet in Four Years! [OV3xftgWh8A],@BarbellMedicine/Training VLOG #32： First Powerlifting Meet in Four Years! [OV3xftgWh8A].txt,2764
2548,@BarbellMedicine,"Livestream Q⧸A 11.18.2019 Vegan diets, Hypertrophy, Being Undertrained, and MORE! [ZirMi_JpRTo]","@BarbellMedicine/Livestream Q⧸A 11.18.2019 Vegan diets, Hypertrophy, Being Undertrained, and MORE! [ZirMi_JpRTo].txt",7912
2549,@BarbellMedicine,How to Re-Start Training After a Layoff [c4NNE6eox4c],@BarbellMedicine/How to Re-Start Training After a Layoff [c4NNE6eox4c].txt,1102
2550,@BarbellMedicine,Two Minute Tuesday： Resistance Training for Injury Risk Reduction in Endurance Athletes [mA8U-otQlp8],@BarbellMedicine/Two Minute Tuesday： Resistance Training for Injury Risk Reduction in Endurance Athletes [mA8U-otQlp8].txt,1712
2551,@BarbellMedicine,How-To Assess Self Efficacy [vRP021pAg24],@BarbellMedicine/How-To Assess Self Efficacy [vRP021pAg24].txt,863
2552,@BarbellMedicine,Live Q⧸A From 11.11.2020 [F37q5j_dKNs],@BarbellMedicine/Live Q⧸A From 11.11.2020 [F37q5j_dKNs].txt,5614
2553,@BarbellMedicine,What's the Most Interesting Research You've Read Recently？ [OgPHWBt87eE],@BarbellMedicine/What's the Most Interesting Research You've Read Recently？ [OgPHWBt87eE].txt,1087
2554,@BarbellMedicine,master_transcript1,@BarbellMedicine/master_transcript1.txt,262126
2555,@BarbellMedicine,How-To Warm-Up For Deadlifts [BbRJTET9ZsA],@BarbellMedicine/How-To Warm-Up For Deadlifts [BbRJTET9ZsA].txt,1488
2556,@BarbellMedicine,January 2021 Virtual Pain and Rehab Seminar Q⧸A [H4exGLpZ-GQ],@BarbellMedicine/January 2021 Virtual Pain and Rehab Seminar Q⧸A [H4exGLpZ-GQ].txt,9239
2557,@BarbellMedicine,Does Liposuction Make You Healthier？ [5xyPfHUIWoY],@BarbellMedicine/Does Liposuction Make You Healthier？ [5xyPfHUIWoY].txt,653
2558,@BarbellMedicine,"EPC 2019 in London： Injury Risk in Powerlifting ft. Mike Israetel, Mike T, Eric Helms, and More [StDKHbqhG64]","@BarbellMedicine/EPC 2019 in London： Injury Risk in Powerlifting ft. Mike Israetel, Mike T, Eric Helms, and More [StDKHbqhG64].txt",10500
2559,@BarbellMedicine,When Should You Seek Treatment For Pain？ [gbT2RaI4B_w],@BarbellMedicine/When Should You Seek Treatment For Pain？ [gbT2RaI4B_w].txt,563
2560,@BarbellMedicine,10 Questions with Dr. Jordan Feigenbaum [K15DJ_VP_m8],@BarbellMedicine/10 Questions with Dr. Jordan Feigenbaum [K15DJ_VP_m8].txt,2540
2561,@BarbellMedicine,How-To Address Pain Without Being A Nocebo [9LXK_V9GcLg],@BarbellMedicine/How-To Address Pain Without Being A Nocebo [9LXK_V9GcLg].txt,893
2562,@BarbellMedicine,"Livestream Q⧸A 10.8.2019： Red Meat, Hypertrophy, Steroids, and MORE! [fxqiG4n1Jk4]","@BarbellMedicine/Livestream Q⧸A 10.8.2019： Red Meat, Hypertrophy, Steroids, and MORE! [fxqiG4n1Jk4].txt",9706
2563,@BarbellMedicine,"2019 Chicago Q⧸A： Drs. Baraki and Feigenbaum discuss SUGAR, risks of training, menopause, and more! [czhZDNSJd-U]","@BarbellMedicine/2019 Chicago Q⧸A： Drs. Baraki and Feigenbaum discuss SUGAR, risks of training, menopause, and more! [czhZDNSJd-U].txt",9823
2564,@BarbellMedicine,Does YOUR Hip Anatomy Determine YOUR Squat Stance？ Why Online ＂Movement＂ Gurus Are Wrong. [k_H6u_Cx4Oo],@BarbellMedicine/Does YOUR Hip Anatomy Determine YOUR Squat Stance？ Why Online ＂Movement＂ Gurus Are Wrong. [k_H6u_Cx4Oo].txt,1057
2565,@BarbellMedicine,Hypertrophy for Strength Athletes [INHi9m-zWMY],@BarbellMedicine/Hypertrophy for Strength Athletes [INHi9m-zWMY].txt,515
2566,@BarbellMedicine,Nordic Hamstring Curl [FkME2m8rIEk],@BarbellMedicine/Nordic Hamstring Curl [FkME2m8rIEk].txt,3
2567,@BarbellMedicine,Should You Take Protein When You're Sick？ [IdxDlhaH0JU],@BarbellMedicine/Should You Take Protein When You're Sick？ [IdxDlhaH0JU].txt,785
2568,@BarbellMedicine,How-To Train Around Anatomical Limitations [FRmudtXGWeU],@BarbellMedicine/How-To Train Around Anatomical Limitations [FRmudtXGWeU].txt,1700
2569,@BarbellMedicine,Miami 2020 Q⧸A： What Big Pharma Doesn't Want You to Know [EZn5qc0hnJA],@BarbellMedicine/Miami 2020 Q⧸A： What Big Pharma Doesn't Want You to Know [EZn5qc0hnJA].txt,8981
2570,@BarbellMedicine,Dr. Feigenbaum on Low Back Pain at Fort Irwin (Part I) [l9poXGU11ms],@BarbellMedicine/Dr. Feigenbaum on Low Back Pain at Fort Irwin (Part I) [l9poXGU11ms].txt,6609
2571,@BarbellMedicine,"2019 St. Louis Q⧸A Part 1： Training Sensitivity, More Pain Science, and How to Press Big Weights! [YukTQPHRii0]","@BarbellMedicine/2019 St. Louis Q⧸A Part 1： Training Sensitivity, More Pain Science, and How to Press Big Weights! [YukTQPHRii0].txt",9299
2572,@BarbellMedicine,"Live Q⧸A 3.17.2021： Interference Effect, Posture, Strength Decay, and More [9kEm03wHSqw]","@BarbellMedicine/Live Q⧸A 3.17.2021： Interference Effect, Posture, Strength Decay, and More [9kEm03wHSqw].txt",4077
2573,@BarbellMedicine,10 Questions with Coach Leah Lutz [NO1FvmcCBeM],@BarbellMedicine/10 Questions with Coach Leah Lutz [NO1FvmcCBeM].txt,980
2574,@BarbellMedicine,Is Training To Failure A Good Idea？ [6OwaUlX4Qic],@BarbellMedicine/Is Training To Failure A Good Idea？ [6OwaUlX4Qic].txt,723
2575,@BarbellMedicine,Does YOUR Anatomy Predict Your Lifting Technique？ [-fU859dMat4],@BarbellMedicine/Does YOUR Anatomy Predict Your Lifting Technique？ [-fU859dMat4].txt,829
2576,@BarbellMedicine,How to Become a GREAT Strength Coach (No Certification Needed) [a8m-YxM-ByA],@BarbellMedicine/How to Become a GREAT Strength Coach (No Certification Needed) [a8m-YxM-ByA].txt,11973
2577,@BarbellMedicine,10 Questions with Dr. Austin Baraki [7nP5cpkJLeI],@BarbellMedicine/10 Questions with Dr. Austin Baraki [7nP5cpkJLeI].txt,743
2578,@BarbellMedicine,Training VLOG #34： 2019 San Diego Fit Expo Powerlifting Meet Recap [XMiRkKxjqt4],@BarbellMedicine/Training VLOG #34： 2019 San Diego Fit Expo Powerlifting Meet Recap [XMiRkKxjqt4].txt,3346
2579,@BarbellMedicine,master_transcript,@BarbellMedicine/master_transcript.txt,262985
2580,@BarbellMedicine,How-To Deal with CNS Fatigue [vODrvwfYltw],@BarbellMedicine/How-To Deal with CNS Fatigue [vODrvwfYltw].txt,1704
2581,@BarbellMedicine,"Training VLOG #40： 5-Weeks Out , Progressive Loading, and a Powerlifter Almost Shoots Par From The [Lr7mSyreumU]","@BarbellMedicine/Training VLOG #40： 5-Weeks Out , Progressive Loading, and a Powerlifter Almost Shoots Par From The [Lr7mSyreumU].txt",3921
2582,@BarbellMedicine,"Training VLOG #31： Knee Pain, Volume vs. Intensity, Machines vs. Free-Weights, Sarcopenia, and MORE! [KhJN_B9zta0]","@BarbellMedicine/Training VLOG #31： Knee Pain, Volume vs. Intensity, Machines vs. Free-Weights, Sarcopenia, and MORE! [KhJN_B9zta0].txt",11965
2583,@BarbellMedicine,Training VLOG 39： 6-Weeks Out and How-To Make Coffee [t64iLQ2LeBs],@BarbellMedicine/Training VLOG 39： 6-Weeks Out and How-To Make Coffee [t64iLQ2LeBs].txt,4072
2584,@BarbellMedicine,Training VLOG #35： 2019 USAPL Raw Nationals [-fu4oqOuXZo],@BarbellMedicine/Training VLOG #35： 2019 USAPL Raw Nationals [-fu4oqOuXZo].txt,7632
2585,@BarbellMedicine,How-To Determine Good Technique [wjAf5jgYMog],@BarbellMedicine/How-To Determine Good Technique [wjAf5jgYMog].txt,1386
2586,@BarbellMedicine,"2019 St. Louis Q⧸A Part II： LBM and Health, Genetics, and Arguing on the Internet! [x9XChHwbnUc]","@BarbellMedicine/2019 St. Louis Q⧸A Part II： LBM and Health, Genetics, and Arguing on the Internet! [x9XChHwbnUc].txt",5480
2587,@BarbellMedicine,"Training VLOG #33： Static stretching, cancer and exercise, plus meet prep! [sG02f7uBNSU]","@BarbellMedicine/Training VLOG #33： Static stretching, cancer and exercise, plus meet prep! [sG02f7uBNSU].txt",5167
2588,@BarbellMedicine,What type of ab work is recommended？ [yeafa2KVFfA],@BarbellMedicine/What type of ab work is recommended？ [yeafa2KVFfA].txt,435
2589,@BarbellMedicine,"Not Losing Weight In A Calorie Deficit, What Do？ [MYU2KfmS9Pg]","@BarbellMedicine/Not Losing Weight In A Calorie Deficit, What Do？ [MYU2KfmS9Pg].txt",663
2590,@BarbellMedicine,What's The Deal With Seed Oils？ Hype vs. Science. [xwr7uQaVHzg],@BarbellMedicine/What's The Deal With Seed Oils？ Hype vs. Science. [xwr7uQaVHzg].txt,748
2591,@BarbellMedicine,Training VLOG 38： 7 Weeks Out [HiG2hsoNZA8],@BarbellMedicine/Training VLOG 38： 7 Weeks Out [HiG2hsoNZA8].txt,5503
2592,@BarbellMedicine,How To Get Motivated To Exercise？ [8J0qsTNU1lc],@BarbellMedicine/How To Get Motivated To Exercise？ [8J0qsTNU1lc].txt,1087
2593,@BarbellMedicine,Exercise for Persistent Pain Populations w⧸ Dr. Michael Ray [sL-nL-hVKGY],@BarbellMedicine/Exercise for Persistent Pain Populations w⧸ Dr. Michael Ray [sL-nL-hVKGY].txt,1485
2594,@BarbellMedicine,At What Age Are You The Strongest？ [NqxKtTubqaQ],@BarbellMedicine/At What Age Are You The Strongest？ [NqxKtTubqaQ].txt,1813
2595,@BarbellMedicine,What Types of Meat Are Good Sources of Protein？ [mAw4iZpb4aA],@BarbellMedicine/What Types of Meat Are Good Sources of Protein？ [mAw4iZpb4aA].txt,289
2596,@BarbellMedicine,What is Barbell Medicine？ [YDCQNMGElU8],@BarbellMedicine/What is Barbell Medicine？ [YDCQNMGElU8].txt,168
2597,@BarbellMedicine,Powerlifter Competes in Strongman. I REALLY Messed Up on a few of these events. [H5WW6SKlzG0],@BarbellMedicine/Powerlifter Competes in Strongman. I REALLY Messed Up on a few of these events. [H5WW6SKlzG0].txt,3876
2598,@BarbellMedicine,"Training VLOG #37： Dr. Baraki Deadlifts 720, How to Row, and Strongman Training [L00eUchRUTQ]","@BarbellMedicine/Training VLOG #37： Dr. Baraki Deadlifts 720, How to Row, and Strongman Training [L00eUchRUTQ].txt",2531
2599,@BarbellMedicine,"2019 Brooklyn Q⧸A： How Strong is Strong Enough For Sports, HDL Cholesterol, SARMS, and more! [1ZPWsX6RHZc]","@BarbellMedicine/2019 Brooklyn Q⧸A： How Strong is Strong Enough For Sports, HDL Cholesterol, SARMS, and more! [1ZPWsX6RHZc].txt",7666
2600,@BarbellMedicine,How Does Weight Loss Change Cholesterol Levels？ [I3MVuKYKZvQ],@BarbellMedicine/How Does Weight Loss Change Cholesterol Levels？ [I3MVuKYKZvQ].txt,677
2601,@ISSAPersonalTrainer,"ISSA Office Hours： After Hours ｜ Episode 3 ｜  Week of May 31, 2024 [WV2fRIlcTWQ]","@ISSAPersonalTrainer/ISSA Office Hours： After Hours ｜ Episode 3 ｜  Week of May 31, 2024 [WV2fRIlcTWQ].txt",12238
2602,@ISSAPersonalTrainer,ISSA Talk w⧸Shannon FabIe： Techniques For Building Your Fitness Business Efficiently (Part 1) [IsaUgrZzGZ8],@ISSAPersonalTrainer/ISSA Talk w⧸Shannon FabIe： Techniques For Building Your Fitness Business Efficiently (Part 1) [IsaUgrZzGZ8].txt,6284
2603,@ISSAPersonalTrainer,How To Choose The Right Fitness Certification! [GxiuaWH8LEQ],@ISSAPersonalTrainer/How To Choose The Right Fitness Certification! [GxiuaWH8LEQ].txt,1
2604,@ISSAPersonalTrainer,🎓 How Amanda Became an ISSA Certified Trainer While Managing Type 1 Diabetes ｜ CPT Success Story [vlHlhz_7Qxk],@ISSAPersonalTrainer/🎓 How Amanda Became an ISSA Certified Trainer While Managing Type 1 Diabetes ｜ CPT Success Story [vlHlhz_7Qxk].txt,3258
2605,@ISSAPersonalTrainer,Fueling Your Future： Janet Layug’s Expert Tips for Success in Fitness with Trifecta [QrpVy55cSQs],@ISSAPersonalTrainer/Fueling Your Future： Janet Layug’s Expert Tips for Success in Fitness with Trifecta [QrpVy55cSQs].txt,12053
2606,@ISSAPersonalTrainer,ISSA Talk w⧸Robert Linkul： Training the Older Adult- Equipment and Training Tips [UqOF16b54DM],@ISSAPersonalTrainer/ISSA Talk w⧸Robert Linkul： Training the Older Adult- Equipment and Training Tips [UqOF16b54DM].txt,9213
2607,@ISSAPersonalTrainer,ISSA Talk w⧸Dan Metcalfe： Hydration and How it Impacts Human Performance (Part 2) [cqaw0WZ1f1g],@ISSAPersonalTrainer/ISSA Talk w⧸Dan Metcalfe： Hydration and How it Impacts Human Performance (Part 2) [cqaw0WZ1f1g].txt,6986
2608,@ISSAPersonalTrainer,"Should You Add Pilates to Your Workout？ Yes, and Here’s Why [I1gRTzBBcpg]","@ISSAPersonalTrainer/Should You Add Pilates to Your Workout？ Yes, and Here’s Why [I1gRTzBBcpg].txt",1
2609,@ISSAPersonalTrainer,Women Building Muscle - Your Go-To Guide [1be6hs4kpHE],@ISSAPersonalTrainer/Women Building Muscle - Your Go-To Guide [1be6hs4kpHE].txt,12
2610,@ISSAPersonalTrainer,Personal Trainer VS Self Training - How to Know Which is Best [iA03OMU_qjY],@ISSAPersonalTrainer/Personal Trainer VS Self Training - How to Know Which is Best [iA03OMU_qjY].txt,1
2611,@ISSAPersonalTrainer,Yoga Hip Openers to Boost Hip Flexibility and Reduce Pain [e4neiX0LYNw],@ISSAPersonalTrainer/Yoga Hip Openers to Boost Hip Flexibility and Reduce Pain [e4neiX0LYNw].txt,4
2612,@ISSAPersonalTrainer,What to Eat on Rest Days to Best Support Muscle Growth [YjUKX3yuRBY],@ISSAPersonalTrainer/What to Eat on Rest Days to Best Support Muscle Growth [YjUKX3yuRBY].txt,1
2613,@ISSAPersonalTrainer,Personal Trainer Tip： Networking [NLVngIeFQdc],@ISSAPersonalTrainer/Personal Trainer Tip： Networking [NLVngIeFQdc].txt,219
2614,@ISSAPersonalTrainer,Top 10 Questions Answered Before Starting Your Personal Training Career ｜ ISSA CPT Q&A Session [Bmu-r8LVsvM],@ISSAPersonalTrainer/Top 10 Questions Answered Before Starting Your Personal Training Career ｜ ISSA CPT Q&A Session [Bmu-r8LVsvM].txt,3835
2615,@ISSAPersonalTrainer,How Do I Build the Perfect Glutes？ [RDysyfT0Co8],@ISSAPersonalTrainer/How Do I Build the Perfect Glutes？ [RDysyfT0Co8].txt,3
2616,@ISSAPersonalTrainer,How to Find a Personal Training Mentor (And Why to Get One) [ADpK1UdAUq0],@ISSAPersonalTrainer/How to Find a Personal Training Mentor (And Why to Get One) [ADpK1UdAUq0].txt,54
2617,@ISSAPersonalTrainer,Health Coach vs Personal Trainer – Which is Right for You？ [JobmUG1tolM],@ISSAPersonalTrainer/Health Coach vs Personal Trainer – Which is Right for You？ [JobmUG1tolM].txt,2
2618,@ISSAPersonalTrainer,Live Professional Panel： Exploring the Future of Training and Health Coaching Career Pathways [O8IM7DeCcjY],@ISSAPersonalTrainer/Live Professional Panel： Exploring the Future of Training and Health Coaching Career Pathways [O8IM7DeCcjY].txt,13706
2619,@ISSAPersonalTrainer,You Won't Believe These Healthy Leftover Hacks! [jwuZ-KNZDZk],@ISSAPersonalTrainer/You Won't Believe These Healthy Leftover Hacks! [jwuZ-KNZDZk].txt,3
2620,@ISSAPersonalTrainer,"Master the Wall Sit—Benefits, Form, Variations, & Common Mistakes [jMvu84DIKYg]","@ISSAPersonalTrainer/Master the Wall Sit—Benefits, Form, Variations, & Common Mistakes [jMvu84DIKYg].txt",1
2621,@ISSAPersonalTrainer,"ISSA Office Hours： After Hours ｜ Episode 6 ｜ September 20, 2024 [HwWRMcG3TEs]","@ISSAPersonalTrainer/ISSA Office Hours： After Hours ｜ Episode 6 ｜ September 20, 2024 [HwWRMcG3TEs].txt",9781
2622,@ISSAPersonalTrainer,ISSA Office Hours： After Hours ｜ Episode 2 ｜ Week of 5⧸3⧸24 [BM7BeqZFpcU],@ISSAPersonalTrainer/ISSA Office Hours： After Hours ｜ Episode 2 ｜ Week of 5⧸3⧸24 [BM7BeqZFpcU].txt,8651
2623,@ISSAPersonalTrainer,master_transcript1,@ISSAPersonalTrainer/master_transcript1.txt,295760
2624,@ISSAPersonalTrainer,Go from Passionate About Yoga to Professional Yogi and Launch a Career You Love! [7Ey77mgj12E],@ISSAPersonalTrainer/Go from Passionate About Yoga to Professional Yogi and Launch a Career You Love! [7Ey77mgj12E].txt,11462
2625,@ISSAPersonalTrainer,Yoga Awareness Month： 3 Things to Avoid When Doing Chaturanga [gwbwij9_syA],@ISSAPersonalTrainer/Yoga Awareness Month： 3 Things to Avoid When Doing Chaturanga [gwbwij9_syA].txt,326
2626,@ISSAPersonalTrainer,ISSA Talk w⧸API Fitness ｜ Insurance for Fitness Professionals：  Everything YOU should know! [aDbJFEGiaTw],@ISSAPersonalTrainer/ISSA Talk w⧸API Fitness ｜ Insurance for Fitness Professionals：  Everything YOU should know! [aDbJFEGiaTw].txt,7231
2627,@ISSAPersonalTrainer,Unleash Your Full Potential： A Powerhouse Webinar with Kai Greene [CHFLTwvOo78],@ISSAPersonalTrainer/Unleash Your Full Potential： A Powerhouse Webinar with Kai Greene [CHFLTwvOo78].txt,12034
2628,@ISSAPersonalTrainer,ISSA Talk w⧸Angela Gargano - Strong Feels Good： A Ninja Warrior’s Guide to Online Coaching [ArCMM5-_YXM],@ISSAPersonalTrainer/ISSA Talk w⧸Angela Gargano - Strong Feels Good： A Ninja Warrior’s Guide to Online Coaching [ArCMM5-_YXM].txt,5877
2629,@ISSAPersonalTrainer,Yoga： Longevity & Wellness For All [iHdRxE2DDTM],@ISSAPersonalTrainer/Yoga： Longevity & Wellness For All [iHdRxE2DDTM].txt,14342
2630,@ISSAPersonalTrainer,ISSA Talk w⧸Greg Johnson： Golf Fitness and Performance Training [Eg6CP0xigdk],@ISSAPersonalTrainer/ISSA Talk w⧸Greg Johnson： Golf Fitness and Performance Training [Eg6CP0xigdk].txt,4959
2631,@ISSAPersonalTrainer,Webinar： How To Transform Your Passion for Wellness into a Thriving Health Coaching Career [sOzTQhGuevI],@ISSAPersonalTrainer/Webinar： How To Transform Your Passion for Wellness into a Thriving Health Coaching Career [sOzTQhGuevI].txt,12016
2632,@ISSAPersonalTrainer,Personal Trainer Tip： The Value of Becoming a PT [ZJKYOmyiakE],@ISSAPersonalTrainer/Personal Trainer Tip： The Value of Becoming a PT [ZJKYOmyiakE].txt,137
2633,@ISSAPersonalTrainer,5 Common Beginner Mistakes #YogaAwarenessMonth [3OSpKRfHREk],@ISSAPersonalTrainer/5 Common Beginner Mistakes #YogaAwarenessMonth [3OSpKRfHREk].txt,443
2634,@ISSAPersonalTrainer,ISSA Talk w⧸Dan Metcalfe： Mindset and Human Performance [dgF4f_D0EDo],@ISSAPersonalTrainer/ISSA Talk w⧸Dan Metcalfe： Mindset and Human Performance [dgF4f_D0EDo].txt,6948
2635,@ISSAPersonalTrainer,"ISSA Office Hours： After Hours ｜ Episode 7 ｜ October 25, 2024 [S5kLLJ3kzBY]","@ISSAPersonalTrainer/ISSA Office Hours： After Hours ｜ Episode 7 ｜ October 25, 2024 [S5kLLJ3kzBY].txt",7339
2636,@ISSAPersonalTrainer,How Nutrition Certification Can Change Your Life! [F5i_R09B-_o],@ISSAPersonalTrainer/How Nutrition Certification Can Change Your Life! [F5i_R09B-_o].txt,11
2637,@ISSAPersonalTrainer,ISSA Talk w⧸Robert Linkul： Training the Older Adult [5gKv7X5LNCc],@ISSAPersonalTrainer/ISSA Talk w⧸Robert Linkul： Training the Older Adult [5gKv7X5LNCc].txt,8727
2638,@ISSAPersonalTrainer,How to Pick a Healthy Protein Bar That Still Tastes Good [11sKdnsSZoE],@ISSAPersonalTrainer/How to Pick a Healthy Protein Bar That Still Tastes Good [11sKdnsSZoE].txt,1
2639,@ISSAPersonalTrainer,"Why Training Isn’t Enough： How Functional Nutrition Solves Fatigue, Plateaus & Inflammation [pjB0Cuu7dC8]","@ISSAPersonalTrainer/Why Training Isn’t Enough： How Functional Nutrition Solves Fatigue, Plateaus & Inflammation [pjB0Cuu7dC8].txt",3267
2640,@ISSAPersonalTrainer,ISSA Office Hours (After Hours) [3yU6-FzlG9o],@ISSAPersonalTrainer/ISSA Office Hours (After Hours) [3yU6-FzlG9o].txt,5044
2641,@ISSAPersonalTrainer,Personal Trainer Tip ： Helping Clients [51ishyii4ww],@ISSAPersonalTrainer/Personal Trainer Tip ： Helping Clients [51ishyii4ww].txt,250
2642,@ISSAPersonalTrainer,ISSA Talk w⧸Robert Linkul： Starting and Growing a Successful Fitness Business [iD7wZF0PBaY],@ISSAPersonalTrainer/ISSA Talk w⧸Robert Linkul： Starting and Growing a Successful Fitness Business [iD7wZF0PBaY].txt,12761
2643,@ISSAPersonalTrainer,Why Loaded Carries Change Your Body Fast! [J1idkgWLMcY],@ISSAPersonalTrainer/Why Loaded Carries Change Your Body Fast! [J1idkgWLMcY].txt,1
2644,@ISSAPersonalTrainer,Bulletproof Feet： Unleashing the Power of Integrated Care and Fitness [a64ly807Css],@ISSAPersonalTrainer/Bulletproof Feet： Unleashing the Power of Integrated Care and Fitness [a64ly807Css].txt,9450
2645,@ISSAPersonalTrainer,Better Health Outcomes Through Functional Nutrition [8o4vH-dehUk],@ISSAPersonalTrainer/Better Health Outcomes Through Functional Nutrition [8o4vH-dehUk].txt,5344
2646,@ISSAPersonalTrainer,How to Grow a Thriving Online Fitness Business ｜ ISSA x Leon Spencer III [FAKdIBL7_wY],@ISSAPersonalTrainer/How to Grow a Thriving Online Fitness Business ｜ ISSA x Leon Spencer III [FAKdIBL7_wY].txt,4853
2647,@ISSAPersonalTrainer,ISSA Career Connect - The Exclusive Career Community for ISSA Fitness Pros [_HKtLV_r0EQ],@ISSAPersonalTrainer/ISSA Career Connect - The Exclusive Career Community for ISSA Fitness Pros [_HKtLV_r0EQ].txt,1
2648,@ISSAPersonalTrainer,ISSA Talk w⧸Robert Linkul： Bone Density Training and Rucking for Clients of All Ages [CYb_CIFt_I4],@ISSAPersonalTrainer/ISSA Talk w⧸Robert Linkul： Bone Density Training and Rucking for Clients of All Ages [CYb_CIFt_I4].txt,10998
2649,@ISSAPersonalTrainer,Are You Making These Glute Workout Mistakes？ [muf_7Nk9-p8],@ISSAPersonalTrainer/Are You Making These Glute Workout Mistakes？ [muf_7Nk9-p8].txt,8
2650,@ISSAPersonalTrainer,master_transcript,@ISSAPersonalTrainer/master_transcript.txt,296700
2651,@ISSAPersonalTrainer,Tips for Better Workout Recovery [zEwB77p9uHo],@ISSAPersonalTrainer/Tips for Better Workout Recovery [zEwB77p9uHo].txt,1
2652,@ISSAPersonalTrainer,ISSA Talk w⧸Jarod Cogswell： Fitness Ideas and Gamification for Client Engagement [PHMEbQyy0ps],@ISSAPersonalTrainer/ISSA Talk w⧸Jarod Cogswell： Fitness Ideas and Gamification for Client Engagement [PHMEbQyy0ps].txt,5540
2653,@ISSAPersonalTrainer,ISSA Talk： ISSA x American Barbell-Synergy in Fitness [A1mqjyYDl-8],@ISSAPersonalTrainer/ISSA Talk： ISSA x American Barbell-Synergy in Fitness [A1mqjyYDl-8].txt,4587
2654,@ISSAPersonalTrainer,"ISSA Office Hours： After Hours ｜ Episode 7 ｜ October 11, 2024 [dhF7K2H9QeM]","@ISSAPersonalTrainer/ISSA Office Hours： After Hours ｜ Episode 7 ｜ October 11, 2024 [dhF7K2H9QeM].txt",6322
2655,@ISSAPersonalTrainer,How to Become a Certified Personal Trainer & How Long Does It Take [qELyIqnC50U],@ISSAPersonalTrainer/How to Become a Certified Personal Trainer & How Long Does It Take [qELyIqnC50U].txt,3
2656,@ISSAPersonalTrainer,"ISSA Office Hours： After Hours ｜ Episode 5 ｜ Week of September 6, 2024 [4Ga0AdN9wk0]","@ISSAPersonalTrainer/ISSA Office Hours： After Hours ｜ Episode 5 ｜ Week of September 6, 2024 [4Ga0AdN9wk0].txt",6959
2657,@ISSAPersonalTrainer,4 Things I Wish I Knew When I started Yoga #YogaAwareness [IVy-VcSE614],@ISSAPersonalTrainer/4 Things I Wish I Knew When I started Yoga #YogaAwareness [IVy-VcSE614].txt,439
2658,@ISSAPersonalTrainer,Easy Ways to Grow Your Fitness Business Fast [GVTZ2gxCKEo],@ISSAPersonalTrainer/Easy Ways to Grow Your Fitness Business Fast [GVTZ2gxCKEo].txt,10
2659,@ISSAPersonalTrainer,Welcome to Yoga Awareness Month [FK_UaFXPhWA],@ISSAPersonalTrainer/Welcome to Yoga Awareness Month [FK_UaFXPhWA].txt,159
2660,@ISSAPersonalTrainer,Why Being Healthy Is More Than Just Diet and Exercise! [vjpGl4ZVjTI],@ISSAPersonalTrainer/Why Being Healthy Is More Than Just Diet and Exercise! [vjpGl4ZVjTI].txt,84
2661,@ISSAPersonalTrainer,Why Pilates Is Changing How We Get Strong! [cPMxrhO9TIU],@ISSAPersonalTrainer/Why Pilates Is Changing How We Get Strong! [cPMxrhO9TIU].txt,24
2662,@ISSAPersonalTrainer,ISSA Talk w⧸Shannon FabIe： Techniques For Building Your Fitness Business Efficiently (Part 2) [K2pRHE4ZWbA],@ISSAPersonalTrainer/ISSA Talk w⧸Shannon FabIe： Techniques For Building Your Fitness Business Efficiently (Part 2) [K2pRHE4ZWbA].txt,5651
2663,@ISSAPersonalTrainer,From NFL to Fitness Mentor： Jawon Chisholm’s Powerful Journey to Purpose & Impact ｜ ISSA Inspires [FxwQF7nghKs],@ISSAPersonalTrainer/From NFL to Fitness Mentor： Jawon Chisholm’s Powerful Journey to Purpose & Impact ｜ ISSA Inspires [FxwQF7nghKs].txt,6579
2664,@ISSAPersonalTrainer,ISSA Talk w⧸Josh Hilgers - Put Your Health First： Health Insurance for the Fitness Professional [EVd5WWTX1AU],@ISSAPersonalTrainer/ISSA Talk w⧸Josh Hilgers - Put Your Health First： Health Insurance for the Fitness Professional [EVd5WWTX1AU].txt,3702
2665,@ISSAPersonalTrainer,Building Muscle： A Lean Bulk Meal Plan [GL43LQEKV0I],@ISSAPersonalTrainer/Building Muscle： A Lean Bulk Meal Plan [GL43LQEKV0I].txt,0
2666,@ISSAPersonalTrainer,Turn Your Passion for Health & Wellness into a Career. [tdIWfjT98pM],@ISSAPersonalTrainer/Turn Your Passion for Health & Wellness into a Career. [tdIWfjT98pM].txt,169
2667,@ISSAPersonalTrainer,Why did I become a Health Coach？ [307LqQSzWWg],@ISSAPersonalTrainer/Why did I become a Health Coach？ [307LqQSzWWg].txt,186
2668,@ISSAPersonalTrainer,Building a Personal Training Business： Brand Building Tips from a Fitness Icon [yPcJrPgDXWI],@ISSAPersonalTrainer/Building a Personal Training Business： Brand Building Tips from a Fitness Icon [yPcJrPgDXWI].txt,13089
2669,@ISSAPersonalTrainer,Why Every Athlete Needs a Strength Coach! [ReunT1wkKFk],@ISSAPersonalTrainer/Why Every Athlete Needs a Strength Coach! [ReunT1wkKFk].txt,0
2670,@ISSAPersonalTrainer,9 Surprising Jobs for Health Coaches! [Yfmq-fUk4GY],@ISSAPersonalTrainer/9 Surprising Jobs for Health Coaches! [Yfmq-fUk4GY].txt,1
2671,@ISSAPersonalTrainer,"How to Build a Successful Fitness Career ｜ Q&A with Josh Bryant, ISSA Bodybuilding & Tactical Coach [b0MYGvGuAGg]","@ISSAPersonalTrainer/How to Build a Successful Fitness Career ｜ Q&A with Josh Bryant, ISSA Bodybuilding & Tactical Coach [b0MYGvGuAGg].txt",5758
2672,@ISSAPersonalTrainer,Why Most People Quit Fitness And How To Fix It! [0rB9O5ZEs8s],@ISSAPersonalTrainer/Why Most People Quit Fitness And How To Fix It! [0rB9O5ZEs8s].txt,1
2673,@ISSAPersonalTrainer,ISSA Talk w⧸Dan Metcalfe： Mobility Balance Starting with the Brain (Part 1) [uvAZ4_zCyMw],@ISSAPersonalTrainer/ISSA Talk w⧸Dan Metcalfe： Mobility Balance Starting with the Brain (Part 1) [uvAZ4_zCyMw].txt,6359
2674,@ISSAPersonalTrainer,6 Easy Ways to Grow as a Health Coach! [DDyzG6oDbqU],@ISSAPersonalTrainer/6 Easy Ways to Grow as a Health Coach! [DDyzG6oDbqU].txt,1
2675,@anabolicuniversity,Upper Day at House of Gainz with Josiah Rivera [PIqJHnWsc3w],@anabolicuniversity/Upper Day at House of Gainz with Josiah Rivera [PIqJHnWsc3w].txt,8286
2676,@anabolicuniversity,IFBB Pro Training： Leg Day at Species Gym [2XRFPtZwCDw],@anabolicuniversity/IFBB Pro Training： Leg Day at Species Gym [2XRFPtZwCDw].txt,6785
2677,@anabolicuniversity,3 Weeks Out： Upper Body at Planet Fitness [OcUe6JUe854],@anabolicuniversity/3 Weeks Out： Upper Body at Planet Fitness [OcUe6JUe854].txt,6462
2678,@anabolicuniversity,"Back, Chest, & Shoulders at Planet Fitness [mM1i9s5ClXg]","@anabolicuniversity/Back, Chest, & Shoulders at Planet Fitness [mM1i9s5ClXg].txt",659
2679,@anabolicuniversity,15 Weeks Out： Arms and Legs at Umbra Strength [mNs_Q4JO6iE],@anabolicuniversity/15 Weeks Out： Arms and Legs at Umbra Strength [mNs_Q4JO6iE].txt,2291
2680,@anabolicuniversity,"Guest Series： IFBB Pro Sam Pearce on Smarter Training, Injury Prevention & Maximum Muscle Growth [1KEeP3dySGA]","@anabolicuniversity/Guest Series： IFBB Pro Sam Pearce on Smarter Training, Injury Prevention & Maximum Muscle Growth [1KEeP3dySGA].txt",16147
2681,@anabolicuniversity,9 Weeks Out Part 3： Pull Day with IFBB Pro Nyle Nayga [fq52C2bt3a8],@anabolicuniversity/9 Weeks Out Part 3： Pull Day with IFBB Pro Nyle Nayga [fq52C2bt3a8].txt,1884
2682,@anabolicuniversity,"Guest Series： IFBB Pro Sam Pearce on Protein, Carb Intake, and Avoiding Common Nutrition Pitfalls [mldcagh7lLc]","@anabolicuniversity/Guest Series： IFBB Pro Sam Pearce on Protein, Carb Intake, and Avoiding Common Nutrition Pitfalls [mldcagh7lLc].txt",17374
2683,@anabolicuniversity,"IFBB Pro Training： Arms & Delts at Species Gym in Katy, Texas [Ce77xXlEPic]","@anabolicuniversity/IFBB Pro Training： Arms & Delts at Species Gym in Katy, Texas [Ce77xXlEPic].txt",3470
2684,@anabolicuniversity,"4 Weeks Out – Everything I Do on a Rest Day (Meals, Posing, IV's and More) [twv5tQRgNRw]","@anabolicuniversity/4 Weeks Out – Everything I Do on a Rest Day (Meals, Posing, IV's and More) [twv5tQRgNRw].txt",7514
2685,@anabolicuniversity,"My Post-Surgery Recovery Stack： Peptides, PEDs, and Fast Healing [my6Ae0IDfxI]","@anabolicuniversity/My Post-Surgery Recovery Stack： Peptides, PEDs, and Fast Healing [my6Ae0IDfxI].txt",1249
2686,@anabolicuniversity,"11 Weeks Out： Chest, Back, Delts, Posing - RAW & UNCUT [Ff2cS_FtJfk]","@anabolicuniversity/11 Weeks Out： Chest, Back, Delts, Posing - RAW & UNCUT [Ff2cS_FtJfk].txt",1659
2687,@anabolicuniversity,What I'd Do At 18 To Become The Best Bodybuilder Alive [MrQBkSBuxjM],@anabolicuniversity/What I'd Do At 18 To Become The Best Bodybuilder Alive [MrQBkSBuxjM].txt,5331
2688,@anabolicuniversity,The DHB Experiment： Acceptable Alternative To Masteron？ — The Final Verdict [Jc0lUr7I8gU],@anabolicuniversity/The DHB Experiment： Acceptable Alternative To Masteron？ — The Final Verdict [Jc0lUr7I8gU].txt,1552
2689,@anabolicuniversity,Touring Labrada Nutrition with Hunter Labrada [0zdlX4I5nxs],@anabolicuniversity/Touring Labrada Nutrition with Hunter Labrada [0zdlX4I5nxs].txt,1696
2690,@anabolicuniversity,San Antonio Texas Pro - Show Day [jKK5mgdvhiI],@anabolicuniversity/San Antonio Texas Pro - Show Day [jKK5mgdvhiI].txt,3601
2691,@anabolicuniversity,"1 Day Out： Florida Pro Check-In, Tan, & Athlete Meeting [LuBxdLs7Z6Y]","@anabolicuniversity/1 Day Out： Florida Pro Check-In, Tan, & Athlete Meeting [LuBxdLs7Z6Y].txt",4534
2692,@anabolicuniversity,"Guest Series： David DeMesquita on PEDs, Side Effects, Recovery & Health [M-H0zDnbV70]","@anabolicuniversity/Guest Series： David DeMesquita on PEDs, Side Effects, Recovery & Health [M-H0zDnbV70].txt",9175
2693,@anabolicuniversity,"Guest Series： IFBB Pro Sam Pearce – Primo, Masteron, Contest Prep, and the Reality of Competing [vfp-90H-gvs]","@anabolicuniversity/Guest Series： IFBB Pro Sam Pearce – Primo, Masteron, Contest Prep, and the Reality of Competing [vfp-90H-gvs].txt",14695
2694,@anabolicuniversity,Deep Dive into Anabolic Pharmacology with Dr. Dean St. Mart ｜ Advanced Discussion [lvPl3EhVwaY],@anabolicuniversity/Deep Dive into Anabolic Pharmacology with Dr. Dean St. Mart ｜ Advanced Discussion [lvPl3EhVwaY].txt,11598
2695,@anabolicuniversity,master_transcript1,@anabolicuniversity/master_transcript1.txt,281327
2696,@anabolicuniversity,On The Road + Arm Day at Planet Fitness [eBUFAe8Fpq8],@anabolicuniversity/On The Road + Arm Day at Planet Fitness [eBUFAe8Fpq8].txt,1475
2697,@anabolicuniversity,Upper Day at The Muscle Factory [QPSBdU5DFgE],@anabolicuniversity/Upper Day at The Muscle Factory [QPSBdU5DFgE].txt,754
2698,@anabolicuniversity,17 Weeks Out： Back and Posing with Dominic Kuza (prep Series Episode 4) [aLlq35s5tVA],@anabolicuniversity/17 Weeks Out： Back and Posing with Dominic Kuza (prep Series Episode 4) [aLlq35s5tVA].txt,8056
2699,@anabolicuniversity,Pull Day & Posing at The Muscle Factory with John Jewett & Luke Miller M.S. [BP0vZSio_fs],@anabolicuniversity/Pull Day & Posing at The Muscle Factory with John Jewett & Luke Miller M.S. [BP0vZSio_fs].txt,4188
2700,@anabolicuniversity,"How I Fixed My Knee： DIY Squat Shoes, Training Techniques, Healing Peptides, Topicals [gMdQd2uX5sQ]","@anabolicuniversity/How I Fixed My Knee： DIY Squat Shoes, Training Techniques, Healing Peptides, Topicals [gMdQd2uX5sQ].txt",1794
2701,@anabolicuniversity,Prostate Health： The Truth About Steroids and PSA [6ZfzyvV7lL0],@anabolicuniversity/Prostate Health： The Truth About Steroids and PSA [6ZfzyvV7lL0].txt,646
2702,@anabolicuniversity,2 Days Out： Last Upper Day [pUh5W2WH_hI],@anabolicuniversity/2 Days Out： Last Upper Day [pUh5W2WH_hI].txt,1411
2703,@anabolicuniversity,3 Days Out： Road To The Florida Pro [5eCaZdqShQs],@anabolicuniversity/3 Days Out： Road To The Florida Pro [5eCaZdqShQs].txt,26312
2704,@anabolicuniversity,9 Weeks Out Pt. 2： Upper Body with IFBB Pro Eric Janicki [C83k_JlwN9o],@anabolicuniversity/9 Weeks Out Pt. 2： Upper Body with IFBB Pro Eric Janicki [C83k_JlwN9o].txt,11445
2705,@anabolicuniversity,Posing & Prep for the San Antonio Pro [QYMvJRZ2km0],@anabolicuniversity/Posing & Prep for the San Antonio Pro [QYMvJRZ2km0].txt,2109
2706,@anabolicuniversity,Arms & Delts at The Muscle Factory [y3Y0xADH7mA],@anabolicuniversity/Arms & Delts at The Muscle Factory [y3Y0xADH7mA].txt,2191
2707,@anabolicuniversity,Memorial Day Episode Part 1： An Interview with Army Veteran Jonathan Geary [3qKPL_bdvXM],@anabolicuniversity/Memorial Day Episode Part 1： An Interview with Army Veteran Jonathan Geary [3qKPL_bdvXM].txt,7166
2708,@anabolicuniversity,Day in the Life： Valhalla Labs Manufacturing Tour & Airbnb Prep [EQQ55puqA-c],@anabolicuniversity/Day in the Life： Valhalla Labs Manufacturing Tour & Airbnb Prep [EQQ55puqA-c].txt,12238
2709,@anabolicuniversity,5 Weeks Out： Upper and Posing at Umbra [vpm7K1-g3_U],@anabolicuniversity/5 Weeks Out： Upper and Posing at Umbra [vpm7K1-g3_U].txt,207
2710,@anabolicuniversity,9 Weeks Out Pt. 1： Leg Day with IFBB Pro Eric Janicki [_Vy2zMreJ4E],@anabolicuniversity/9 Weeks Out Pt. 1： Leg Day with IFBB Pro Eric Janicki [_Vy2zMreJ4E].txt,5951
2711,@anabolicuniversity,My Pre-Workout Stack Before Filming a Lift [AOTlnI5Li_k],@anabolicuniversity/My Pre-Workout Stack Before Filming a Lift [AOTlnI5Li_k].txt,786
2712,@anabolicuniversity,2025 Florida Pro： Weekend Recap [g2ilqt5SAFs],@anabolicuniversity/2025 Florida Pro： Weekend Recap [g2ilqt5SAFs].txt,11659
2713,@anabolicuniversity,master_transcript,@anabolicuniversity/master_transcript.txt,281944
2714,@anabolicuniversity,"Southbound： Bodybuilding, BBQ, & The Pursuit of Excellence [-6c6eNX3eHI]","@anabolicuniversity/Southbound： Bodybuilding, BBQ, & The Pursuit of Excellence [-6c6eNX3eHI].txt",8332
2715,@anabolicuniversity,"14 Weeks Out： Chest, Back, Delts & Posing [6Pi-tgtRczo]","@anabolicuniversity/14 Weeks Out： Chest, Back, Delts & Posing [6Pi-tgtRczo].txt",848
2716,@anabolicuniversity,Guest Series： David DeMesquita on Training Philosophy & Competition Mindset [PJ4yGCYECz0],@anabolicuniversity/Guest Series： David DeMesquita on Training Philosophy & Competition Mindset [PJ4yGCYECz0].txt,10534
2717,@anabolicuniversity,The DHB Experiment： Acceptable Alternative to Masteron？ — Part 2 [EbhwpduFkts],@anabolicuniversity/The DHB Experiment： Acceptable Alternative to Masteron？ — Part 2 [EbhwpduFkts].txt,1230
2718,@anabolicuniversity,"12 Weeks Out： Arms, Legs, and Posing [zdneN3b2R9M]","@anabolicuniversity/12 Weeks Out： Arms, Legs, and Posing [zdneN3b2R9M].txt",2955
2719,@anabolicuniversity,My Training Split During Prep (Prep Series Episode 1) [_9wQWFXQXb0],@anabolicuniversity/My Training Split During Prep (Prep Series Episode 1) [_9wQWFXQXb0].txt,6741
2720,@anabolicuniversity,The High Energy Fat-Loss Stack [aN4MrTmMA3Q],@anabolicuniversity/The High Energy Fat-Loss Stack [aN4MrTmMA3Q].txt,1541
2721,@anabolicuniversity,"Guest Series： Dave Lee on Exposing TRT Clinics, GH Vs Peptides, and the Crisis of Modern Masculinity [tputD1gSrGA]","@anabolicuniversity/Guest Series： Dave Lee on Exposing TRT Clinics, GH Vs Peptides, and the Crisis of Modern Masculinity [tputD1gSrGA].txt",17811
2722,@anabolicuniversity,4 Weeks Out： Arms & Legs [VSFT3L-Ey4o],@anabolicuniversity/4 Weeks Out： Arms & Legs [VSFT3L-Ey4o].txt,2031
2723,@anabolicuniversity,Upper Day at Labrada Fitness： Deep Thoughts with Terrence Ruffin [35Ek2oACOfI],@anabolicuniversity/Upper Day at Labrada Fitness： Deep Thoughts with Terrence Ruffin [35Ek2oACOfI].txt,1943
2724,@anabolicuniversity,2 Weeks Out： Leg Day At Umbra [zebjBwPxAp4],@anabolicuniversity/2 Weeks Out： Leg Day At Umbra [zebjBwPxAp4].txt,3011
2725,@PeterAttiaMD,How is autism spectrum disorder (ASD) diagnosed？ ｜ Trenna Sutcliffe and Peter Attia [DozJQanFDNk],@PeterAttiaMD/How is autism spectrum disorder (ASD) diagnosed？ ｜ Trenna Sutcliffe and Peter Attia [DozJQanFDNk].txt,1551
2726,@PeterAttiaMD,"350 ‒ Injury prevention, recovery, and performance optimization for every decade [CFXe36Bh4dQ]","@PeterAttiaMD/350 ‒ Injury prevention, recovery, and performance optimization for every decade [CFXe36Bh4dQ].txt",23915
2727,@PeterAttiaMD,"Female Fertility Cycle： Ovulation to Implantation ｜ Paula Amato, M.D. [YCe5j6q3NeY]","@PeterAttiaMD/Female Fertility Cycle： Ovulation to Implantation ｜ Paula Amato, M.D. [YCe5j6q3NeY].txt",2232
2728,@PeterAttiaMD,"Long-term impacts of steroid use： muscle retention, impact after discontinuation, and more [fopgOjMINEM]","@PeterAttiaMD/Long-term impacts of steroid use： muscle retention, impact after discontinuation, and more [fopgOjMINEM].txt",1655
2729,@PeterAttiaMD,"Fibromyalgia Explained： Symptoms, Science & Stigma ｜ Sean Mackey, M.D., Ph.D. [lE0k86SeVSY]","@PeterAttiaMD/Fibromyalgia Explained： Symptoms, Science & Stigma ｜ Sean Mackey, M.D., Ph.D. [lE0k86SeVSY].txt",1245
2730,@PeterAttiaMD,"363 ‒ A new frontier in neurosurgery： brain-computer interfaces, new hope for brain diseases, & more [y7LXTyUhSVM]","@PeterAttiaMD/363 ‒ A new frontier in neurosurgery： brain-computer interfaces, new hope for brain diseases, & more [y7LXTyUhSVM].txt",20399
2731,@PeterAttiaMD,Nicotine vs. Tobacco： Is Nicotine Dangerous on Its Own？ ｜ Peter Attia [Rlx7clXetTI],@PeterAttiaMD/Nicotine vs. Tobacco： Is Nicotine Dangerous on Its Own？ ｜ Peter Attia [Rlx7clXetTI].txt,986
2732,@PeterAttiaMD,(AMA 71 Trailer) Building strength and muscle mass： optimize training & nutrition for longevity [q1YQelac2iE],@PeterAttiaMD/(AMA 71 Trailer) Building strength and muscle mass： optimize training & nutrition for longevity [q1YQelac2iE].txt,274
2733,@PeterAttiaMD,"371 – Women’s sexual health： desire, arousal, and orgasms, navigating perimenopause, and more [_SZUHFA8KyM]","@PeterAttiaMD/371 – Women’s sexual health： desire, arousal, and orgasms, navigating perimenopause, and more [_SZUHFA8KyM].txt",22121
2734,@PeterAttiaMD,342 ‒ Aging well： Peter shares strategies for improving longevity with residents at senior living [rRZs9xJ0ulo],@PeterAttiaMD/342 ‒ Aging well： Peter shares strategies for improving longevity with residents at senior living [rRZs9xJ0ulo].txt,7868
2735,@PeterAttiaMD,"Do Longevity Drugs Have Additive Benefits？ ｜ Brian Kennedy, Ph.D. [BTMFjyh9v_o]","@PeterAttiaMD/Do Longevity Drugs Have Additive Benefits？ ｜ Brian Kennedy, Ph.D. [BTMFjyh9v_o].txt",1511
2736,@PeterAttiaMD,"Minimalist Shoes Bad for Runners？ ｜ Courtney Conley, D.C. [UFUIy5U5tVs]","@PeterAttiaMD/Minimalist Shoes Bad for Runners？ ｜ Courtney Conley, D.C. [UFUIy5U5tVs].txt",920
2737,@PeterAttiaMD,"369 ‒ Rethinking protein needs for muscle and longevity, and the benefits of creatine & sauna use [VhbpSc6pKRQ]","@PeterAttiaMD/369 ‒ Rethinking protein needs for muscle and longevity, and the benefits of creatine & sauna use [VhbpSc6pKRQ].txt",22644
2738,@PeterAttiaMD,"348 ‒ Women’s sexual health, menopause, and hormone replacement therapy (HRT) [W0XW6av2wLQ]","@PeterAttiaMD/348 ‒ Women’s sexual health, menopause, and hormone replacement therapy (HRT) [W0XW6av2wLQ].txt",27489
2739,@PeterAttiaMD,"Training plateaus： optimizing exercise selection, intensity, and recovery for muscle growth [rekea6OQ2lc]","@PeterAttiaMD/Training plateaus： optimizing exercise selection, intensity, and recovery for muscle growth [rekea6OQ2lc].txt",3061
2740,@PeterAttiaMD,"What Really Causes Aging？ Brian Kennedy, Ph.D. [kYjjqMiSfXM]","@PeterAttiaMD/What Really Causes Aging？ Brian Kennedy, Ph.D. [kYjjqMiSfXM].txt",1265
2741,@PeterAttiaMD,"367 - Tylenol, pregnancy, and autism： What recent studies show and how to interpret the data [GWVM_5knTXg]","@PeterAttiaMD/367 - Tylenol, pregnancy, and autism： What recent studies show and how to interpret the data [GWVM_5knTXg].txt",14412
2742,@PeterAttiaMD,"Testosterone for Women： Myths, Truths, and Real Benefits ｜ Rachel Rubin, M.D. [czA7AHaujKU]","@PeterAttiaMD/Testosterone for Women： Myths, Truths, and Real Benefits ｜ Rachel Rubin, M.D. [czA7AHaujKU].txt",1644
2743,@PeterAttiaMD,"In Vitro Fertilization： The IVF Process Start to Finish ｜ Paula Amato, M.D. [JJh6xL3vwUs]","@PeterAttiaMD/In Vitro Fertilization： The IVF Process Start to Finish ｜ Paula Amato, M.D. [JJh6xL3vwUs].txt",2475
2744,@PeterAttiaMD,(Video 7⧸7) Extra content： Scapular health (Peter Attia and Jesse Schwartzman) [v5xnJArYWjM],@PeterAttiaMD/(Video 7⧸7) Extra content： Scapular health (Peter Attia and Jesse Schwartzman) [v5xnJArYWjM].txt,553
2745,@PeterAttiaMD,What is autism spectrum disorder (ASD)？ ｜ Trenna Sutcliffe and Peter Attia [ELOAyMAosGc],@PeterAttiaMD/What is autism spectrum disorder (ASD)？ ｜ Trenna Sutcliffe and Peter Attia [ELOAyMAosGc].txt,2412
2746,@PeterAttiaMD,"(Video 2⧸7) Tissue preparation： neck, upper back, shoulders (Peter Attia and Jesse Schwartzman) [XZOrnznGzH4]","@PeterAttiaMD/(Video 2⧸7) Tissue preparation： neck, upper back, shoulders (Peter Attia and Jesse Schwartzman) [XZOrnznGzH4].txt",1410
2747,@PeterAttiaMD,Healthspan： What It Means and Why It Matters to You [-JMjiNAIa5o],@PeterAttiaMD/Healthspan： What It Means and Why It Matters to You [-JMjiNAIa5o].txt,1173
2748,@PeterAttiaMD,"Longevity Science vs. Hype ｜ Brian Kennedy, Ph.D. [acBTr0KkRnE]","@PeterAttiaMD/Longevity Science vs. Hype ｜ Brian Kennedy, Ph.D. [acBTr0KkRnE].txt",1292
2749,@PeterAttiaMD,"Low-Dose Naltrexone： Hype, Hope, or Homerun？ ｜ Sean Mackey, M.D., Ph.D. [d0S7_H0UdjY]","@PeterAttiaMD/Low-Dose Naltrexone： Hype, Hope, or Homerun？ ｜ Sean Mackey, M.D., Ph.D. [d0S7_H0UdjY].txt",1462
2750,@PeterAttiaMD,"359 ‒ How metabolic and immune system dysfunction drive the aging process, NAD, aging clocks, & more [818-8vS5JpA]","@PeterAttiaMD/359 ‒ How metabolic and immune system dysfunction drive the aging process, NAD, aging clocks, & more [818-8vS5JpA].txt",24657
2751,@PeterAttiaMD,"Menopause HRT： Avoid These Doctor Red Flags ｜ Rachel Rubin, M.D. [K30a74H7s-s]","@PeterAttiaMD/Menopause HRT： Avoid These Doctor Red Flags ｜ Rachel Rubin, M.D. [K30a74H7s-s].txt",1062
2752,@PeterAttiaMD,"Polycystic Ovary Syndrome (PCOS) Treatment Most Women Never Hear About ｜ Paula Amato, M.D. [qz28W094110]","@PeterAttiaMD/Polycystic Ovary Syndrome (PCOS) Treatment Most Women Never Hear About ｜ Paula Amato, M.D. [qz28W094110].txt",1940
2753,@PeterAttiaMD,Pros & cons of GLP-1 weight loss drugs ｜  Dr. Ralph DeFronzo [QGIFdakceHM],@PeterAttiaMD/Pros & cons of GLP-1 weight loss drugs ｜  Dr. Ralph DeFronzo [QGIFdakceHM].txt,2025
2754,@PeterAttiaMD,"The 3 Best Exercises for Back Pain Relief  ｜ Stuart McGill, Ph.D. [j2qppqLKEi0]","@PeterAttiaMD/The 3 Best Exercises for Back Pain Relief  ｜ Stuart McGill, Ph.D. [j2qppqLKEi0].txt",1622
2755,@PeterAttiaMD,"#08 – Tom Bilyeu： nutrition, fasting, meditation, mindset, immortality, and fulfillment [82jm5CA9PyQ]","@PeterAttiaMD/#08 – Tom Bilyeu： nutrition, fasting, meditation, mindset, immortality, and fulfillment [82jm5CA9PyQ].txt",20947
2756,@PeterAttiaMD,(Video 6⧸7) Extra content： rotator cuff (Peter Attia and Jesse Schwartzman) [cIjKtVc4J0Q],@PeterAttiaMD/(Video 6⧸7) Extra content： rotator cuff (Peter Attia and Jesse Schwartzman) [cIjKtVc4J0Q].txt,517
2757,@PeterAttiaMD,"(Video 3⧸7) Dynamic stabilizaation： neck, upper back, shoulders (Peter Attia and Jesse Schwartzman) [q2I1I_qH0jE]","@PeterAttiaMD/(Video 3⧸7) Dynamic stabilizaation： neck, upper back, shoulders (Peter Attia and Jesse Schwartzman) [q2I1I_qH0jE].txt",2385
2758,@PeterAttiaMD,"How Much Protein Should You Really Eat Daily？ ｜ David Allison, Ph.D. [0a936pOVQZo]","@PeterAttiaMD/How Much Protein Should You Really Eat Daily？ ｜ David Allison, Ph.D. [0a936pOVQZo].txt",1020
2759,@PeterAttiaMD,"What the Dying Teach Us About Living ｜ with BJ Miller, M.D. & Bridget Sumer, L.C.S.W. [5HVa2sqhjJc]","@PeterAttiaMD/What the Dying Teach Us About Living ｜ with BJ Miller, M.D. & Bridget Sumer, L.C.S.W. [5HVa2sqhjJc].txt",2646
2760,@PeterAttiaMD,"Scrutinizing supplements： creatine, fish oil, vitamin D, and more (AMA 69 Sneak Peek) [U04FXYTIkD0]","@PeterAttiaMD/Scrutinizing supplements： creatine, fish oil, vitamin D, and more (AMA 69 Sneak Peek) [U04FXYTIkD0].txt",4483
2761,@PeterAttiaMD,"Restoring Speech： Can AI Help the Paralyzed Communicate？ ｜ Edward Chang, M.D. [hza13Mm4NIA]","@PeterAttiaMD/Restoring Speech： Can AI Help the Paralyzed Communicate？ ｜ Edward Chang, M.D. [hza13Mm4NIA].txt",2292
2762,@PeterAttiaMD,How statins might affect brain cholesterol synthesis and cognitive function ｜ Tom Dayspring [s7iUcvcwL2U],@PeterAttiaMD/How statins might affect brain cholesterol synthesis and cognitive function ｜ Tom Dayspring [s7iUcvcwL2U].txt,2042
2763,@PeterAttiaMD,The top drugs for diabetics ｜ Dr. Ralph DeFronzo [_CWDr8qo0dQ],@PeterAttiaMD/The top drugs for diabetics ｜ Dr. Ralph DeFronzo [_CWDr8qo0dQ].txt,1174
2764,@PeterAttiaMD,"The Future of Glioblastoma Treatment ｜ Edward Chang, M.D. [56hRRr_B7kg]","@PeterAttiaMD/The Future of Glioblastoma Treatment ｜ Edward Chang, M.D. [56hRRr_B7kg].txt",1365
2765,@PeterAttiaMD,Breakthroughs in Belief： How to Transform Your Mindset for Success ｜ Jeff English [10rLYio583E],@PeterAttiaMD/Breakthroughs in Belief： How to Transform Your Mindset for Success ｜ Jeff English [10rLYio583E].txt,1110
2766,@PeterAttiaMD,"Facing Your Fears： Exposure Therapy  ｜ Josh Spitalnick, Ph.D.y [hckXRo_yoRg]","@PeterAttiaMD/Facing Your Fears： Exposure Therapy  ｜ Josh Spitalnick, Ph.D.y [hckXRo_yoRg].txt",2135
2767,@PeterAttiaMD,Longevity Q&A with Peter Attia [iuBOh9nlTGs],@PeterAttiaMD/Longevity Q&A with Peter Attia [iuBOh9nlTGs].txt,1543
2768,@PeterAttiaMD,"The Difference Between Palliative and Hospice Care ｜ with BJ Miller, M.D. & Bridget Sumer, L.C.S.W. [2_di2UOiyKI]","@PeterAttiaMD/The Difference Between Palliative and Hospice Care ｜ with BJ Miller, M.D. & Bridget Sumer, L.C.S.W. [2_di2UOiyKI].txt",1829
2769,@PeterAttiaMD,341 - Overcoming insomnia： improving sleep hygiene and treating disordered sleep with CBT-I [NneZHMv7VBU],@PeterAttiaMD/341 - Overcoming insomnia： improving sleep hygiene and treating disordered sleep with CBT-I [NneZHMv7VBU].txt,27196
2770,@PeterAttiaMD,"Is Your Back Pain Physical or Mental？  ｜ Stuart McGill, Ph.D. [WB6WY_Tl4eU]","@PeterAttiaMD/Is Your Back Pain Physical or Mental？  ｜ Stuart McGill, Ph.D. [WB6WY_Tl4eU].txt",1905
2771,@PeterAttiaMD,What Would Make a School 10x Better？ ｜ Joe Liemandt [pSRxzefSEjI],@PeterAttiaMD/What Would Make a School 10x Better？ ｜ Joe Liemandt [pSRxzefSEjI].txt,1672
2772,@PeterAttiaMD,"Is It Too Late for Hormone Therapy After Menopause？ ｜ Rachel Rubin, M.D. [KiZ7KauLOfQ]","@PeterAttiaMD/Is It Too Late for Hormone Therapy After Menopause？ ｜ Rachel Rubin, M.D. [KiZ7KauLOfQ].txt",2201
2773,@PeterAttiaMD,354 – What the dying can teach us about living well： lessons on life and reflections on mortality [EBVsRIRj31Q],@PeterAttiaMD/354 – What the dying can teach us about living well： lessons on life and reflections on mortality [EBVsRIRj31Q].txt,26561
2774,@PeterAttiaMD,Fueling for Performance： The Products Elite Athletes Use ｜ Olav Aleksander Bu [zErri2ltUrc],@PeterAttiaMD/Fueling for Performance： The Products Elite Athletes Use ｜ Olav Aleksander Bu [zErri2ltUrc].txt,1274
2775,@PeterAttiaMD,"How to Choose the Right IVF Clinic ｜ Paula Amato, M.D. [RJxINGRzrwQ]","@PeterAttiaMD/How to Choose the Right IVF Clinic ｜ Paula Amato, M.D. [RJxINGRzrwQ].txt",1651
2776,@PeterAttiaMD,"Can Stem Cells Regenerate the Injured Brain？ ｜ Edward Chang, M.D. [gwFP8sVgfDM]","@PeterAttiaMD/Can Stem Cells Regenerate the Injured Brain？ ｜ Edward Chang, M.D. [gwFP8sVgfDM].txt",1048
2777,@PeterAttiaMD,"Radiation Fallacies： What Is Radiation, Understanding Risk, Exposure & Dose ｜ Sanjay Mehta, M.D. [fyFcv-_OXuU]","@PeterAttiaMD/Radiation Fallacies： What Is Radiation, Understanding Risk, Exposure & Dose ｜ Sanjay Mehta, M.D. [fyFcv-_OXuU].txt",1793
2778,@PeterAttiaMD,"Assessing the pros and cons of medicating children for ADHD, anxiety, & other psychiatric disorders [_Lv02u9vNYg]","@PeterAttiaMD/Assessing the pros and cons of medicating children for ADHD, anxiety, & other psychiatric disorders [_Lv02u9vNYg].txt",2554
2779,@PeterAttiaMD,"Protein Guidance： Amino Acids, Quality, & Intake ｜ Jeff Cavaliere, Mike Boyle & Gabrielle Lyon, D.O. [bJLUchygaUg]","@PeterAttiaMD/Protein Guidance： Amino Acids, Quality, & Intake ｜ Jeff Cavaliere, Mike Boyle & Gabrielle Lyon, D.O. [bJLUchygaUg].txt",1609
2780,@PeterAttiaMD,Peter Attia’s Definition of Longevity [xMoHsyd_mNc],@PeterAttiaMD/Peter Attia’s Definition of Longevity [xMoHsyd_mNc].txt,1140
2781,@PeterAttiaMD,Should We Pay Kids to Learn？ ｜ Joe Liemandt [MYGovWAS9dI],@PeterAttiaMD/Should We Pay Kids to Learn？ ｜ Joe Liemandt [MYGovWAS9dI].txt,1408
2782,@PeterAttiaMD,"Video (3⧸4)： Part II, Muscle Activation (Peter Attia and Jesse Schwartzman) [JElEpnVH35Q]","@PeterAttiaMD/Video (3⧸4)： Part II, Muscle Activation (Peter Attia and Jesse Schwartzman) [JElEpnVH35Q].txt",1975
2783,@PeterAttiaMD,"Foot Pain Starts Here： Common Toe Injuries & Solutions ｜ Courtney Conley, D.C. [1JnLQKhNSq0]","@PeterAttiaMD/Foot Pain Starts Here： Common Toe Injuries & Solutions ｜ Courtney Conley, D.C. [1JnLQKhNSq0].txt",2069
2784,@PeterAttiaMD,"Radiation Dose from Medical Imaging： X-Rays, CTs, and Mammograms Explained ｜ Sanjay Mehta, M.D. [ipZHLIKcAqM]","@PeterAttiaMD/Radiation Dose from Medical Imaging： X-Rays, CTs, and Mammograms Explained ｜ Sanjay Mehta, M.D. [ipZHLIKcAqM].txt",2043
2785,@PeterAttiaMD,"Video (2⧸4)： Part I, Tissue Preparation (Peter Attia and Jesse Schwartzman) [zdRgJpxifqA]","@PeterAttiaMD/Video (2⧸4)： Part I, Tissue Preparation (Peter Attia and Jesse Schwartzman) [zdRgJpxifqA].txt",2495
2786,@PeterAttiaMD,"Advice for parents trying to find and evaluate care for children with autism, ADHD, or anxiety [OIpSa7GEVpg]","@PeterAttiaMD/Advice for parents trying to find and evaluate care for children with autism, ADHD, or anxiety [OIpSa7GEVpg].txt",1099
2787,@PeterAttiaMD,"Nicotine： impact on cognition, performance, mood, health risks, and more (AMA 70 sneak peek) [sPOFrrfqWDg]","@PeterAttiaMD/Nicotine： impact on cognition, performance, mood, health risks, and more (AMA 70 sneak peek) [sPOFrrfqWDg].txt",3750
2788,@PeterAttiaMD,"(AMA 73 trailer) Preserving brain health, optimizing exercise programming, & improving body comp [ud2DEmXAAMc]","@PeterAttiaMD/(AMA 73 trailer) Preserving brain health, optimizing exercise programming, & improving body comp [ud2DEmXAAMc].txt",287
2789,@PeterAttiaMD,Healing Through Storytelling： How to Overcome the Past ｜ Jeff English [_xLLwilko8A],@PeterAttiaMD/Healing Through Storytelling： How to Overcome the Past ｜ Jeff English [_xLLwilko8A].txt,967
2790,@PeterAttiaMD,How misguided peanut allergy recommendations created an epidemic ｜ Peter Attia & Marty Makary [tb-9w347Lis],@PeterAttiaMD/How misguided peanut allergy recommendations created an epidemic ｜ Peter Attia & Marty Makary [tb-9w347Lis].txt,1390
2791,@PeterAttiaMD,"What is the best way to determine “biological” age？ Is it an age clock？ I would argue, not yet… [1N1sM5sCRc4]","@PeterAttiaMD/What is the best way to determine “biological” age？ Is it an age clock？ I would argue, not yet… [1N1sM5sCRc4].txt",683
2792,@PeterAttiaMD,"CBT-I Explained： The Proven Method to Cure Insomnia Without Medication  ｜ Ashley Mason, Ph.D. [Yxlh7xLMGwE]","@PeterAttiaMD/CBT-I Explained： The Proven Method to Cure Insomnia Without Medication  ｜ Ashley Mason, Ph.D. [Yxlh7xLMGwE].txt",1238
2793,@PeterAttiaMD,GLP-1 agonists in bodybuilding and weight management： moral and philosophical implications [h_6i71Guu_o],@PeterAttiaMD/GLP-1 agonists in bodybuilding and weight management： moral and philosophical implications [h_6i71Guu_o].txt,2753
2794,@PeterAttiaMD,360 ‒ How to change your habits： why they form and how to build or break them [yhLHfPZEKgU],@PeterAttiaMD/360 ‒ How to change your habits： why they form and how to build or break them [yhLHfPZEKgU].txt,28128
2795,@PeterAttiaMD,"#05 - Dom D’Agostino, Ph.D.： ketosis, n=1, exogenous ketones, HBOT, seizures, and cancer [q7kOs6bS1Hg]","@PeterAttiaMD/#05 - Dom D’Agostino, Ph.D.： ketosis, n=1, exogenous ketones, HBOT, seizures, and cancer [q7kOs6bS1Hg].txt",28720
2796,@PeterAttiaMD,"337- Insulin resistance masterclass： The full body impact of metabolic dysfunction, treatment & more [vYQaLV3Fm00]","@PeterAttiaMD/337- Insulin resistance masterclass： The full body impact of metabolic dysfunction, treatment & more [vYQaLV3Fm00].txt",26871
2797,@PeterAttiaMD,Head injuries： long-term management and mitigating the damage after an incident ｜ Tommy Wood [unZlGjl5v20],@PeterAttiaMD/Head injuries： long-term management and mitigating the damage after an incident ｜ Tommy Wood [unZlGjl5v20].txt,2961
2798,@PeterAttiaMD,"317 ‒ Reforming medicine： uncovering blind spots, challenging the norm, and embracing innovation [Dzz_tO4Gu3A]","@PeterAttiaMD/317 ‒ Reforming medicine： uncovering blind spots, challenging the norm, and embracing innovation [Dzz_tO4Gu3A].txt",22215
2799,@PeterAttiaMD,Why are autism rates increasing？ ｜ Trenna Sutcliffe and Peter Attia [Nx4Qk1ybrb0],@PeterAttiaMD/Why are autism rates increasing？ ｜ Trenna Sutcliffe and Peter Attia [Nx4Qk1ybrb0].txt,3345
2800,@PeterAttiaMD,"357 ‒ A new era of longevity science： models of aging, rapamycin trials, biological clocks, & more [7yNvz_0Q1eQ]","@PeterAttiaMD/357 ‒ A new era of longevity science： models of aging, rapamycin trials, biological clocks, & more [7yNvz_0Q1eQ].txt",24151
2801,@PeterAttiaMD,Top Risk Factors for Osteoporosis  ｜ Peter Attia AMA 37 [xYX188THLCw],@PeterAttiaMD/Top Risk Factors for Osteoporosis  ｜ Peter Attia AMA 37 [xYX188THLCw].txt,1714
2802,@PeterAttiaMD,"#06 – D.A. Wallach： music, medicine, longevity, and disruptive technologies [nJM0nRS__vs]","@PeterAttiaMD/#06 – D.A. Wallach： music, medicine, longevity, and disruptive technologies [nJM0nRS__vs].txt",23231
2803,@PeterAttiaMD,"Real Symptoms, No Diagnosis – What It Could Mean ｜ Josh Spitalnick, Ph.D. [HlgkRwGNkP0]","@PeterAttiaMD/Real Symptoms, No Diagnosis – What It Could Mean ｜ Josh Spitalnick, Ph.D. [HlgkRwGNkP0].txt",2217
2804,@PeterAttiaMD,What is causing the current diabetes epidemic？ ｜ Dr. Ralph DeFronzo [tJTOP33r2Uo],@PeterAttiaMD/What is causing the current diabetes epidemic？ ｜ Dr. Ralph DeFronzo [tJTOP33r2Uo].txt,2020
2805,@PeterAttiaMD,"Ibuprofen, Naproxen, Celecoxib： When Are NSAIDs Actually Appropriate ｜ Sean Mackey, M.D., Ph.D. [C3lAz4h1muU]","@PeterAttiaMD/Ibuprofen, Naproxen, Celecoxib： When Are NSAIDs Actually Appropriate ｜ Sean Mackey, M.D., Ph.D. [C3lAz4h1muU].txt",2057
2806,@PeterAttiaMD,Efficiency Vs. Productivity ｜ Charles Duhigg [bkVSzEwpBPI],@PeterAttiaMD/Efficiency Vs. Productivity ｜ Charles Duhigg [bkVSzEwpBPI].txt,1695
2807,@PeterAttiaMD,"#02 – Rhonda Patrick, Ph.D.： paradox of IGF-1, ketogenic diets and genetics, benefits of sauna, NAD+ [oXQ9yvGVJDE]","@PeterAttiaMD/#02 – Rhonda Patrick, Ph.D.： paradox of IGF-1, ketogenic diets and genetics, benefits of sauna, NAD+ [oXQ9yvGVJDE].txt",21953
2808,@PeterAttiaMD,"365 ‒ Training for longevity： A roundtable on building strength, preventing injury, protein, & more [ac0Nm71GpOY]","@PeterAttiaMD/365 ‒ Training for longevity： A roundtable on building strength, preventing injury, protein, & more [ac0Nm71GpOY].txt",30969
2809,@PeterAttiaMD,"How to Fall Asleep & Stay Asleep ｜ Ashley Mason, Ph.D. [Uqb8cXYARJw]","@PeterAttiaMD/How to Fall Asleep & Stay Asleep ｜ Ashley Mason, Ph.D. [Uqb8cXYARJw].txt",1747
2810,@PeterAttiaMD,(3⧸6)  The ＂Star fish＂ glute med finisher [lIAhLYDPDuE],@PeterAttiaMD/(3⧸6)  The ＂Star fish＂ glute med finisher [lIAhLYDPDuE].txt,99
2811,@PeterAttiaMD,master_transcript1,@PeterAttiaMD/master_transcript1.txt,1154347
2812,@PeterAttiaMD,"366 ‒ Transforming education with AI and an individualized, mastery-based education model [2g2n_CkAolg]","@PeterAttiaMD/366 ‒ Transforming education with AI and an individualized, mastery-based education model [2g2n_CkAolg].txt",23646
2813,@PeterAttiaMD,Does type 2 diabetes increase the risk of Alzheimer's disease？ ｜ Peter Attia and Rhonda Patrick [kgdB3Ba5vsw],@PeterAttiaMD/Does type 2 diabetes increase the risk of Alzheimer's disease？ ｜ Peter Attia and Rhonda Patrick [kgdB3Ba5vsw].txt,799
2814,@PeterAttiaMD,"What Really Causes Under-Eye Bags and Sagging Skin ｜ Tanuj Nakra, M.D. & Suzan Obagi, M.D. [kQTO9RcWr2M]","@PeterAttiaMD/What Really Causes Under-Eye Bags and Sagging Skin ｜ Tanuj Nakra, M.D. & Suzan Obagi, M.D. [kQTO9RcWr2M].txt",3006
2815,@PeterAttiaMD,"(4⧸6)  Dowel prep lunge, squat [NIVmdifTt5k]","@PeterAttiaMD/(4⧸6)  Dowel prep lunge, squat [NIVmdifTt5k].txt",209
2816,@PeterAttiaMD,"How to Choose the Right HRT Provider ｜ Rachel Rubin, M.D. [ESGePceUSPE]","@PeterAttiaMD/How to Choose the Right HRT Provider ｜ Rachel Rubin, M.D. [ESGePceUSPE].txt",958
2817,@PeterAttiaMD,"Cognitive Behavioral Therapy： A Beginner’s Guide ｜ Ashley Mason, Ph.D. [cGZmIW106mc]","@PeterAttiaMD/Cognitive Behavioral Therapy： A Beginner’s Guide ｜ Ashley Mason, Ph.D. [cGZmIW106mc].txt",769
2818,@PeterAttiaMD,Peter Attia's VO₂ Max Training Protocol [1t6JztkC0C0],@PeterAttiaMD/Peter Attia's VO₂ Max Training Protocol [1t6JztkC0C0].txt,1600
2819,@PeterAttiaMD,"Does Creatine have Cognitive Benefits？ ｜ Rhonda Patrick, Ph.D. [EoYRAlpop5c]","@PeterAttiaMD/Does Creatine have Cognitive Benefits？ ｜ Rhonda Patrick, Ph.D. [EoYRAlpop5c].txt",1379
2820,@PeterAttiaMD,GLP-1 agonists and the willpower myth [YRErDvfY3DI],@PeterAttiaMD/GLP-1 agonists and the willpower myth [YRErDvfY3DI].txt,811
2821,@PeterAttiaMD,"Extending Fertility With Egg Freezing： Age, Cost & Success ｜ Paula Amato, M.D. [I7bC7ELb2Ek]","@PeterAttiaMD/Extending Fertility With Egg Freezing： Age, Cost & Success ｜ Paula Amato, M.D. [I7bC7ELb2Ek].txt",1199
2822,@PeterAttiaMD,"(QPS 6 trailer) Peter's takeaways： HRT, skincare, aging, fertility, and life lessons [rcblhTAV1qs]","@PeterAttiaMD/(QPS 6 trailer) Peter's takeaways： HRT, skincare, aging, fertility, and life lessons [rcblhTAV1qs].txt",325
2823,@PeterAttiaMD,"My Back Pain Story ｜ Stuart McGill, Ph.D. [I6WCYlgoFEQ]","@PeterAttiaMD/My Back Pain Story ｜ Stuart McGill, Ph.D. [I6WCYlgoFEQ].txt",1416
2824,@PeterAttiaMD,"Diets： how to evaluate any diet including keto, carnivore, vegan & Mediterranean (AMA 75 sneak peek) [DOcHTUXM6QM]","@PeterAttiaMD/Diets： how to evaluate any diet including keto, carnivore, vegan & Mediterranean (AMA 75 sneak peek) [DOcHTUXM6QM].txt",1829
2825,@PeterAttiaMD,Why do low-fat and low-carb diets lead to weight loss？ ｜ Peter Attia & Stephan Guyenet [7QrdUMxno_8],@PeterAttiaMD/Why do low-fat and low-carb diets lead to weight loss？ ｜ Peter Attia & Stephan Guyenet [7QrdUMxno_8].txt,1211
2826,@PeterAttiaMD,"Menopause Misconceptions Are Hurting Millions of Women ｜ Rachel Rubin, M.D. [bf67e1Uw_Q8]","@PeterAttiaMD/Menopause Misconceptions Are Hurting Millions of Women ｜ Rachel Rubin, M.D. [bf67e1Uw_Q8].txt",3209
2827,@PeterAttiaMD,"#01 – Tim Ferriss： depression, psychedelics, and emotional resilience [MgJTzkRg3cA]","@PeterAttiaMD/#01 – Tim Ferriss： depression, psychedelics, and emotional resilience [MgJTzkRg3cA].txt",26349
2828,@PeterAttiaMD,"The importance of nutrition, protein intake, and consistency in training and diet for muscle growth [ERvWx3b9eH0]","@PeterAttiaMD/The importance of nutrition, protein intake, and consistency in training and diet for muscle growth [ERvWx3b9eH0].txt",1641
2829,@PeterAttiaMD,"What Most Women Don’t Know About Their Own Anatomy ｜ Sally Greenwald, M.D. [zEpZZZQ-gQs]","@PeterAttiaMD/What Most Women Don’t Know About Their Own Anatomy ｜ Sally Greenwald, M.D. [zEpZZZQ-gQs].txt",1812
2830,@PeterAttiaMD,"343–The evolving role of radiation： cancer treatment, low-dose treatments for arthritis, & much more [xtgQUiBuGVI]","@PeterAttiaMD/343–The evolving role of radiation： cancer treatment, low-dose treatments for arthritis, & much more [xtgQUiBuGVI].txt",29942
2831,@PeterAttiaMD,"Peter's takeaways on sleep, chronic pain, cancer drugs, AI in healthcare, & more (QPS 5 sneak peek) [kHyEwDWBNZ0]","@PeterAttiaMD/Peter's takeaways on sleep, chronic pain, cancer drugs, AI in healthcare, & more (QPS 5 sneak peek) [kHyEwDWBNZ0].txt",5921
2832,@PeterAttiaMD,"I Want to Look 10 Years Younger — What Next？ ｜ Tanuj Nakra, M.D. & Suzan Obagi, M.D. [6gt0Bt_Buu4]","@PeterAttiaMD/I Want to Look 10 Years Younger — What Next？ ｜ Tanuj Nakra, M.D. & Suzan Obagi, M.D. [6gt0Bt_Buu4].txt",3023
2833,@PeterAttiaMD,Not All DEXA Scans Are Equal—Here’s What to Look For  ｜ Peter Attia AMA 37 [ONyd2tQPRgQ],@PeterAttiaMD/Not All DEXA Scans Are Equal—Here’s What to Look For  ｜ Peter Attia AMA 37 [ONyd2tQPRgQ].txt,2457
2834,@PeterAttiaMD,Navigating bone health： early life influences & strategies for improvement & injury prevention [Zld5iuH5anQ],@PeterAttiaMD/Navigating bone health： early life influences & strategies for improvement & injury prevention [Zld5iuH5anQ].txt,18148
2835,@PeterAttiaMD,"Are All Processed Foods Really Bad for You？ ｜ David Allison, Ph.D. [37J_q_8_Zgg]","@PeterAttiaMD/Are All Processed Foods Really Bad for You？ ｜ David Allison, Ph.D. [37J_q_8_Zgg].txt",2037
2836,@PeterAttiaMD,"(AMA 72 Trailer) Fasting： benefits for body composition and disease prevention, & potential risks [xpPx0U0g2Bs]","@PeterAttiaMD/(AMA 72 Trailer) Fasting： benefits for body composition and disease prevention, & potential risks [xpPx0U0g2Bs].txt",288
2837,@PeterAttiaMD,"What Happens in the Final 24 Hours of Life ｜ with BJ Miller, M.D. & Bridget Sumer, L.C.S.W. [KcYTCiIn4Dk]","@PeterAttiaMD/What Happens in the Final 24 Hours of Life ｜ with BJ Miller, M.D. & Bridget Sumer, L.C.S.W. [KcYTCiIn4Dk].txt",1034
2838,@PeterAttiaMD,"Radiation for Breast Cancer： Side Effects, Support & What To Expect ｜ Sanjay Mehta, M.D. [sx3YoW41dpc]","@PeterAttiaMD/Radiation for Breast Cancer： Side Effects, Support & What To Expect ｜ Sanjay Mehta, M.D. [sx3YoW41dpc].txt",1430
2839,@PeterAttiaMD,The trauma tree： four types of trauma & the five ways they manifest ｜ Jeff English [zByAyJsw644],@PeterAttiaMD/The trauma tree： four types of trauma & the five ways they manifest ｜ Jeff English [zByAyJsw644].txt,1474
2840,@PeterAttiaMD,How to Train Your Cardiovascular Fitness ｜ Peter Attia [qLf_1rFrlRs],@PeterAttiaMD/How to Train Your Cardiovascular Fitness ｜ Peter Attia [qLf_1rFrlRs].txt,1973
2841,@PeterAttiaMD,"How Temperature Affects Male Fertility ｜ Paul Turek, M.D. [RlrXS0hibWg]","@PeterAttiaMD/How Temperature Affects Male Fertility ｜ Paul Turek, M.D. [RlrXS0hibWg].txt",1433
2842,@PeterAttiaMD,My technique for getting back on the rails when my sweet tooth is getting the best of me. [0lUvqCp5-Bo],@PeterAttiaMD/My technique for getting back on the rails when my sweet tooth is getting the best of me. [0lUvqCp5-Bo].txt,728
2843,@PeterAttiaMD,"Time-in-Bed Restriction Explained： How to Reprogram Your Sleep  ｜ Ashley Mason, Ph.D. [jgyuoQ_j8yQ]","@PeterAttiaMD/Time-in-Bed Restriction Explained： How to Reprogram Your Sleep  ｜ Ashley Mason, Ph.D. [jgyuoQ_j8yQ].txt",1856
2844,@PeterAttiaMD,"Anabolic steroids： effects, risks, and insights ｜ Mike Israetel & Peter Attia [6yXG2_amqb4]","@PeterAttiaMD/Anabolic steroids： effects, risks, and insights ｜ Mike Israetel & Peter Attia [6yXG2_amqb4].txt",3072
2845,@PeterAttiaMD,How to think about preserving aerobic capacity and muscle mass into old age ｜ Alex Hutchinson [qKEwoiFwDAY],@PeterAttiaMD/How to think about preserving aerobic capacity and muscle mass into old age ｜ Alex Hutchinson [qKEwoiFwDAY].txt,1435
2846,@PeterAttiaMD,"362 ‒ Understanding anxiety： defining, assessing, and treating health anxiety, OCD, and more [c4j_bet1Z4A]","@PeterAttiaMD/362 ‒ Understanding anxiety： defining, assessing, and treating health anxiety, OCD, and more [c4j_bet1Z4A].txt",29026
2847,@PeterAttiaMD,"Biological Age vs. Real Age： Which Matters More？ ｜ Brian Kennedy, Ph.D. [GqooAZ48TIM]","@PeterAttiaMD/Biological Age vs. Real Age： Which Matters More？ ｜ Brian Kennedy, Ph.D. [GqooAZ48TIM].txt",1743
2848,@PeterAttiaMD,"Can You Recover Fertility After Taking Testosterone？ ｜ Paul Turek, M.D. [Wgwc1bOpT6I]","@PeterAttiaMD/Can You Recover Fertility After Taking Testosterone？ ｜ Paul Turek, M.D. [Wgwc1bOpT6I].txt",2215
2849,@PeterAttiaMD,Understand your reluctance for addressing your trauma ｜ Jeff English [I9c21jTPzgQ],@PeterAttiaMD/Understand your reluctance for addressing your trauma ｜ Jeff English [I9c21jTPzgQ].txt,664
2850,@PeterAttiaMD,The Longevity Toolkit： Peter Attia’s 5 Tactics to Improve Longevity [ghTCvGimadE],@PeterAttiaMD/The Longevity Toolkit： Peter Attia’s 5 Tactics to Improve Longevity [ghTCvGimadE].txt,2683
2851,@PeterAttiaMD,"352 ‒ Female fertility： reproductive health, treating infertility & PCOS, and the IVF process [UvgPh7wSH94]","@PeterAttiaMD/352 ‒ Female fertility： reproductive health, treating infertility & PCOS, and the IVF process [UvgPh7wSH94].txt",27045
2852,@PeterAttiaMD,The Difference Between Shame and Guilt ｜ Jeff English [M9qQ0P4EnxY],@PeterAttiaMD/The Difference Between Shame and Guilt ｜ Jeff English [M9qQ0P4EnxY].txt,746
2853,@PeterAttiaMD,"How to Exercise for Longevity： Stability, Core, & Injury Prevention ｜ Stuart McGill, Ph.D. [BUlGlPi5Ecs]","@PeterAttiaMD/How to Exercise for Longevity： Stability, Core, & Injury Prevention ｜ Stuart McGill, Ph.D. [BUlGlPi5Ecs].txt",1495
2854,@PeterAttiaMD,"Fasting, well-balanced diets, alcohol, exercise, assessing cardiovascular health (AMA 68 Sneak Peek) [rglGVlBMko8]","@PeterAttiaMD/Fasting, well-balanced diets, alcohol, exercise, assessing cardiovascular health (AMA 68 Sneak Peek) [rglGVlBMko8].txt",4893
2855,@PeterAttiaMD,(Video 5⧸7) Extra content： Diagnostic test for shoulder (Peter Attia and Jesse Schwartzman) [hXtW8bgm4hs],@PeterAttiaMD/(Video 5⧸7) Extra content： Diagnostic test for shoulder (Peter Attia and Jesse Schwartzman) [hXtW8bgm4hs].txt,374
2856,@PeterAttiaMD,Running’s New Edge： Power Meter Shoe Tech ｜ Olav Aleksander Bu [q4YNeTCTxVM],@PeterAttiaMD/Running’s New Edge： Power Meter Shoe Tech ｜ Olav Aleksander Bu [q4YNeTCTxVM].txt,2090
2857,@PeterAttiaMD,"The Key to Managing Anxiety： Thoughts vs. Thinking ｜ Josh Spitalnick, Ph.D. [n8nXCfurzqE]","@PeterAttiaMD/The Key to Managing Anxiety： Thoughts vs. Thinking ｜ Josh Spitalnick, Ph.D. [n8nXCfurzqE].txt",1183
2858,@PeterAttiaMD,"How Computers Can Translate Brain Signals Into Words  ｜ Edward Chang, M.D. [25cQzrWPL5s]","@PeterAttiaMD/How Computers Can Translate Brain Signals Into Words  ｜ Edward Chang, M.D. [25cQzrWPL5s].txt",2580
2859,@PeterAttiaMD,"Can We Objectively Measure Pain？  ｜ Sean Mackey, M.D., Ph.D. [yRTR8976fBA]","@PeterAttiaMD/Can We Objectively Measure Pain？  ｜ Sean Mackey, M.D., Ph.D. [yRTR8976fBA].txt",787
2860,@PeterAttiaMD,"Can a Semen Analysis Predict Fertility？ ｜ Paul Turek, M.D. [w_eeeV1tPUU]","@PeterAttiaMD/Can a Semen Analysis Predict Fertility？ ｜ Paul Turek, M.D. [w_eeeV1tPUU].txt",2127
2861,@PeterAttiaMD,"Social Media's Impact on Beauty Standards ｜ Tanuj Nakra, M.D. & Suzan Obagi, M.D. [MFDrptiROUE]","@PeterAttiaMD/Social Media's Impact on Beauty Standards ｜ Tanuj Nakra, M.D. & Suzan Obagi, M.D. [MFDrptiROUE].txt",2425
2862,@PeterAttiaMD,How People Over 65 Can Reduce Their Fall Risk ｜ Peter Attia [ejaGqqZh24M],@PeterAttiaMD/How People Over 65 Can Reduce Their Fall Risk ｜ Peter Attia [ejaGqqZh24M].txt,2680
2863,@PeterAttiaMD,Near-death experiences： the psychological impact of surviving against overwhelming odds [9S7tInHCSRU],@PeterAttiaMD/Near-death experiences： the psychological impact of surviving against overwhelming odds [9S7tInHCSRU].txt,1445
2864,@PeterAttiaMD,How to Get Your Insulin to a Normal Level ｜ Ralph DeFronzo [wdEhREszsMk],@PeterAttiaMD/How to Get Your Insulin to a Normal Level ｜ Ralph DeFronzo [wdEhREszsMk].txt,1033
2865,@PeterAttiaMD,"Radiation for Arthritis, Tendonitis, and Injuries： The Unexpected Benefits ｜ Sanjay Mehta, M.D. [7ogQxzGKFDo]","@PeterAttiaMD/Radiation for Arthritis, Tendonitis, and Injuries： The Unexpected Benefits ｜ Sanjay Mehta, M.D. [7ogQxzGKFDo].txt",2779
2866,@PeterAttiaMD,Building Good Habits in Children  ｜ Charles Duhigg [ZsYv0iaRpCo],@PeterAttiaMD/Building Good Habits in Children  ｜ Charles Duhigg [ZsYv0iaRpCo].txt,1527
2867,@PeterAttiaMD,"How Fear of Hormone Therapy Harmed an Entire Generation ｜ Rachel Rubin, M.D. [MDz2tMSEOks]","@PeterAttiaMD/How Fear of Hormone Therapy Harmed an Entire Generation ｜ Rachel Rubin, M.D. [MDz2tMSEOks].txt",2896
2868,@PeterAttiaMD,The definition of trauma ｜ Jeff English [qPm8iQ_Xj-8],@PeterAttiaMD/The definition of trauma ｜ Jeff English [qPm8iQ_Xj-8].txt,492
2869,@PeterAttiaMD,Five Ways to Reduce Your Microplastic Exposure ｜ Peter Attia [IsmBq0v50k4],@PeterAttiaMD/Five Ways to Reduce Your Microplastic Exposure ｜ Peter Attia [IsmBq0v50k4].txt,1661
2870,@PeterAttiaMD,"(AMA 74 trailer) Sugar and sugar substitutes： weight control, metabolic effects, & health trade-offs [IckNGWU5nYg]","@PeterAttiaMD/(AMA 74 trailer) Sugar and sugar substitutes： weight control, metabolic effects, & health trade-offs [IckNGWU5nYg].txt",234
2871,@PeterAttiaMD,"355 – Skincare strategies, the science of facial aging, and cosmetic-intervention guidance [9iHxTvG1_3k]","@PeterAttiaMD/355 – Skincare strategies, the science of facial aging, and cosmetic-intervention guidance [9iHxTvG1_3k].txt",34171
2872,@PeterAttiaMD,3 of my favorite grip exercises [f9KoML0DAKU],@PeterAttiaMD/3 of my favorite grip exercises [f9KoML0DAKU].txt,448
2873,@PeterAttiaMD,Video (1⧸4)： Introduction to movement preparation (Peter Attia and Jesse Schwartzman) [ZVUQb2G_Mvw],@PeterAttiaMD/Video (1⧸4)： Introduction to movement preparation (Peter Attia and Jesse Schwartzman) [ZVUQb2G_Mvw].txt,549
2874,@PeterAttiaMD,"Sleep Hygiene 101： The Best (and Worst) Habits for Better Sleep  ｜ Ashley Mason, Ph.D. [4xfX5DIticw]","@PeterAttiaMD/Sleep Hygiene 101： The Best (and Worst) Habits for Better Sleep  ｜ Ashley Mason, Ph.D. [4xfX5DIticw].txt",4841
2875,@PeterAttiaMD,Walking the talk： How clinicians at The Bridge lead by example ｜ Jeff English [ZEuPJGqRgkk],@PeterAttiaMD/Walking the talk： How clinicians at The Bridge lead by example ｜ Jeff English [ZEuPJGqRgkk].txt,1506
2876,@PeterAttiaMD,"Pain Tolerance： Not All Pain Is Equal ｜ Sean Mackey, M.D., Ph.D. [iwmcS3ODhlw]","@PeterAttiaMD/Pain Tolerance： Not All Pain Is Equal ｜ Sean Mackey, M.D., Ph.D. [iwmcS3ODhlw].txt",1206
2877,@PeterAttiaMD,"Squats Vs. Single-Leg Training ｜ Jeff Cavaliere, Mike Boyle & Gabrielle Lyon, D.O. [CGajXgvsPB8]","@PeterAttiaMD/Squats Vs. Single-Leg Training ｜ Jeff Cavaliere, Mike Boyle & Gabrielle Lyon, D.O. [CGajXgvsPB8].txt",2729
2878,@PeterAttiaMD,How to know if you’ve experienced trauma ｜ Jeff English [aAizX_Fs0i4],@PeterAttiaMD/How to know if you’ve experienced trauma ｜ Jeff English [aAizX_Fs0i4].txt,1258
2879,@PeterAttiaMD,"#03 – Ron Krauss, M.D.： a deep dive into heart disease [AtqzKuGhYzk]","@PeterAttiaMD/#03 – Ron Krauss, M.D.： a deep dive into heart disease [AtqzKuGhYzk].txt",20613
2880,@PeterAttiaMD,"Should You Stop Deadlifting at a Certain Age？ ｜ Stuart McGill, Ph.D. [LQm_qB6qy1Q]","@PeterAttiaMD/Should You Stop Deadlifting at a Certain Age？ ｜ Stuart McGill, Ph.D. [LQm_qB6qy1Q].txt",1919
2881,@PeterAttiaMD,"Can Humans Become Physically Immortal？ ｜ Brian Kennedy, Ph.D. [bNC0dVf52QI]","@PeterAttiaMD/Can Humans Become Physically Immortal？ ｜ Brian Kennedy, Ph.D. [bNC0dVf52QI].txt",1901
2882,@PeterAttiaMD,Should children be on GLP-1 weight loss drugs？ ｜  Dr. Ralph DeFronzo [loq4VCtncmc],@PeterAttiaMD/Should children be on GLP-1 weight loss drugs？ ｜  Dr. Ralph DeFronzo [loq4VCtncmc].txt,981
2883,@PeterAttiaMD,"Advance Directives： Why You Shouldn't Wait ｜ with BJ Miller, M.D. & Bridget Sumer, L.C.S.W. [oC61hLsXSqo]","@PeterAttiaMD/Advance Directives： Why You Shouldn't Wait ｜ with BJ Miller, M.D. & Bridget Sumer, L.C.S.W. [oC61hLsXSqo].txt",2003
2884,@PeterAttiaMD,"The Opioid Crisis： The Perfect Storm ｜ Sean Mackey, M.D., Ph.D. [fUnXhZuaYEs]","@PeterAttiaMD/The Opioid Crisis： The Perfect Storm ｜ Sean Mackey, M.D., Ph.D. [fUnXhZuaYEs].txt",1082
2885,@PeterAttiaMD,master_transcript,@PeterAttiaMD/master_transcript.txt,1157843
2886,@PeterAttiaMD,How to Build Stronger Bones  ｜ Peter Attia AMA 37 [iDbrmvWgPKE],@PeterAttiaMD/How to Build Stronger Bones  ｜ Peter Attia AMA 37 [iDbrmvWgPKE].txt,2281
2887,@PeterAttiaMD,How To Build Up Your Willpower Muscle ｜ Charles Duhigg [gHwVrvsuWLI],@PeterAttiaMD/How To Build Up Your Willpower Muscle ｜ Charles Duhigg [gHwVrvsuWLI].txt,2188
2888,@PeterAttiaMD,"Microplastics, Stress, and Male Fertility ｜ Paul Turek, M.D. [vbggTamb-p0]","@PeterAttiaMD/Microplastics, Stress, and Male Fertility ｜ Paul Turek, M.D. [vbggTamb-p0].txt",1239
2889,@PeterAttiaMD,"Sperm Banking： When, Why, and How Much ｜ Paul Turek, M.D. [vuN6_LBYps4]","@PeterAttiaMD/Sperm Banking： When, Why, and How Much ｜ Paul Turek, M.D. [vuN6_LBYps4].txt",1929
2890,@PeterAttiaMD,"Reversing Epigenetic Age with Alpha-Ketoglutarate？ ｜ Brian Kennedy, Ph.D. [3NJv_7PxGws]","@PeterAttiaMD/Reversing Epigenetic Age with Alpha-Ketoglutarate？ ｜ Brian Kennedy, Ph.D. [3NJv_7PxGws].txt",796
2891,@PeterAttiaMD,"Antibiotics： overuse, effects on gut health, antibiotic resistant infections, and more [TG9U5JTuHtk]","@PeterAttiaMD/Antibiotics： overuse, effects on gut health, antibiotic resistant infections, and more [TG9U5JTuHtk].txt",2973
2892,@PeterAttiaMD,Kids' Bone Health： What Parents Should Know ｜ Peter Attia AMA 37 [7PdloOZDjd8],@PeterAttiaMD/Kids' Bone Health： What Parents Should Know ｜ Peter Attia AMA 37 [7PdloOZDjd8].txt,942
2893,@PeterAttiaMD,(2⧸6)  The ＂Jane Fonda＂ glute med exercise [nDIUbGzha50],@PeterAttiaMD/(2⧸6)  The ＂Jane Fonda＂ glute med exercise [nDIUbGzha50].txt,56
2894,@PeterAttiaMD,"Aging Prevention： How to Stay Ahead of Facial Aging ｜ Tanuj Nakra, M.D. & Suzan Obagi, M.D. [0UigeHnCEoU]","@PeterAttiaMD/Aging Prevention： How to Stay Ahead of Facial Aging ｜ Tanuj Nakra, M.D. & Suzan Obagi, M.D. [0UigeHnCEoU].txt",3522
2895,@PeterAttiaMD,Why cholesterol is critical for brain function ｜ Tom Dayspring and Peter Attia [sw15YhYF12Q],@PeterAttiaMD/Why cholesterol is critical for brain function ｜ Tom Dayspring and Peter Attia [sw15YhYF12Q].txt,1587
2896,@PeterAttiaMD,"Bunions & Hammer Toes： Causes, Symptoms, & Solutions ｜ Courtney Conley, D.C. [_ddXXvJwi_g]","@PeterAttiaMD/Bunions & Hammer Toes： Causes, Symptoms, & Solutions ｜ Courtney Conley, D.C. [_ddXXvJwi_g].txt",1175
2897,@PeterAttiaMD,"The Biggest Lessons Learned in the last 5 Years ｜ Jeff Cavaliere, Mike Boyle & Gabrielle Lyon, D.O. [LCJoAcSZw3c]","@PeterAttiaMD/The Biggest Lessons Learned in the last 5 Years ｜ Jeff Cavaliere, Mike Boyle & Gabrielle Lyon, D.O. [LCJoAcSZw3c].txt",1878
2898,@PeterAttiaMD,"The Evolution of Beauty ｜ Tanuj Nakra, M.D. & Suzan Obagi, M.D. [9JViescma2s]","@PeterAttiaMD/The Evolution of Beauty ｜ Tanuj Nakra, M.D. & Suzan Obagi, M.D. [9JViescma2s].txt",2202
2899,@PeterAttiaMD,"Video (4⧸4)： Part III, Dynamic Preparation (Peter Attia and Jesse Schwartzman) [BGrw5z1SjtA]","@PeterAttiaMD/Video (4⧸4)： Part III, Dynamic Preparation (Peter Attia and Jesse Schwartzman) [BGrw5z1SjtA].txt",2798
2900,@PeterAttiaMD,"“We Die How We Live”： The Power of Self-Forgiveness ｜ with BJ Miller, M.D. & Bridget Sumer, L.C.S.W. [9OuFfFN-Fak]","@PeterAttiaMD/“We Die How We Live”： The Power of Self-Forgiveness ｜ with BJ Miller, M.D. & Bridget Sumer, L.C.S.W. [9OuFfFN-Fak].txt",2444
2901,@PeterAttiaMD,(5⧸6) The ＂Shark bite＂ [JslSuMuGQUs],@PeterAttiaMD/(5⧸6) The ＂Shark bite＂ [JslSuMuGQUs].txt,202
2902,@PeterAttiaMD,"(Video 4⧸7) Loaded movements： neck, upper back, shoulders (Peter Attia and Jesse Schwartzman) [V9pc82gupX0]","@PeterAttiaMD/(Video 4⧸7) Loaded movements： neck, upper back, shoulders (Peter Attia and Jesse Schwartzman) [V9pc82gupX0].txt",2721
2903,@PeterAttiaMD,"(6⧸6) The Shark bite, advanced [4mgkmNmuV1U]","@PeterAttiaMD/(6⧸6) The Shark bite, advanced [4mgkmNmuV1U].txt",239
2904,@PeterAttiaMD,"Peter’s takeaways on aerobic exercise and VO2 max, insulin resistance, and more (QPS 4 sneak peek) [z3_R_7gBU64]","@PeterAttiaMD/Peter’s takeaways on aerobic exercise and VO2 max, insulin resistance, and more (QPS 4 sneak peek) [z3_R_7gBU64].txt",5194
2905,@PeterAttiaMD,What is insulin resistance？ ｜ Dr. Ralph DeFronzo [rKifrUWMgtY],@PeterAttiaMD/What is insulin resistance？ ｜ Dr. Ralph DeFronzo [rKifrUWMgtY].txt,653
2906,@PeterAttiaMD,What have been the biggest successes and challenges in medicine in the last decade？ ｜ Marty Makary [zKK0jRjOv-M],@PeterAttiaMD/What have been the biggest successes and challenges in medicine in the last decade？ ｜ Marty Makary [zKK0jRjOv-M].txt,1613
2907,@PeterAttiaMD,Medicine 3.0： Rethinking Prostate Cancer Screening [hnamfo1AzWc],@PeterAttiaMD/Medicine 3.0： Rethinking Prostate Cancer Screening [hnamfo1AzWc].txt,1102
2908,@PeterAttiaMD,"Train Smarter, Not Harder： Understanding Central Nervous System Fatigue ｜ Mike Israetel [INcIStIWPmc]","@PeterAttiaMD/Train Smarter, Not Harder： Understanding Central Nervous System Fatigue ｜ Mike Israetel [INcIStIWPmc].txt",2092
2909,@PeterAttiaMD,"Radiation Fear vs. Reality： What the Public Gets Wrong ｜ Sanjay Mehta, M.D. [hdloS9_1nrc]","@PeterAttiaMD/Radiation Fear vs. Reality： What the Public Gets Wrong ｜ Sanjay Mehta, M.D. [hdloS9_1nrc].txt",1220
2910,@PeterAttiaMD,Lactic Acid Myth： Buffering the Real Culprit ｜ Olav Aleksander Bu [q4Cu7uMdKNQ],@PeterAttiaMD/Lactic Acid Myth： Buffering the Real Culprit ｜ Olav Aleksander Bu [q4Cu7uMdKNQ].txt,1556
2911,@PeterAttiaMD,"When to Have Sex for the Highest Chance of Getting Pregnant ｜ Paul Turek, M.D. [sC3_H4HRSB0]","@PeterAttiaMD/When to Have Sex for the Highest Chance of Getting Pregnant ｜ Paul Turek, M.D. [sC3_H4HRSB0].txt",1683
2912,@PeterAttiaMD,"Worry vs. Worrying： Identifying Dysfunctional Health Anxiety ｜ Josh Spitalnick, Ph.D. [BMhyol0QPOY]","@PeterAttiaMD/Worry vs. Worrying： Identifying Dysfunctional Health Anxiety ｜ Josh Spitalnick, Ph.D. [BMhyol0QPOY].txt",1205
2913,@PeterAttiaMD,"323 - CRISPR and the future of gene editing： scientific advances, genetic therapies, & more [aOl0IDhzLCo]","@PeterAttiaMD/323 - CRISPR and the future of gene editing： scientific advances, genetic therapies, & more [aOl0IDhzLCo].txt",21270
2914,@PeterAttiaMD,"351 ‒ Male fertility： optimizing reproductive health, treating infertility, & navigating TRT [RCGX5J3VQj0]","@PeterAttiaMD/351 ‒ Male fertility： optimizing reproductive health, treating infertility, & navigating TRT [RCGX5J3VQj0].txt",29432
2915,@PeterAttiaMD,"Finding the Best Radiation Oncologist： What to Look For & Questions to Ask ｜ Sanjay Mehta, M.D. [lNQOroUs7LA]","@PeterAttiaMD/Finding the Best Radiation Oncologist： What to Look For & Questions to Ask ｜ Sanjay Mehta, M.D. [lNQOroUs7LA].txt",532
2916,@PeterAttiaMD,The Invisible Patterns That Shape Your Decisions ｜ Charles Duhigg [-x3VV_H6ZZ4],@PeterAttiaMD/The Invisible Patterns That Shape Your Decisions ｜ Charles Duhigg [-x3VV_H6ZZ4].txt,1427
2917,@PeterAttiaMD,"Breaking & Building Habits： Timelines, Difficulties & Solutions ｜ Charles Duhigg [raf1BdMWlPA]","@PeterAttiaMD/Breaking & Building Habits： Timelines, Difficulties & Solutions ｜ Charles Duhigg [raf1BdMWlPA].txt",1568
2918,@PeterAttiaMD,"#07 – Deep Dive： Lp(a) — what every doctor, and the 10-20% of the population at risk, needs to know [OHQiU68Ad7s]","@PeterAttiaMD/#07 – Deep Dive： Lp(a) — what every doctor, and the 10-20% of the population at risk, needs to know [OHQiU68Ad7s].txt",13483
2919,@PeterAttiaMD,How to find the right therapist ｜ Jeff English [PJbETLgiH3g],@PeterAttiaMD/How to find the right therapist ｜ Jeff English [PJbETLgiH3g].txt,759
2920,@PeterAttiaMD,"Peter evaluates longevity drugs, aspirin for CVD, & strategies to improve muscle (AMA 76 sneak peek) [qD-LAgR-be4]","@PeterAttiaMD/Peter evaluates longevity drugs, aspirin for CVD, & strategies to improve muscle (AMA 76 sneak peek) [qD-LAgR-be4].txt",2387
2921,@PeterAttiaMD,"A Complete Guide to Skin Treatments ｜ Tanuj Nakra, M.D. & Suzan Obagi, M.D. [ojwIjJ_x0Sg]","@PeterAttiaMD/A Complete Guide to Skin Treatments ｜ Tanuj Nakra, M.D. & Suzan Obagi, M.D. [ojwIjJ_x0Sg].txt",2203
2922,@PeterAttiaMD,"368 ‒ The protein debate： optimal intake, limitations of the RDA, & whether high-protein is harmful [k2qZT8OQRjc]","@PeterAttiaMD/368 ‒ The protein debate： optimal intake, limitations of the RDA, & whether high-protein is harmful [k2qZT8OQRjc].txt",20051
2923,@PeterAttiaMD,(1⧸6) The Bridge glute activator [CmbTeoaQZUQ],@PeterAttiaMD/(1⧸6) The Bridge glute activator [CmbTeoaQZUQ].txt,265
2924,@PeterAttiaMD,"Social Jet Lag： How to Balance Sleep & Social Life  ｜ Ashley Mason, Ph.D. [i7UCz7QVND8]","@PeterAttiaMD/Social Jet Lag： How to Balance Sleep & Social Life  ｜ Ashley Mason, Ph.D. [i7UCz7QVND8].txt",1057
2925,@PeterAttiaMD,What is the blood-brain barrier and what role does it play in neurodegenerative disease？ [ZJLz_Ba8a1I],@PeterAttiaMD/What is the blood-brain barrier and what role does it play in neurodegenerative disease？ [ZJLz_Ba8a1I].txt,1358
2926,@PeterAttiaMD,The triple therapy： three free drugs that work better for diabetics ｜ Dr. Ralph DeFronzo [MPsLGrBR2EE],@PeterAttiaMD/The triple therapy： three free drugs that work better for diabetics ｜ Dr. Ralph DeFronzo [MPsLGrBR2EE].txt,2256
2927,@PeterAttiaMD,"Is Consciousness Required to Feel Pain？ ｜ Sean Mackey, M.D., Ph.D. [h0UceZ3YXoA]","@PeterAttiaMD/Is Consciousness Required to Feel Pain？ ｜ Sean Mackey, M.D., Ph.D. [h0UceZ3YXoA].txt",1149
2928,@PeterAttiaMD,"GLP-1s： Safe Dosing, Nutrition & Impact on Longevity ｜ Rhonda Patrick, Ph.D. [Rkr4FnVPlkM]","@PeterAttiaMD/GLP-1s： Safe Dosing, Nutrition & Impact on Longevity ｜ Rhonda Patrick, Ph.D. [Rkr4FnVPlkM].txt",1368
2929,@PeterAttiaMD,"AMA #3： supplements, women’s health, patient care, and more (EP.26) ｜ The Peter Attia Drive [kzs7GgxR_FQ]","@PeterAttiaMD/AMA #3： supplements, women’s health, patient care, and more (EP.26) ｜ The Peter Attia Drive [kzs7GgxR_FQ].txt",25381
2930,@PeterAttiaMD,339 - Unpacking trauma： How early wounds shape behavior and the path toward healing [mE5vd98mohY],@PeterAttiaMD/339 - Unpacking trauma： How early wounds shape behavior and the path toward healing [mE5vd98mohY].txt,24012
2931,@PeterAttiaMD,"(Video 1⧸7) Introduction to neck, upper back, shoulders (Peter Attia and Jesse Schwartzman) [FjRorW4n8Rg]","@PeterAttiaMD/(Video 1⧸7) Introduction to neck, upper back, shoulders (Peter Attia and Jesse Schwartzman) [FjRorW4n8Rg].txt",792
2932,@PeterAttiaMD,"Strength Training for Women in Menopause ｜ Jeff Cavaliere, Mike Boyle & Gabrielle Lyon, D.O. [V3RI83Xorq4]","@PeterAttiaMD/Strength Training for Women in Menopause ｜ Jeff Cavaliere, Mike Boyle & Gabrielle Lyon, D.O. [V3RI83Xorq4].txt",1826
2933,@PeterAttiaMD,Can AI Learning Outcompete TikTok for Kids’ Attention？ ｜ Joe Liemandt [5jFvIEXA_pk],@PeterAttiaMD/Can AI Learning Outcompete TikTok for Kids’ Attention？ ｜ Joe Liemandt [5jFvIEXA_pk].txt,1523
2934,@PeterAttiaMD,318 - The Meteoric Rise of Tadej Pogačar： From Prodigy to Cycling Legend [m9yjbJJBjHU],@PeterAttiaMD/318 - The Meteoric Rise of Tadej Pogačar： From Prodigy to Cycling Legend [m9yjbJJBjHU].txt,7810
2935,@PeterAttiaMD,"The Hidden Factors That Predict Long-Term Opioid Use ｜ Sean Mackey, M.D., Ph.D. [7U2ay6hRZ30]","@PeterAttiaMD/The Hidden Factors That Predict Long-Term Opioid Use ｜ Sean Mackey, M.D., Ph.D. [7U2ay6hRZ30].txt",879
2936,@PeterAttiaMD,Training Intensity & Volume to Balance Gains and Fatigue ｜ Mike Israetel [_0McpRI0ZJc],@PeterAttiaMD/Training Intensity & Volume to Balance Gains and Fatigue ｜ Mike Israetel [_0McpRI0ZJc].txt,2492
2937,@PeterAttiaMD,"How to Get Off of Sleep Medication  ｜ Ashley Mason, Ph.D. [z3OlgZq6CzI]","@PeterAttiaMD/How to Get Off of Sleep Medication  ｜ Ashley Mason, Ph.D. [z3OlgZq6CzI].txt",2482
2938,@PeterAttiaMD,"Back Surgery or Not？ How to Decide  ｜ Stuart McGill, Ph.D. [oiACeZfKXKw]","@PeterAttiaMD/Back Surgery or Not？ How to Decide  ｜ Stuart McGill, Ph.D. [oiACeZfKXKw].txt",1509
2939,@PeterAttiaMD,The urgent need for reform in medical education and research ｜ Peter Attia and Marty Makary [_yD0Z57BYyo],@PeterAttiaMD/The urgent need for reform in medical education and research ｜ Peter Attia and Marty Makary [_yD0Z57BYyo].txt,2923
2940,@PeterAttiaMD,The Leading Causes of Death - The 4 Horsemen of Chronic Disease [4_djjZewu4M],@PeterAttiaMD/The Leading Causes of Death - The 4 Horsemen of Chronic Disease [4_djjZewu4M].txt,887
2941,@PeterAttiaMD,AI and Longevity： Hypothesizing What Lies Ahead ｜ Mike Israetel [7ctqPdr99e4],@PeterAttiaMD/AI and Longevity： Hypothesizing What Lies Ahead ｜ Mike Israetel [7ctqPdr99e4].txt,2608
2942,@PeterAttiaMD,Why strength training is the best time-efficient investment for health ｜ Mike Israetel [B9eJIpRHNjc],@PeterAttiaMD/Why strength training is the best time-efficient investment for health ｜ Mike Israetel [B9eJIpRHNjc].txt,2213
2943,@PeterAttiaMD,"345 ‒ Chronic pain： pathways, treatment, and the path to physical and psychological recovery [SsHdjDFNbp4]","@PeterAttiaMD/345 ‒ Chronic pain： pathways, treatment, and the path to physical and psychological recovery [SsHdjDFNbp4].txt",30500
2944,@PeterAttiaMD,"Do We Really Use Only 10% of Our Brain？ ｜ Edward Chang, M.D. [e6wWw2B3Dz0]","@PeterAttiaMD/Do We Really Use Only 10% of Our Brain？ ｜ Edward Chang, M.D. [e6wWw2B3Dz0].txt",1130
2945,@PeterAttiaMD,Learning to Mastery： How to get Your Child to the Top 1% ｜ Joe Liemandt [EhVrBL8vZvo],@PeterAttiaMD/Learning to Mastery： How to get Your Child to the Top 1% ｜ Joe Liemandt [EhVrBL8vZvo].txt,1531
2946,@PeterAttiaMD,How the Military Builds Habits That Stick ｜ Charles Duhigg [tVi1l5VkDC8],@PeterAttiaMD/How the Military Builds Habits That Stick ｜ Charles Duhigg [tVi1l5VkDC8].txt,1929
2947,@PeterAttiaMD,"Should You Ask for a Pain Doctor Before Surgery ｜ Sean Mackey, M.D., Ph.D. [7soj_KFcY9o]","@PeterAttiaMD/Should You Ask for a Pain Doctor Before Surgery ｜ Sean Mackey, M.D., Ph.D. [7soj_KFcY9o].txt",782
2948,@PeterAttiaMD,"Is Infertility Becoming More Common？ ｜ Paula Amato, M.D. [ILHoUhUV6go]","@PeterAttiaMD/Is Infertility Becoming More Common？ ｜ Paula Amato, M.D. [ILHoUhUV6go].txt",1922
2949,@PeterAttiaMD,"Prostate Cancer： Radiation vs. Surgery ｜ Sanjay Mehta, M.D. [Mok14TQkTs8]","@PeterAttiaMD/Prostate Cancer： Radiation vs. Surgery ｜ Sanjay Mehta, M.D. [Mok14TQkTs8].txt",1485
2950,@PeterAttiaMD,The limitations of using HDL cholesterol as a marker for heart health ｜ Tom Dayspring [hxtPuBCXW_Y],@PeterAttiaMD/The limitations of using HDL cholesterol as a marker for heart health ｜ Tom Dayspring [hxtPuBCXW_Y].txt,1301
2951,@PeterAttiaMD,How does blood flow restriction training produce such high levels of hypertrophy？ ｜ Jeremy Loenneke [4lFyqyxLRyg],@PeterAttiaMD/How does blood flow restriction training produce such high levels of hypertrophy？ ｜ Jeremy Loenneke [4lFyqyxLRyg].txt,1232
2952,@PeterAttiaMD,What Happens to Bones When You Stop Moving  ｜ Peter Attia AMA 37 [arub7Rhn3tY],@PeterAttiaMD/What Happens to Bones When You Stop Moving  ｜ Peter Attia AMA 37 [arub7Rhn3tY].txt,1165
2953,@PeterAttiaMD,"How Culture Shapes the Way We Die ｜ with BJ Miller, M.D. & Bridget Sumer, L.C.S.W. [ekdILo2HAI0]","@PeterAttiaMD/How Culture Shapes the Way We Die ｜ with BJ Miller, M.D. & Bridget Sumer, L.C.S.W. [ekdILo2HAI0].txt",1910
2954,@PeterAttiaMD,How Falls Become Fatal After Age 65 ｜ Peter Attia AMA 37 [_KQ9P6mM5uA],@PeterAttiaMD/How Falls Become Fatal After Age 65 ｜ Peter Attia AMA 37 [_KQ9P6mM5uA].txt,1982
2955,@PeterAttiaMD,"Why Kids Shouldn’t Specialize Too Early in Sports｜ Jeff Cavaliere, Mike Boyle & Gabrielle Lyon, D.O. [LmCi46JoZ6I]","@PeterAttiaMD/Why Kids Shouldn’t Specialize Too Early in Sports｜ Jeff Cavaliere, Mike Boyle & Gabrielle Lyon, D.O. [LmCi46JoZ6I].txt",2020
2956,@eliteftsofficial,elitefts.com — Tate Leg Training Excerpt - 6 Months after Total Hip Replacement [XIo6rU1p4vI],@eliteftsofficial/elitefts.com — Tate Leg Training Excerpt - 6 Months after Total Hip Replacement [XIo6rU1p4vI].txt,36
2957,@eliteftsofficial,elitefts.com - Clint Darden Demonstrates The Powerclean [0qHoIe5OzGI],@eliteftsofficial/elitefts.com - Clint Darden Demonstrates The Powerclean [0qHoIe5OzGI].txt,2918
2958,@eliteftsofficial,elitefts.com — So You Think You Can Deadlift？ (Part 6) [fzwrWqMl-3g],@eliteftsofficial/elitefts.com — So You Think You Can Deadlift？ (Part 6) [fzwrWqMl-3g].txt,496
2959,@eliteftsofficial,elitefts.com — Dumbbell Press ala Mountian Dog Style [oTWQhjr7spw],@eliteftsofficial/elitefts.com — Dumbbell Press ala Mountian Dog Style [oTWQhjr7spw].txt,55
2960,@eliteftsofficial,elitefts.com—Skip Hill Seminar (Part 1) [bqdY1BMRB_4],@eliteftsofficial/elitefts.com—Skip Hill Seminar (Part 1) [bqdY1BMRB_4].txt,5532
2961,@eliteftsofficial,Train Your Ass Off with Dave Tate： More Bench Press ｜ elitefts.com [yR_Ux6e7gWw],@eliteftsofficial/Train Your Ass Off with Dave Tate： More Bench Press ｜ elitefts.com [yR_Ux6e7gWw].txt,2453
2962,@eliteftsofficial,elitefts.com — Roundtable with Our Fast-Rising Young Team Members [90SRYd15Zcg],@eliteftsofficial/elitefts.com — Roundtable with Our Fast-Rising Young Team Members [90SRYd15Zcg].txt,4943
2963,@eliteftsofficial,elitefts.com - Strong(her) Back Training [QFe2tb5nj1c],@eliteftsofficial/elitefts.com - Strong(her) Back Training [QFe2tb5nj1c].txt,81
2964,@eliteftsofficial,elitefts.com — Get to Know Greg McCoy [qMdm6A2HwxU],@eliteftsofficial/elitefts.com — Get to Know Greg McCoy [qMdm6A2HwxU].txt,1167
2965,@eliteftsofficial,Elitefts.com - John Meadows Kettelbell Rows [wQoFNiDwNYM],@eliteftsofficial/Elitefts.com - John Meadows Kettelbell Rows [wQoFNiDwNYM].txt,1
2966,@eliteftsofficial,elitefts.com — Shelby Starnes： Video Inquisition (Part 1) [B9em9EDXA2E],@eliteftsofficial/elitefts.com — Shelby Starnes： Video Inquisition (Part 1) [B9em9EDXA2E].txt,449
2967,@eliteftsofficial,Elitefts - Croc Lock Crappy Video Take 1 [fZjgACWItOw],@eliteftsofficial/Elitefts - Croc Lock Crappy Video Take 1 [fZjgACWItOw].txt,970
2968,@eliteftsofficial,Welcome to the OFFICIAL elitefts channel [GFgqO0YAKVs],@eliteftsofficial/Welcome to the OFFICIAL elitefts channel [GFgqO0YAKVs].txt,2
2969,@eliteftsofficial,elitefts.com — Nutritionist Kristin Stull discusses some basic diet pointers [iY3qrP2T9bA],@eliteftsofficial/elitefts.com — Nutritionist Kristin Stull discusses some basic diet pointers [iY3qrP2T9bA].txt,1026
2970,@eliteftsofficial,elitefts.com–Single Leg RDL⧸ GM Progressions [Y62WPbnWRhY],@eliteftsofficial/elitefts.com–Single Leg RDL⧸ GM Progressions [Y62WPbnWRhY].txt,1400
2971,@eliteftsofficial,elitefts.com - Clint Darden Gives Tips on Improving the Log Press [IJIKrOYVfjE],@eliteftsofficial/elitefts.com - Clint Darden Gives Tips on Improving the Log Press [IJIKrOYVfjE].txt,1393
2972,@eliteftsofficial,elitefts.com — Vincent Dizenzo from the Big Seminar (Part 2) [RCRDhcBohDU],@eliteftsofficial/elitefts.com — Vincent Dizenzo from the Big Seminar (Part 2) [RCRDhcBohDU].txt,1004
2973,@eliteftsofficial,Finisher Friday： Upper Back Rope Rampage ｜ elitefts.com [_xR4z-fybHo],@eliteftsofficial/Finisher Friday： Upper Back Rope Rampage ｜ elitefts.com [_xR4z-fybHo].txt,396
2974,@eliteftsofficial,elitefts.com - Sprinting Problems-Prowler Solutions w⧸Joe DeFranco [pyzmCThiLl0],@eliteftsofficial/elitefts.com - Sprinting Problems-Prowler Solutions w⧸Joe DeFranco [pyzmCThiLl0].txt,256
2975,@eliteftsofficial,Joe Sullivan Heavy Deadlift Session ｜ elitefts.com [nCQHp9qNUtU],@eliteftsofficial/Joe Sullivan Heavy Deadlift Session ｜ elitefts.com [nCQHp9qNUtU].txt,1782
2976,@eliteftsofficial,elitefts.com — Michael Stuchiner： Video Inquisition (Part 1) [RzYnuw150hU],@eliteftsofficial/elitefts.com — Michael Stuchiner： Video Inquisition (Part 1) [RzYnuw150hU].txt,864
2977,@eliteftsofficial,elitefts.com - Sports Performance Summit (quick spotlight) [1KydTS5CzYQ],@eliteftsofficial/elitefts.com - Sports Performance Summit (quick spotlight) [1KydTS5CzYQ].txt,4
2978,@eliteftsofficial,elitefts.com - The Science and Strength of Scott Stevenson (Part 1) [_PkDrbpx8l0],@eliteftsofficial/elitefts.com - The Science and Strength of Scott Stevenson (Part 1) [_PkDrbpx8l0].txt,3941
2979,@eliteftsofficial,elitefts.com — Log Clean & Press Combination [x6YXhcCV49k],@eliteftsofficial/elitefts.com — Log Clean & Press Combination [x6YXhcCV49k].txt,24
2980,@eliteftsofficial,elitefts.com - The Best Knee Wraps on the Market [7X_NK8SitZc],@eliteftsofficial/elitefts.com - The Best Knee Wraps on the Market [7X_NK8SitZc].txt,1069
2981,@eliteftsofficial,elitefts.com—Skip Hill Seminar (Part 4) [FxeU-wqBqk4],@eliteftsofficial/elitefts.com—Skip Hill Seminar (Part 4) [FxeU-wqBqk4].txt,5040
2982,@eliteftsofficial,Kettlebell Tate Presses - Meadows [rWrZaediR6s],@eliteftsofficial/Kettlebell Tate Presses - Meadows [rWrZaediR6s].txt,46
2983,@eliteftsofficial,elitefts.com — Michael Stuchiner： Video Inquisition (Part 2) [_96vSiJUFdw],@eliteftsofficial/elitefts.com — Michael Stuchiner： Video Inquisition (Part 2) [_96vSiJUFdw].txt,1584
2984,@eliteftsofficial,elitefts.com - What would you change in powerlifting？ (Part 1 of 4) [Vf58T20BqdQ],@eliteftsofficial/elitefts.com - What would you change in powerlifting？ (Part 1 of 4) [Vf58T20BqdQ].txt,1723
2985,@eliteftsofficial,Kettle Bell Exercises - elitefts.com [9SmdG_-dYbA],@eliteftsofficial/Kettle Bell Exercises - elitefts.com [9SmdG_-dYbA].txt,723
2986,@eliteftsofficial,Tips for Powerlifters & Physique Competitors on Staying Lean - elitefts.com [okKgAG4DSLc],@eliteftsofficial/Tips for Powerlifters & Physique Competitors on Staying Lean - elitefts.com [okKgAG4DSLc].txt,806
2987,@eliteftsofficial,elitefts.com - Resisted Sprints with the Prowler [bns5u17JmM4],@eliteftsofficial/elitefts.com - Resisted Sprints with the Prowler [bns5u17JmM4].txt,421
2988,@eliteftsofficial,The Bulgarian Split Squat： Which Side Should You Load？ ｜ elitefts.com [1GkQNVWXBp4],@eliteftsofficial/The Bulgarian Split Squat： Which Side Should You Load？ ｜ elitefts.com [1GkQNVWXBp4].txt,861
2989,@eliteftsofficial,elitefts.com - Dave Tate Trains Legs with Bodybuilding Pros [opSXeSZcYWk],@eliteftsofficial/elitefts.com - Dave Tate Trains Legs with Bodybuilding Pros [opSXeSZcYWk].txt,1
2990,@eliteftsofficial,elitefts.com - Single Leg Sprints using an Agility Ladder [oaqdj1eYdbE],@eliteftsofficial/elitefts.com - Single Leg Sprints using an Agility Ladder [oaqdj1eYdbE].txt,319
2991,@eliteftsofficial,The Thing About Westside Barbell That Nobody Talks About ｜ elitefts.com [eWIydwozwv0],@eliteftsofficial/The Thing About Westside Barbell That Nobody Talks About ｜ elitefts.com [eWIydwozwv0].txt,693
2992,@eliteftsofficial,"elitefts.com — Last Squat Squat with Ben Pakulski, John Meadows and Dave Tate [czuIaLZxX2U]","@eliteftsofficial/elitefts.com — Last Squat Squat with Ben Pakulski, John Meadows and Dave Tate [czuIaLZxX2U].txt",118
2993,@eliteftsofficial,elitefts.com - Ken Jackson supersets Leg Curls with Machine Squats [Q-ILsIJCcUE],@eliteftsofficial/elitefts.com - Ken Jackson supersets Leg Curls with Machine Squats [Q-ILsIJCcUE].txt,4
2994,@eliteftsofficial,elitefts.com—Mini-Band Shoulder Circuit (high position) [avhPFlhAcMs],@eliteftsofficial/elitefts.com—Mini-Band Shoulder Circuit (high position) [avhPFlhAcMs].txt,692
2995,@eliteftsofficial,elitefts.com - IFBB Pro Ken Jackson Slight Incline Press 175 Pound Dumbbells [fJMBwfDHHCU],@eliteftsofficial/elitefts.com - IFBB Pro Ken Jackson Slight Incline Press 175 Pound Dumbbells [fJMBwfDHHCU].txt,4
2996,@eliteftsofficial,elitefts.com - Justin Harris Talks Amino Acids & Red Meats [5RwN45KNmD8],@eliteftsofficial/elitefts.com - Justin Harris Talks Amino Acids & Red Meats [5RwN45KNmD8].txt,682
2997,@eliteftsofficial,elitefts.com—Glute Ham Raise - COG Change & 1.5 Reps [H-cTX7CKguc],@eliteftsofficial/elitefts.com—Glute Ham Raise - COG Change & 1.5 Reps [H-cTX7CKguc].txt,348
2998,@eliteftsofficial,elitefts.com — Close Grip Bench Press with Shoulder Saver Pad (Cluster Set) [nWXRxZV4Ets],@eliteftsofficial/elitefts.com — Close Grip Bench Press with Shoulder Saver Pad (Cluster Set) [nWXRxZV4Ets].txt,54
2999,@eliteftsofficial,elitefts.com — The Last Set Pin Pulls with Iso's [oG-lWafxchQ],@eliteftsofficial/elitefts.com — The Last Set Pin Pulls with Iso's [oG-lWafxchQ].txt,21
3000,@eliteftsofficial,elitefts.com — Mountian Dog Training (leg tri-set) [7HF_soYi9qM],@eliteftsofficial/elitefts.com — Mountian Dog Training (leg tri-set) [7HF_soYi9qM].txt,56
3001,@eliteftsofficial,elitefts.com - PLEXP2 Takes Off! [mZNkaKa2gac],@eliteftsofficial/elitefts.com - PLEXP2 Takes Off! [mZNkaKa2gac].txt,0
3002,@eliteftsofficial,elitefts.com — Questions with Clint (Part 1) [90nCd3Bm3Xs],@eliteftsofficial/elitefts.com — Questions with Clint (Part 1) [90nCd3Bm3Xs].txt,1902
3003,@eliteftsofficial,Elitefts Tear Drop Tricep Strap [X3fwrO4cRb0],@eliteftsofficial/Elitefts Tear Drop Tricep Strap [X3fwrO4cRb0].txt,387
3004,@eliteftsofficial,elitefts.com—Eric Maroscher： Video Inquisition (Part 2) [rMRI0PZnFQc],@eliteftsofficial/elitefts.com—Eric Maroscher： Video Inquisition (Part 2) [rMRI0PZnFQc].txt,810
3005,@eliteftsofficial,Dave Tate Squat Strip Set 10⧸10⧸15 - elitefts.com [Y3LW_rgBDwY],@eliteftsofficial/Dave Tate Squat Strip Set 10⧸10⧸15 - elitefts.com [Y3LW_rgBDwY].txt,101
3006,@eliteftsofficial,Dave Tate and Doug Heath Talk Meet Stories & Funny Louie Simmons Story ｜ elitefts.com [AGUXh1ZyErs],@eliteftsofficial/Dave Tate and Doug Heath Talk Meet Stories & Funny Louie Simmons Story ｜ elitefts.com [AGUXh1ZyErs].txt,2950
3007,@eliteftsofficial,Elitefts™ Glute-Raise w⧸ Eccentric Loading [DbDYTQPc1N4],@eliteftsofficial/Elitefts™ Glute-Raise w⧸ Eccentric Loading [DbDYTQPc1N4].txt,223
3008,@eliteftsofficial,elitefts.com — Meanwhile at the Compound [owAERp3Ykqk],@eliteftsofficial/elitefts.com — Meanwhile at the Compound [owAERp3Ykqk].txt,4
3009,@eliteftsofficial,elitefts.com — Yoke Bar High Box Squats From Dave Tate's Training Log [veEj85MU-8I],@eliteftsofficial/elitefts.com — Yoke Bar High Box Squats From Dave Tate's Training Log [veEj85MU-8I].txt,3
3010,@eliteftsofficial,elitefts.com -— Pit Shark High Squats [rJPdwJcifr8],@eliteftsofficial/elitefts.com -— Pit Shark High Squats [rJPdwJcifr8].txt,22
3011,@eliteftsofficial,Swede Burns & Dave Tate Discuss Bar Position For The Squat ｜ elitefts.com [fZR-3Y8bpk0],@eliteftsofficial/Swede Burns & Dave Tate Discuss Bar Position For The Squat ｜ elitefts.com [fZR-3Y8bpk0].txt,1094
3012,@eliteftsofficial,elitefts.com — LTT7 Q&A (Part 5) [X79_pE8ky9Q],@eliteftsofficial/elitefts.com — LTT7 Q&A (Part 5) [X79_pE8ky9Q].txt,956
3013,@eliteftsofficial,elitefts.com - Chris Janek Talks XPC 2015 Results [biDfF6f9dxQ],@eliteftsofficial/elitefts.com - Chris Janek Talks XPC 2015 Results [biDfF6f9dxQ].txt,138
3014,@eliteftsofficial,elitefts.com - Whethams Demonstrate the Kettlebell Snatch [6kfdLbOP9pQ],@eliteftsofficial/elitefts.com - Whethams Demonstrate the Kettlebell Snatch [6kfdLbOP9pQ].txt,1403
3015,@eliteftsofficial,elitefts.com — Chain Push Ups (strip set) [694e4DlwTOw],@eliteftsofficial/elitefts.com — Chain Push Ups (strip set) [694e4DlwTOw].txt,108
3016,@eliteftsofficial,elitefts.com — Prone Rows - John Meadows - Mountain Dog Back Day [_Bm9cmVNd8s],@eliteftsofficial/elitefts.com — Prone Rows - John Meadows - Mountain Dog Back Day [_Bm9cmVNd8s].txt,2
3017,@eliteftsofficial,elitefts.com — LTT7 Q&A (Part 2) [FrySkpFSpsI],@eliteftsofficial/elitefts.com — LTT7 Q&A (Part 2) [FrySkpFSpsI].txt,769
3018,@eliteftsofficial,elitefts.com—Board Press Technique for Sports Performance [hQkg2MK0t8Y],@eliteftsofficial/elitefts.com—Board Press Technique for Sports Performance [hQkg2MK0t8Y].txt,506
3019,@eliteftsofficial,Train Your Ass Off with Dave Tate： The Deadlift ｜ elitefts.com [W2kYY0iLNiA],@eliteftsofficial/Train Your Ass Off with Dave Tate： The Deadlift ｜ elitefts.com [W2kYY0iLNiA].txt,1327
3020,@eliteftsofficial,elitefts.com - Outrageous Meet Handling Advice! [C2WlQcPI6r8],@eliteftsofficial/elitefts.com - Outrageous Meet Handling Advice! [C2WlQcPI6r8].txt,82
3021,@eliteftsofficial,elitefts.com - Adjusting the Glute-Ham Raise to Optimize Your Training [8w6nkNnE3-M],@eliteftsofficial/elitefts.com - Adjusting the Glute-Ham Raise to Optimize Your Training [8w6nkNnE3-M].txt,876
3022,@eliteftsofficial,Dave Tate and Casey Williams Train Chest - elitefts.com [HUDkRF5eyYk],@eliteftsofficial/Dave Tate and Casey Williams Train Chest - elitefts.com [HUDkRF5eyYk].txt,55
3023,@eliteftsofficial,elitefts.com - Sports Performance Training Summit Promo [4etAty8LoSo],@eliteftsofficial/elitefts.com - Sports Performance Training Summit Promo [4etAty8LoSo].txt,0
3024,@eliteftsofficial,elitefts.com — SS Yoke Squat Reverse Band Squats [39BfgXdMYkY],@eliteftsofficial/elitefts.com — SS Yoke Squat Reverse Band Squats [39BfgXdMYkY].txt,8
3025,@eliteftsofficial,elitefts.com—Conquering the Elite Total at WPC Worlds [DdZbmQEoRvk],@eliteftsofficial/elitefts.com—Conquering the Elite Total at WPC Worlds [DdZbmQEoRvk].txt,932
3026,@eliteftsofficial,What are the best core exercises？ - TABLE TALK - elitefts.com [HcpmTYabfcw],@eliteftsofficial/What are the best core exercises？ - TABLE TALK - elitefts.com [HcpmTYabfcw].txt,1907
3027,@eliteftsofficial,Should Bigger Lifters Pull Sumo or Conventional？ ｜ elitefts.com [Won7cJ_lHe8],@eliteftsofficial/Should Bigger Lifters Pull Sumo or Conventional？ ｜ elitefts.com [Won7cJ_lHe8].txt,756
3028,@eliteftsofficial,elitefts.com — Log Clean with Press Variations [OxR2s5Oy8fk],@eliteftsofficial/elitefts.com — Log Clean with Press Variations [OxR2s5Oy8fk].txt,12
3029,@eliteftsofficial,elitefts.com - Becoming a Mentor To Young Coaches [-qdbmdN2VIs],@eliteftsofficial/elitefts.com - Becoming a Mentor To Young Coaches [-qdbmdN2VIs].txt,7523
3030,@eliteftsofficial,elitefts.com - Mickey Belaineh Talks 2015 XPC's [HgWi_lU5p3Y],@eliteftsofficial/elitefts.com - Mickey Belaineh Talks 2015 XPC's [HgWi_lU5p3Y].txt,803
3031,@eliteftsofficial,elitefts.com — Mini-Band Shoulder Circuit (Low Position) [8mJuKO77jV8],@eliteftsofficial/elitefts.com — Mini-Band Shoulder Circuit (Low Position) [8mJuKO77jV8].txt,338
3032,@eliteftsofficial,elitefts.com — The Last Set： The Mystery Man Leg Press [5z_xMyCYobI],@eliteftsofficial/elitefts.com — The Last Set： The Mystery Man Leg Press [5z_xMyCYobI].txt,249
3033,@eliteftsofficial,elitefts.com - Marshall ＂Freakshow＂ Johnson talks about Dave Tate's Advice at the 2015 XPC's [tz1Wm9QnWmw],@eliteftsofficial/elitefts.com - Marshall ＂Freakshow＂ Johnson talks about Dave Tate's Advice at the 2015 XPC's [tz1Wm9QnWmw].txt,1975
3034,@eliteftsofficial,How To Train Your Ass Off with Dave Tate ｜ elitefts.com [E46WSNCFRQ8],@eliteftsofficial/How To Train Your Ass Off with Dave Tate ｜ elitefts.com [E46WSNCFRQ8].txt,946
3035,@eliteftsofficial,Elitefts.com - Saturday Training Motivation [DzgctxC754g],@eliteftsofficial/Elitefts.com - Saturday Training Motivation [DzgctxC754g].txt,195
3036,@eliteftsofficial,elitefts.com - Sherri Whetham Goes 9⧸9 at 2015 XPC's [wB0YkBrVCFE],@eliteftsofficial/elitefts.com - Sherri Whetham Goes 9⧸9 at 2015 XPC's [wB0YkBrVCFE].txt,249
3037,@eliteftsofficial,elitefts.com — Dr. Bryan Mann Interview (Part 3) [sRP-8XqvsKk],@eliteftsofficial/elitefts.com — Dr. Bryan Mann Interview (Part 3) [sRP-8XqvsKk].txt,443
3038,@eliteftsofficial,elitefts.com - Marshall Johnson talks XPC's 2015 [T2cuSmnGR4w],@eliteftsofficial/elitefts.com - Marshall Johnson talks XPC's 2015 [T2cuSmnGR4w].txt,131
3039,@eliteftsofficial,Casey Williams is DRIVEN - elitefts.com [sNGknOVZpeU],@eliteftsofficial/Casey Williams is DRIVEN - elitefts.com [sNGknOVZpeU].txt,393
3040,@eliteftsofficial,elitefts.com — John Meadows Leg Curls - Extended Set [T2MWNDD_j_8],@eliteftsofficial/elitefts.com — John Meadows Leg Curls - Extended Set [T2MWNDD_j_8].txt,1
3041,@eliteftsofficial,elitefts.com — Interview with Zack Khan and Mark Dugdale (Part 2) [8Odgj9pZWGY],@eliteftsofficial/elitefts.com — Interview with Zack Khan and Mark Dugdale (Part 2) [8Odgj9pZWGY].txt,2681
3042,@eliteftsofficial,elitefts.com — Dave Tate's LTT8 Seminar Presentation on Training Accessory Movements [FVkGPJ9zAsc],@eliteftsofficial/elitefts.com — Dave Tate's LTT8 Seminar Presentation on Training Accessory Movements [FVkGPJ9zAsc].txt,10054
3043,@eliteftsofficial,Passion Trumps Everything - elitefts.com [tR0G60Jrc9k],@eliteftsofficial/Passion Trumps Everything - elitefts.com [tR0G60Jrc9k].txt,198
3044,@eliteftsofficial,Three Favorite Hamstring⧸Glute Exercises - elitefts.com [c8V2PuLDf40],@eliteftsofficial/Three Favorite Hamstring⧸Glute Exercises - elitefts.com [c8V2PuLDf40].txt,262
3045,@eliteftsofficial,Quad Thrashing Circuit ｜ elitefts.com [n3gpdHtCsfA],@eliteftsofficial/Quad Thrashing Circuit ｜ elitefts.com [n3gpdHtCsfA].txt,1980
3046,@eliteftsofficial,elitefts.com - Two Agilty Ladder Drills for Lateral Speed Enhancement [Tbtx-LZYiIM],@eliteftsofficial/elitefts.com - Two Agilty Ladder Drills for Lateral Speed Enhancement [Tbtx-LZYiIM].txt,389
3047,@eliteftsofficial,Table Talk Rapid Fast Edition! - Instagram Questions Answered [jhlACaSLS68],@eliteftsofficial/Table Talk Rapid Fast Edition! - Instagram Questions Answered [jhlACaSLS68].txt,1424
3048,@eliteftsofficial,"elitefts.com — You Ask, We Answer (Round 3, Part 4) [jzWTAzKzxl4]","@eliteftsofficial/elitefts.com — You Ask, We Answer (Round 3, Part 4) [jzWTAzKzxl4].txt",1534
3049,@eliteftsofficial,elitefts.com - Chris ＂The Tank＂ Janek talks elitefts and Football Career [apUDjDFpN3M],@eliteftsofficial/elitefts.com - Chris ＂The Tank＂ Janek talks elitefts and Football Career [apUDjDFpN3M].txt,2065
3050,@eliteftsofficial,elitefts.com — Dave Tate Car Video [oiSDUcIyzKA],@eliteftsofficial/elitefts.com — Dave Tate Car Video [oiSDUcIyzKA].txt,35
3051,@eliteftsofficial,elitefts.com - Internships [pUqv-3JF-w0],@eliteftsofficial/elitefts.com - Internships [pUqv-3JF-w0].txt,2627
3052,@eliteftsofficial,elitefts.com — Bob Wahl and the ＂Snot-nosed Kid＂ [XulLYhaX0YM],@eliteftsofficial/elitefts.com — Bob Wahl and the ＂Snot-nosed Kid＂ [XulLYhaX0YM].txt,2737
3053,@eliteftsofficial,elitefts Takeover： How Jay Nera and Casey Williams Met ｜ elitefts.com [J5RBt2O3Zl0],@eliteftsofficial/elitefts Takeover： How Jay Nera and Casey Williams Met ｜ elitefts.com [J5RBt2O3Zl0].txt,1620
3054,@eliteftsofficial,Dave Tate’s Dragging Sled Workout for the Powerlifter ｜ elitefts.com [crE7rwUkVAo],@eliteftsofficial/Dave Tate’s Dragging Sled Workout for the Powerlifter ｜ elitefts.com [crE7rwUkVAo].txt,2271
3055,@eliteftsofficial,elitefts.com - Joey Smith on Staying Fat [fJgQeazm4ZI],@eliteftsofficial/elitefts.com - Joey Smith on Staying Fat [fJgQeazm4ZI].txt,31
3056,@eliteftsofficial,elitefts.com - Wrist Straps Product Overview [nZUvyOUFGv8],@eliteftsofficial/elitefts.com - Wrist Straps Product Overview [nZUvyOUFGv8].txt,1139
3057,@eliteftsofficial,What REALLY happens in the elitefts offices？ [gXQJAobXFHk],@eliteftsofficial/What REALLY happens in the elitefts offices？ [gXQJAobXFHk].txt,787
3058,@eliteftsofficial,How to Keep Strength While Adding Physique Training - elitefts.com [w89YOwg8RY4],@eliteftsofficial/How to Keep Strength While Adding Physique Training - elitefts.com [w89YOwg8RY4].txt,1031
3059,@eliteftsofficial,elitefts.com—Core Blaster Press Variations [l0QYrHdCRH8],@eliteftsofficial/elitefts.com—Core Blaster Press Variations [l0QYrHdCRH8].txt,398
3060,@eliteftsofficial,elitefts.com - SS Yoke Bar Variations [TsohvDknZfI],@eliteftsofficial/elitefts.com - SS Yoke Bar Variations [TsohvDknZfI].txt,927
3061,@eliteftsofficial,elitefts.com — Lateral Flexion with Stability Ball [Y4mQIESMb6w],@eliteftsofficial/elitefts.com — Lateral Flexion with Stability Ball [Y4mQIESMb6w].txt,0
3062,@eliteftsofficial,elitefts.com - How to Make it as a Strength Coach with Adam Feit [Yb33-ftIXrs],@eliteftsofficial/elitefts.com - How to Make it as a Strength Coach with Adam Feit [Yb33-ftIXrs].txt,1427
3063,@eliteftsofficial,"elitefts.com — You Ask, We Answer (Round 3, Part 2) [DQxYHuJjCKQ]","@eliteftsofficial/elitefts.com — You Ask, We Answer (Round 3, Part 2) [DQxYHuJjCKQ].txt",1670
3064,@eliteftsofficial,Dave Tate Training Log Sept 2016 [_gbXugY_J0U],@eliteftsofficial/Dave Tate Training Log Sept 2016 [_gbXugY_J0U].txt,20
3065,@eliteftsofficial,elitefts.com—Interview with Nick Showman of Showtime Strength & Performance [O7LMj9Z2abg],@eliteftsofficial/elitefts.com—Interview with Nick Showman of Showtime Strength & Performance [O7LMj9Z2abg].txt,878
3066,@eliteftsofficial,elitefts.com - Bulgerian Split Squat Death Set [GLld7RYWbqs],@eliteftsofficial/elitefts.com - Bulgerian Split Squat Death Set [GLld7RYWbqs].txt,61
3067,@eliteftsofficial,elitefts.com - TABLE TALK IS BACK! ＂What would you have done differently 10 years ago？ [e1dblHJizu4],@eliteftsofficial/elitefts.com - TABLE TALK IS BACK! ＂What would you have done differently 10 years ago？ [e1dblHJizu4].txt,1655
3068,@eliteftsofficial,elitefts.com—Band TKE & Heel Touchdown [FxodpTW8_aM],@eliteftsofficial/elitefts.com—Band TKE & Heel Touchdown [FxodpTW8_aM].txt,865
3069,@eliteftsofficial,Elitefts.com - 225 Bench x Suck [mz6LNAuKdMY],@eliteftsofficial/Elitefts.com - 225 Bench x Suck [mz6LNAuKdMY].txt,1
3070,@eliteftsofficial,Breaking The Deadlift Plateau - elitefts.com [MWFcrQ0EDyU],@eliteftsofficial/Breaking The Deadlift Plateau - elitefts.com [MWFcrQ0EDyU].txt,1126
3071,@eliteftsofficial,Wayne Pullum Talks about elitefts Equipment at the WPC World Championships [4Uc0yPDI-jw],@eliteftsofficial/Wayne Pullum Talks about elitefts Equipment at the WPC World Championships [4Uc0yPDI-jw].txt,87
3072,@eliteftsofficial,elitefts.com—Mid-Back Extension ⧸ Upper Back Shrug [BHBAkE8eF14],@eliteftsofficial/elitefts.com—Mid-Back Extension ⧸ Upper Back Shrug [BHBAkE8eF14].txt,185
3073,@eliteftsofficial,elitefts.com—DB Incline Press Variations [tY4AB3HUQtM],@eliteftsofficial/elitefts.com—DB Incline Press Variations [tY4AB3HUQtM].txt,422
3074,@eliteftsofficial,elitefts.com—Strength Coach Q&A： First-Year Athletes [tQwYdeGrLCE],@eliteftsofficial/elitefts.com—Strength Coach Q&A： First-Year Athletes [tQwYdeGrLCE].txt,1114
3075,@eliteftsofficial,elitefts.com—Dave Tate Takes Control of Mountain Dog Training： Chest Supported Rows [HpqGX1tqsdE],@eliteftsofficial/elitefts.com—Dave Tate Takes Control of Mountain Dog Training： Chest Supported Rows [HpqGX1tqsdE].txt,3
3076,@eliteftsofficial,elitefts.com — LTT7 Q&A (Part 3) [34jZt_BrwGM],@eliteftsofficial/elitefts.com — LTT7 Q&A (Part 3) [34jZt_BrwGM].txt,748
3077,@eliteftsofficial,elitefts.com—Incline Press 101 [aCCloRZiFZg],@eliteftsofficial/elitefts.com—Incline Press 101 [aCCloRZiFZg].txt,857
3078,@eliteftsofficial,elitefts.com — Close Grip Bench Press [k_rFKebRHlk],@eliteftsofficial/elitefts.com — Close Grip Bench Press [k_rFKebRHlk].txt,0
3079,@eliteftsofficial,Into the void  - EXTENDED VERSION (explicit) [Om-i9D0qeRo],@eliteftsofficial/Into the void  - EXTENDED VERSION (explicit) [Om-i9D0qeRo].txt,619
3080,@eliteftsofficial,elitefts.com - A Better Way to Train High School Athletes [z4tIIDOtQIE],@eliteftsofficial/elitefts.com - A Better Way to Train High School Athletes [z4tIIDOtQIE].txt,5893
3081,@eliteftsofficial,Elitefts： Comfort Grip Lat Pulls [bShiclsMsC8],@eliteftsofficial/Elitefts： Comfort Grip Lat Pulls [bShiclsMsC8].txt,1
3082,@eliteftsofficial,Preworkout Training Circuits - elitefts.com [Of8-k4pPXYg],@eliteftsofficial/Preworkout Training Circuits - elitefts.com [Of8-k4pPXYg].txt,3731
3083,@eliteftsofficial,Mark Bell Makes Dave Tate Emotional ｜ elitefts.com [H-5TpbFvabc],@eliteftsofficial/Mark Bell Makes Dave Tate Emotional ｜ elitefts.com [H-5TpbFvabc].txt,1331
3084,@eliteftsofficial,elitefts.com–Low Hurdle Hop Drills [KBI13M93BA0],@eliteftsofficial/elitefts.com–Low Hurdle Hop Drills [KBI13M93BA0].txt,994
3085,@eliteftsofficial,elitefts.com — Casey Williams Totals 2000 Pounds at 2013 IPA Nationals! [m27p39fwIik],@eliteftsofficial/elitefts.com — Casey Williams Totals 2000 Pounds at 2013 IPA Nationals! [m27p39fwIik].txt,56
3086,@eliteftsofficial,elitefts.com — Matt Goodwin doing some heavy benches with chains (10⧸20⧸13) [-nDrGkdKicU],@eliteftsofficial/elitefts.com — Matt Goodwin doing some heavy benches with chains (10⧸20⧸13) [-nDrGkdKicU].txt,6
3087,@eliteftsofficial,elitefts.com — So You Think You Can Deadlift？ (Part 7) [YmFGBeC9eRM],@eliteftsofficial/elitefts.com — So You Think You Can Deadlift？ (Part 7) [YmFGBeC9eRM].txt,295
3088,@eliteftsofficial,elitefts.com — Shelby Starnes： Video Inquisition (Part 3) [CfQy2TdJBbY],@eliteftsofficial/elitefts.com — Shelby Starnes： Video Inquisition (Part 3) [CfQy2TdJBbY].txt,575
3089,@eliteftsofficial,elitefts.com—The Band Back-Pack for Bodyweight Movements [woeti9dyql4],@eliteftsofficial/elitefts.com—The Band Back-Pack for Bodyweight Movements [woeti9dyql4].txt,219
3090,@eliteftsofficial,elitefts.com — StrongHer Leg Day [ycSIi_0lDTw],@eliteftsofficial/elitefts.com — StrongHer Leg Day [ycSIi_0lDTw].txt,208
3091,@eliteftsofficial,elitefts.com - Dave Tate Full Presentation PLEXP2 [a6TZ0KwpsU0],@eliteftsofficial/elitefts.com - Dave Tate Full Presentation PLEXP2 [a6TZ0KwpsU0].txt,2440
3092,@eliteftsofficial,elitefts.com - Vincent Dizenzo on the Bench Press (PLEXP2) [OUDKe-smoY4],@eliteftsofficial/elitefts.com - Vincent Dizenzo on the Bench Press (PLEXP2) [OUDKe-smoY4].txt,1142
3093,@eliteftsofficial,Finisher Friday： Overhead Press Strip Set ｜ elitefts.com [SLn2rmbKJoY],@eliteftsofficial/Finisher Friday： Overhead Press Strip Set ｜ elitefts.com [SLn2rmbKJoY].txt,414
3094,@eliteftsofficial,Elitefts.com - Close Grip Bench Press Chain Strip Set [6MzfUwSdz-Y],@eliteftsofficial/Elitefts.com - Close Grip Bench Press Chain Strip Set [6MzfUwSdz-Y].txt,1
3095,@eliteftsofficial,elitefts.com — So You Think You Can Deadlift？ (Part 3) [eNrV439zi54],@eliteftsofficial/elitefts.com — So You Think You Can Deadlift？ (Part 3) [eNrV439zi54].txt,557
3096,@eliteftsofficial,elitefts.com—WATCH： Team elitefts Shares What Change Led to Their Greatest Improvement [bkbc4xH5i9w],@eliteftsofficial/elitefts.com—WATCH： Team elitefts Shares What Change Led to Their Greatest Improvement [bkbc4xH5i9w].txt,1323
3097,@eliteftsofficial,Dave Tate and JM Blakley Discuss Their Powerlifting Careers Ending ｜ elitefts.com [FYEvyvBzYqI],@eliteftsofficial/Dave Tate and JM Blakley Discuss Their Powerlifting Careers Ending ｜ elitefts.com [FYEvyvBzYqI].txt,1856
3098,@eliteftsofficial,elitefts.com — Prone Dumbbell Shoulder Complex (YTALW combos) [1mbx74_PTmY],@eliteftsofficial/elitefts.com — Prone Dumbbell Shoulder Complex (YTALW combos) [1mbx74_PTmY].txt,355
3099,@eliteftsofficial,elitefts.com — LTT7 Q&A (Part 1) [5r0Wuf5xyIc],@eliteftsofficial/elitefts.com — LTT7 Q&A (Part 1) [5r0Wuf5xyIc].txt,261
3100,@eliteftsofficial,Strong(her)™ Video Spotlight on IFBB Figure Pro [uwvSndxC22c],@eliteftsofficial/Strong(her)™ Video Spotlight on IFBB Figure Pro [uwvSndxC22c].txt,2604
3101,@eliteftsofficial,Dave Tate's WORST injury - Table Talk - elitefts.com [1JgcHE59o4w],@eliteftsofficial/Dave Tate's WORST injury - Table Talk - elitefts.com [1JgcHE59o4w].txt,1297
3102,@eliteftsofficial,elitefts.com - Communication Strategies with Sports Coaches & Parents [XHECO4RUEvA],@eliteftsofficial/elitefts.com - Communication Strategies with Sports Coaches & Parents [XHECO4RUEvA].txt,6641
3103,@eliteftsofficial,elitefts.com - Indoor Spin Drill for Discus using PowerMax Grip Ball [MGMuWfLXUvk],@eliteftsofficial/elitefts.com - Indoor Spin Drill for Discus using PowerMax Grip Ball [MGMuWfLXUvk].txt,238
3104,@eliteftsofficial,elitefts.com—Coaches Clinic： Overhead Press Progressions [PdpAqy2zJ38],@eliteftsofficial/elitefts.com—Coaches Clinic： Overhead Press Progressions [PdpAqy2zJ38].txt,1039
3105,@eliteftsofficial,elitefts.com—Dave Tate Takes Control of Mountain Dog Training： Seated Face Pulls [jJrpQgv7T4c],@eliteftsofficial/elitefts.com—Dave Tate Takes Control of Mountain Dog Training： Seated Face Pulls [jJrpQgv7T4c].txt,1
3106,@eliteftsofficial,elitefts.com - Bob Youngs & Marshall ＂Freakshow＂ Johnson Talk Chains and Bands [2WJUN10etVM],@eliteftsofficial/elitefts.com - Bob Youngs & Marshall ＂Freakshow＂ Johnson Talk Chains and Bands [2WJUN10etVM].txt,442
3107,@eliteftsofficial,Elitefts.com - Slight Incline Chain Press [sORgiJDEfBA],@eliteftsofficial/Elitefts.com - Slight Incline Chain Press [sORgiJDEfBA].txt,11
3108,@eliteftsofficial,Are Bands a Bad Idea for Rotator Cuff Strengthening？ ｜ elitefts.com [iNqKLSLRMfQ],@eliteftsofficial/Are Bands a Bad Idea for Rotator Cuff Strengthening？ ｜ elitefts.com [iNqKLSLRMfQ].txt,359
3109,@eliteftsofficial,Mark Bell Recalls Telling Louie Simmons How He Squatted 1080lbs ｜ elitefts.com [oJxkeB-qI0Y],@eliteftsofficial/Mark Bell Recalls Telling Louie Simmons How He Squatted 1080lbs ｜ elitefts.com [oJxkeB-qI0Y].txt,861
3110,@eliteftsofficial,Reverse Swiss Bar JM Press With Chains [ZYGRKiBKKAQ],@eliteftsofficial/Reverse Swiss Bar JM Press With Chains [ZYGRKiBKKAQ].txt,1
3111,@eliteftsofficial,elitefts - Justin Harris on How He Got Dave Tate Shredded [jFWas7i210s],@eliteftsofficial/elitefts - Justin Harris on How He Got Dave Tate Shredded [jFWas7i210s].txt,2478
3112,@eliteftsofficial,elitefts.com - Joe Kenn on What it Takes to be a Great Strength Coach [tKguWGMK6WA],@eliteftsofficial/elitefts.com - Joe Kenn on What it Takes to be a Great Strength Coach [tKguWGMK6WA].txt,2339
3113,@eliteftsofficial,A different way to train your triceps [HpGj0vtLB6Y],@eliteftsofficial/A different way to train your triceps [HpGj0vtLB6Y].txt,171
3114,@eliteftsofficial,elitefts.com - Framework - The Delusionist at the elitefts S4 compound [OqYtSo1H3r8],@eliteftsofficial/elitefts.com - Framework - The Delusionist at the elitefts S4 compound [OqYtSo1H3r8].txt,172
3115,@eliteftsofficial,Arnold Sports Festival 2016 Part 1 - elitefts.com [c1y36uKz50s],@eliteftsofficial/Arnold Sports Festival 2016 Part 1 - elitefts.com [c1y36uKz50s].txt,130
3116,@eliteftsofficial,elitefts.com — Tear Drop Strap Segment Pushdowns [s2_4ZlEQmcA],@eliteftsofficial/elitefts.com — Tear Drop Strap Segment Pushdowns [s2_4ZlEQmcA].txt,109
3117,@eliteftsofficial,elitefts.com — Matt Goodwin On The Road [-wP3HQZ7uGI],@eliteftsofficial/elitefts.com — Matt Goodwin On The Road [-wP3HQZ7uGI].txt,882
3118,@eliteftsofficial,"elitefts.com - 1,2,3,4 Board Press [QMZtCAwMBZ4]","@eliteftsofficial/elitefts.com - 1,2,3,4 Board Press [QMZtCAwMBZ4].txt",857
3119,@eliteftsofficial,elitefts.com — Rotational Push Throw [XEsrt1F2rpA],@eliteftsofficial/elitefts.com — Rotational Push Throw [XEsrt1F2rpA].txt,169
3120,@eliteftsofficial,elitefts.com — Protrusion & Flexion on Erect-A-Rack Neck Attachment [v_GWkZZbCI0],@eliteftsofficial/elitefts.com — Protrusion & Flexion on Erect-A-Rack Neck Attachment [v_GWkZZbCI0].txt,35
3121,@eliteftsofficial,elitefts.com — Josh Bryant： Video Inquisition (Part 5) [mVsTBiuZAS8],@eliteftsofficial/elitefts.com — Josh Bryant： Video Inquisition (Part 5) [mVsTBiuZAS8].txt,1283
3122,@eliteftsofficial,Train Your Ass Off with Dave Tate： The Bench Press [PART 1] ｜ elitefts.com [pTFLZFX5Mfc],@eliteftsofficial/Train Your Ass Off with Dave Tate： The Bench Press [PART 1] ｜ elitefts.com [pTFLZFX5Mfc].txt,3092
3123,@eliteftsofficial,elitefts.com — John Meadows Side Raises with Chains [7r63QKQjStE],@eliteftsofficial/elitefts.com — John Meadows Side Raises with Chains [7r63QKQjStE].txt,17
3124,@eliteftsofficial,elitefts.com — Steve Colescott Interviews Figure Competitor Stina Tellhammer (Part 2) [GuJDJYHHQxE],@eliteftsofficial/elitefts.com — Steve Colescott Interviews Figure Competitor Stina Tellhammer (Part 2) [GuJDJYHHQxE].txt,864
3125,@eliteftsofficial,elitefts.com — Shelby Starnes： Video Inquisition (Part 2) [lW4VRS6DZ7A],@eliteftsofficial/elitefts.com — Shelby Starnes： Video Inquisition (Part 2) [lW4VRS6DZ7A].txt,523
3126,@eliteftsofficial,elitefts.com - Swede Burns and the Keyhole Barbell Mindset [dXHwU4Wwr2Y],@eliteftsofficial/elitefts.com - Swede Burns and the Keyhole Barbell Mindset [dXHwU4Wwr2Y].txt,710
3127,@eliteftsofficial,elitefts.com — Interview with Zack Khan and Mark Dugdale (Part 3) [k1Y6WgldKJ8],@eliteftsofficial/elitefts.com — Interview with Zack Khan and Mark Dugdale (Part 3) [k1Y6WgldKJ8].txt,2161
3128,@eliteftsofficial,elitefts.com — Josh Bryant： Video Inquisition (Part 2) [dRoIyu9t4Vg],@eliteftsofficial/elitefts.com — Josh Bryant： Video Inquisition (Part 2) [dRoIyu9t4Vg].txt,808
3129,@eliteftsofficial,elitefts.com—Single Leg Squat Progressions [CIt1mz5tV3Y],@eliteftsofficial/elitefts.com—Single Leg Squat Progressions [CIt1mz5tV3Y].txt,870
3130,@eliteftsofficial,What Age Should Kids Start Lifting Weights？ ｜ elitefts.com [Vk3nUm6_qVk],@eliteftsofficial/What Age Should Kids Start Lifting Weights？ ｜ elitefts.com [Vk3nUm6_qVk].txt,1456
3131,@eliteftsofficial,elitefts.com - Metabolic Conditioning with the Double Kettlebell Snatch [dRi22J2dx1k],@eliteftsofficial/elitefts.com - Metabolic Conditioning with the Double Kettlebell Snatch [dRi22J2dx1k].txt,520
3132,@eliteftsofficial,elitefts.com - elitefts.com - Technical Demonstrat [OuYHczIP4gU],@eliteftsofficial/elitefts.com - elitefts.com - Technical Demonstrat [OuYHczIP4gU].txt,1063
3133,@eliteftsofficial,master_transcript1,@eliteftsofficial/master_transcript1.txt,535843
3134,@eliteftsofficial,elitefts.com—Core Blaster Rotational Power Exerciess [saWXQsyWN-Y],@eliteftsofficial/elitefts.com—Core Blaster Rotational Power Exerciess [saWXQsyWN-Y].txt,379
3135,@eliteftsofficial,Dave Tate Exposes Fitness Hacks ｜ elitefts [8Q9027alHNk],@eliteftsofficial/Dave Tate Exposes Fitness Hacks ｜ elitefts [8Q9027alHNk].txt,3964
3136,@eliteftsofficial,elitefts.com—4x1 Prowler® Circuit [u3PwKbY_Qag],@eliteftsofficial/elitefts.com—4x1 Prowler® Circuit [u3PwKbY_Qag].txt,324
3137,@eliteftsofficial,Technique Teardown with Dave Tate： Episode 5 ｜ elitefts.com [2q5RErI0eAY],@eliteftsofficial/Technique Teardown with Dave Tate： Episode 5 ｜ elitefts.com [2q5RErI0eAY].txt,961
3138,@eliteftsofficial,elitefts.com - Clint Darden Reveals Secrets About The Farmers Walk [c1TqAupiCMA],@eliteftsofficial/elitefts.com - Clint Darden Reveals Secrets About The Farmers Walk [c1TqAupiCMA].txt,957
3139,@eliteftsofficial,elitefts.com — Universal Nutrition ⧸ Animal Roundtable (Part 3) [9UzXk5ZHoOc],@eliteftsofficial/elitefts.com — Universal Nutrition ⧸ Animal Roundtable (Part 3) [9UzXk5ZHoOc].txt,4291
3140,@eliteftsofficial,Dave Tate & Derek Dolgner Train Legs - elitefts.co [UIeTQag1f3c],@eliteftsofficial/Dave Tate & Derek Dolgner Train Legs - elitefts.co [UIeTQag1f3c].txt,9
3141,@eliteftsofficial,elitefts.com — So You Think You Can Deadlift？ (Part 5) [vV3BGGfgcTU],@eliteftsofficial/elitefts.com — So You Think You Can Deadlift？ (Part 5) [vV3BGGfgcTU].txt,505
3142,@eliteftsofficial,elitefts.com - 4 Step Coaching Process [bbzBdavS3VM],@eliteftsofficial/elitefts.com - 4 Step Coaching Process [bbzBdavS3VM].txt,3330
3143,@eliteftsofficial,elitefts.com - Strongman & Biochemistry w⧸ Mike Mastell [EQ0svgUplcM],@eliteftsofficial/elitefts.com - Strongman & Biochemistry w⧸ Mike Mastell [EQ0svgUplcM].txt,1105
3144,@eliteftsofficial,elitefts.com — Dr. Bryan Mann Interview (Part 4) [jSNFa_eUuJY],@eliteftsofficial/elitefts.com — Dr. Bryan Mann Interview (Part 4) [jSNFa_eUuJY].txt,238
3145,@eliteftsofficial,elitefts.com—Band Assisted Pull-up Variations [jgLEjZtwPcw],@eliteftsofficial/elitefts.com—Band Assisted Pull-up Variations [jgLEjZtwPcw].txt,375
3146,@eliteftsofficial,elitefts.com - Three Mobility Drills to Improve the Squat and Reduce Knee Pain [zhjeDqBipig],@eliteftsofficial/elitefts.com - Three Mobility Drills to Improve the Squat and Reduce Knee Pain [zhjeDqBipig].txt,1868
3147,@eliteftsofficial,Dave Tate Reminisces About His Early Days As a Trainer ｜ elitefts.com [cMuJ48Xy_Gc],@eliteftsofficial/Dave Tate Reminisces About His Early Days As a Trainer ｜ elitefts.com [cMuJ48Xy_Gc].txt,1197
3148,@eliteftsofficial,elitefts.com — Chad Aichs Interview (Part 5) [Q9vBija5evc],@eliteftsofficial/elitefts.com — Chad Aichs Interview (Part 5) [Q9vBija5evc].txt,1573
3149,@eliteftsofficial,elitefts.com — Josh Bryant： Video Inquisition (Part 1) [8tCgng7ERGk],@eliteftsofficial/elitefts.com — Josh Bryant： Video Inquisition (Part 1) [8tCgng7ERGk].txt,1200
3150,@eliteftsofficial,elitefts.com — Rotational Push Throw Variations [TdQHPjOmUDk],@eliteftsofficial/elitefts.com — Rotational Push Throw Variations [TdQHPjOmUDk].txt,4
3151,@eliteftsofficial,How Tricep Extensions Can Improve Your Bench Press ｜ elitefts.com [1_Y7Uu5kFAY],@eliteftsofficial/How Tricep Extensions Can Improve Your Bench Press ｜ elitefts.com [1_Y7Uu5kFAY].txt,623
3152,@eliteftsofficial,The NEW elitefts [j4OjCAxtx30],@eliteftsofficial/The NEW elitefts [j4OjCAxtx30].txt,0
3153,@eliteftsofficial,elitefts.com — Blast Strap™ Shoulder Circuit [tsrcsH3uy0k],@eliteftsofficial/elitefts.com — Blast Strap™ Shoulder Circuit [tsrcsH3uy0k].txt,433
3154,@eliteftsofficial,Elitefts.com - Dave Tate Reverse Band Bench Pressing with Shoulder Saver Pad [l11RMJmx2m8],@eliteftsofficial/Elitefts.com - Dave Tate Reverse Band Bench Pressing with Shoulder Saver Pad [l11RMJmx2m8].txt,42
3155,@eliteftsofficial,elitefts.com — Reverse Band JM Presses [q3CcuTaZ44c],@eliteftsofficial/elitefts.com — Reverse Band JM Presses [q3CcuTaZ44c].txt,52
3156,@eliteftsofficial,elitefts.com - Smitey's 565-Pound Squat Breaks 132 Class World Record [X9zcKc5omMI],@eliteftsofficial/elitefts.com - Smitey's 565-Pound Squat Breaks 132 Class World Record [X9zcKc5omMI].txt,366
3157,@eliteftsofficial,elitefts.com — Senior Content Manager Steve Colescott taking a 510 squat on 10-12-13 [m4f0e5qMIeQ],@eliteftsofficial/elitefts.com — Senior Content Manager Steve Colescott taking a 510 squat on 10-12-13 [m4f0e5qMIeQ].txt,6
3158,@eliteftsofficial,elitefts.com — Tate Leg Training Excerpt - 6 Months after Total Hip Replacement [u1VW1zenyhk],@eliteftsofficial/elitefts.com — Tate Leg Training Excerpt - 6 Months after Total Hip Replacement [u1VW1zenyhk].txt,38
3159,@eliteftsofficial,elitefts.com -— Another Day In The Gym [Cb3K23JlBuk],@eliteftsofficial/elitefts.com -— Another Day In The Gym [Cb3K23JlBuk].txt,149
3160,@eliteftsofficial,elitefts.com — Freak Critique： Adam Driggers' Deadlift [mCCBT1HUp_k],@eliteftsofficial/elitefts.com — Freak Critique： Adam Driggers' Deadlift [mCCBT1HUp_k].txt,411
3161,@eliteftsofficial,How JM Blakley and Dave Tate Built Tendon Strength ｜ elitefts.com [dwYdyDa01wQ],@eliteftsofficial/How JM Blakley and Dave Tate Built Tendon Strength ｜ elitefts.com [dwYdyDa01wQ].txt,2039
3162,@eliteftsofficial,"elitefts Table Talk Podcast #50 - Jim Wendler, Vincent Dizenzo & Matt Rhodes ｜ elitefts.com [2vhwq847AV4]","@eliteftsofficial/elitefts Table Talk Podcast #50 - Jim Wendler, Vincent Dizenzo & Matt Rhodes ｜ elitefts.com [2vhwq847AV4].txt",33543
3163,@eliteftsofficial,The Corporate Meathead with Dan Dalenberg ｜ elitefts.com [vccLk4Hr7e8],@eliteftsofficial/The Corporate Meathead with Dan Dalenberg ｜ elitefts.com [vccLk4Hr7e8].txt,1385
3164,@eliteftsofficial,Do Some Training Programs Only Work If You Take PEDs？ - elitefts.com [2YBT1e1kP6Y],@eliteftsofficial/Do Some Training Programs Only Work If You Take PEDs？ - elitefts.com [2YBT1e1kP6Y].txt,482
3165,@eliteftsofficial,elitefts.com — XPC Finals： Day 2 [1nqLpmKq6-0],@eliteftsofficial/elitefts.com — XPC Finals： Day 2 [1nqLpmKq6-0].txt,1554
3166,@eliteftsofficial,elitefts.com - Buddy Morris Parenting Advice [AWzeXBSluZc],@eliteftsofficial/elitefts.com - Buddy Morris Parenting Advice [AWzeXBSluZc].txt,142
3167,@eliteftsofficial,elitefts.com - Indoor Rotational Throw using PowerMax Grip Ball [QJfAnPJ3cSg],@eliteftsofficial/elitefts.com - Indoor Rotational Throw using PowerMax Grip Ball [QJfAnPJ3cSg].txt,483
3168,@eliteftsofficial,elitefts.com — JL Holdsworth Competes at 2014 WPC Worlds [FQl_9_C09No],@eliteftsofficial/elitefts.com — JL Holdsworth Competes at 2014 WPC Worlds [FQl_9_C09No].txt,1823
3169,@eliteftsofficial,This One Time at Westside Barbell...｜ elitefts.com [EU-V1TbT4vY],@eliteftsofficial/This One Time at Westside Barbell...｜ elitefts.com [EU-V1TbT4vY].txt,2032
3170,@eliteftsofficial,OH CRAP Edition - Women and Weight Gain - Table Talk [2EC3jYhnEYU],@eliteftsofficial/OH CRAP Edition - Women and Weight Gain - Table Talk [2EC3jYhnEYU].txt,2132
3171,@eliteftsofficial,elitefts.com—Teaching the Athletic Power Position [FKrZQgBCpAc],@eliteftsofficial/elitefts.com—Teaching the Athletic Power Position [FKrZQgBCpAc].txt,899
3172,@eliteftsofficial,elitefts.com - PLEXP2 Event Overview [Dtc26N43mtQ],@eliteftsofficial/elitefts.com - PLEXP2 Event Overview [Dtc26N43mtQ].txt,53
3173,@eliteftsofficial,elitefts.com—Trap Bar Deadlift 101 [sNmGkfMhma0],@eliteftsofficial/elitefts.com—Trap Bar Deadlift 101 [sNmGkfMhma0].txt,1115
3174,@eliteftsofficial,Joe Kenn at the elitefts compound 2⧸27⧸15 [VFxdC3lDuUw],@eliteftsofficial/Joe Kenn at the elitefts compound 2⧸27⧸15 [VFxdC3lDuUw].txt,1
3175,@eliteftsofficial,elitefts.com - Xpress Fitness Gym Profile [JEQjpzdFgqw],@eliteftsofficial/elitefts.com - Xpress Fitness Gym Profile [JEQjpzdFgqw].txt,682
3176,@eliteftsofficial,elitefts.com — Gabriel Naspinski interviews Buddy ＂Coach X＂ Morris [K8rV4-vr-gY],@eliteftsofficial/elitefts.com — Gabriel Naspinski interviews Buddy ＂Coach X＂ Morris [K8rV4-vr-gY].txt,3433
3177,@eliteftsofficial,elitefts.com — Military Press with Bands [iB4DBXopkPs],@eliteftsofficial/elitefts.com — Military Press with Bands [iB4DBXopkPs].txt,10
3178,@eliteftsofficial,elitefts.com — The Incident [gv15E8io26k],@eliteftsofficial/elitefts.com — The Incident [gv15E8io26k].txt,140
3179,@eliteftsofficial,elitefts.com - More Work in Less Time [OsRlsoiv8-o],@eliteftsofficial/elitefts.com - More Work in Less Time [OsRlsoiv8-o].txt,5828
3180,@eliteftsofficial,Why Ed Coan Retired From Powerlifting After 28 Years ｜ elitefts.com [piKHfAsT3w8],@eliteftsofficial/Why Ed Coan Retired From Powerlifting After 28 Years ｜ elitefts.com [piKHfAsT3w8].txt,876
3181,@eliteftsofficial,elitefts™ Founder Dave Tate Performs Alternating Low Cable Rows [sW1Ne-fGoUg],@eliteftsofficial/elitefts™ Founder Dave Tate Performs Alternating Low Cable Rows [sW1Ne-fGoUg].txt,24
3182,@eliteftsofficial,elitefts.com - Dave Tate Leg Press UP-set (uncut challange set) [nCCtHpUK1e8],@eliteftsofficial/elitefts.com - Dave Tate Leg Press UP-set (uncut challange set) [nCCtHpUK1e8].txt,536
3183,@eliteftsofficial,elitefts.com — Overhead Machine Press [vLEzNJvRI8A],@eliteftsofficial/elitefts.com — Overhead Machine Press [vLEzNJvRI8A].txt,4
3184,@eliteftsofficial,elitefts.com — Band Resisted Protrusion [NCrDG2D6svI],@eliteftsofficial/elitefts.com — Band Resisted Protrusion [NCrDG2D6svI].txt,199
3185,@eliteftsofficial,4 Day Home Workout with Yessica Martinez ｜ elitefts.com [KQWOz3SZihA],@eliteftsofficial/4 Day Home Workout with Yessica Martinez ｜ elitefts.com [KQWOz3SZihA].txt,92
3186,@eliteftsofficial,elitefts.com™—Banded Squat Warm-Up Alternative [Ts3JYBXW_qA],@eliteftsofficial/elitefts.com™—Banded Squat Warm-Up Alternative [Ts3JYBXW_qA].txt,339
3187,@eliteftsofficial,elitefts.com — Reverse Band Rep Boards Mech. Drop Set [TmTEJH_ns14],@eliteftsofficial/elitefts.com — Reverse Band Rep Boards Mech. Drop Set [TmTEJH_ns14].txt,1
3188,@eliteftsofficial,elitefts.com - How Ken and Sherri Whetham Changed Competitive Kettlebell Sport [ZYwSuaGUMC8],@eliteftsofficial/elitefts.com - How Ken and Sherri Whetham Changed Competitive Kettlebell Sport [ZYwSuaGUMC8].txt,928
3189,@eliteftsofficial,elitefts.com — Dr. Bryan Mann Interview (Part 1) [v3zC7TeTB1Q],@eliteftsofficial/elitefts.com — Dr. Bryan Mann Interview (Part 1) [v3zC7TeTB1Q].txt,964
3190,@eliteftsofficial,elitefts.com — Vincent Dizenzo from the Big Seminar (Part 1) [c6L_KINGHA8],@eliteftsofficial/elitefts.com — Vincent Dizenzo from the Big Seminar (Part 1) [c6L_KINGHA8].txt,1318
3191,@eliteftsofficial,elitefts.com - Xpress Fitness Grand Opening [7maCiWPwnWk],@eliteftsofficial/elitefts.com - Xpress Fitness Grand Opening [7maCiWPwnWk].txt,0
3192,@eliteftsofficial,elitefts.com - Swede Burns Talks About the 5th Set Program [BK2GOau30XY],@eliteftsofficial/elitefts.com - Swede Burns Talks About the 5th Set Program [BK2GOau30XY].txt,962
3193,@eliteftsofficial,Ego in Powerlifting ｜ elitefts.com [MUaf780WtjI],@eliteftsofficial/Ego in Powerlifting ｜ elitefts.com [MUaf780WtjI].txt,975
3194,@eliteftsofficial,Team elitefts promotes 2014 Make-A-Wish books (Version 1) [k_OOTQmgVdw],@eliteftsofficial/Team elitefts promotes 2014 Make-A-Wish books (Version 1) [k_OOTQmgVdw].txt,194
3195,@eliteftsofficial,Hands-on Kettlebell Mechanics Workshop 2015 [hlj2Ee-UEMc],@eliteftsofficial/Hands-on Kettlebell Mechanics Workshop 2015 [hlj2Ee-UEMc].txt,459
3196,@eliteftsofficial,Table Talk： Instagram Questions - STRESS⧸RECOVERY - elitefts.com [1jk4f55eq1E],@eliteftsofficial/Table Talk： Instagram Questions - STRESS⧸RECOVERY - elitefts.com [1jk4f55eq1E].txt,1701
3197,@eliteftsofficial,"elitefts.com — Last Set Chest Supported Rows with Ben Pakulski, John Meadows and Dave Tate [hyAW-etmdwE]","@eliteftsofficial/elitefts.com — Last Set Chest Supported Rows with Ben Pakulski, John Meadows and Dave Tate [hyAW-etmdwE].txt",531
3198,@eliteftsofficial,"elitefts.com - Kettlebell Workshop Sept. 5th, 2015 PROMO [sFWAa9amAPM]","@eliteftsofficial/elitefts.com - Kettlebell Workshop Sept. 5th, 2015 PROMO [sFWAa9amAPM].txt",1
3199,@eliteftsofficial,4 Hypertrophy Circuits for Athletes - eltefts.com [tQyhFFflh6U],@eliteftsofficial/4 Hypertrophy Circuits for Athletes - eltefts.com [tQyhFFflh6U].txt,2558
3200,@eliteftsofficial,Dave Tates Best FAT MAN Story - Table Talk - elitefts.com [efuLbyXmnKM],@eliteftsofficial/Dave Tates Best FAT MAN Story - Table Talk - elitefts.com [efuLbyXmnKM].txt,1757
3201,@eliteftsofficial,Into The Void - Do you have what it takes？ [bgBg7pJXLOo],@eliteftsofficial/Into The Void - Do you have what it takes？ [bgBg7pJXLOo].txt,144
3202,@eliteftsofficial,"elitefts.com — You Ask, We Answer with Dave Tate： Deadlift Set-Up [85bkT_nI__E]","@eliteftsofficial/elitefts.com — You Ask, We Answer with Dave Tate： Deadlift Set-Up [85bkT_nI__E].txt",481
3203,@eliteftsofficial,elitefts.com—Brian Schwab Video Inquisition (Part 3) [POLAqiLYgjs],@eliteftsofficial/elitefts.com—Brian Schwab Video Inquisition (Part 3) [POLAqiLYgjs].txt,547
3204,@eliteftsofficial,elitefts.com—Josh Bryant Seminar Destination Dallas - Part 3 of 6 [QYOwA_8ZZ4s],@eliteftsofficial/elitefts.com—Josh Bryant Seminar Destination Dallas - Part 3 of 6 [QYOwA_8ZZ4s].txt,3401
3205,@eliteftsofficial,elitefts.com - How to Find a Job in Strength & Conditioning [aK_BmPdsHPU],@eliteftsofficial/elitefts.com - How to Find a Job in Strength & Conditioning [aK_BmPdsHPU].txt,10293
3206,@eliteftsofficial,elitefts.com—Marshall Joins 1100 Pound Squat Club [Fd0umrmg0ys],@eliteftsofficial/elitefts.com—Marshall Joins 1100 Pound Squat Club [Fd0umrmg0ys].txt,34
3207,@eliteftsofficial,"elitefts.com - Kettlebells for Team Sports： Rationale, Swing & Snatch [bNWe8y1zPnw]","@eliteftsofficial/elitefts.com - Kettlebells for Team Sports： Rationale, Swing & Snatch [bNWe8y1zPnw].txt",1135
3208,@eliteftsofficial,elitefts.com™—Banded Pullovers with John Meadows [htuiOnOnMgs],@eliteftsofficial/elitefts.com™—Banded Pullovers with John Meadows [htuiOnOnMgs].txt,7
3209,@eliteftsofficial,elitefts.com—Brian Schwab Video Inquistion (Part 1) [pnYwHOlE2zM],@eliteftsofficial/elitefts.com—Brian Schwab Video Inquistion (Part 1) [pnYwHOlE2zM].txt,795
3210,@eliteftsofficial,The Highland Hornets Are Custom Built ｜ elitefts.com [VNw8YWQOXno],@eliteftsofficial/The Highland Hornets Are Custom Built ｜ elitefts.com [VNw8YWQOXno].txt,1227
3211,@eliteftsofficial,elitefts.com - What would you change in powerlifting？ (Part 2 of 4) [I_8Q4ZhSd_E],@eliteftsofficial/elitefts.com - What would you change in powerlifting？ (Part 2 of 4) [I_8Q4ZhSd_E].txt,1316
3212,@eliteftsofficial,elitefts.com - POWERBUILDING with Justin Harris [Ej836kHJeuk],@eliteftsofficial/elitefts.com - POWERBUILDING with Justin Harris [Ej836kHJeuk].txt,3160
3213,@eliteftsofficial,elitefts.com — HORSE BALLS! Advanced Programming for Leg Hypertrophy [7gOjlQt007E],@eliteftsofficial/elitefts.com — HORSE BALLS! Advanced Programming for Leg Hypertrophy [7gOjlQt007E].txt,7329
3214,@eliteftsofficial,Arnold Classic 212lb John Meadows Pre-Judging Recap W⧸ IFBB Pro Ken Jackson (2016) [gvQt3O0BMS4],@eliteftsofficial/Arnold Classic 212lb John Meadows Pre-Judging Recap W⧸ IFBB Pro Ken Jackson (2016) [gvQt3O0BMS4].txt,107
3215,@eliteftsofficial,elitefts.com — Chain Extenions with palms up [c0u_p1SrJeM],@eliteftsofficial/elitefts.com — Chain Extenions with palms up [c0u_p1SrJeM].txt,168
3216,@eliteftsofficial,elitefts.com — So You Think You Can Deadlift？ (Part 8) [pCxgPQvUxX8],@eliteftsofficial/elitefts.com — So You Think You Can Deadlift？ (Part 8) [pCxgPQvUxX8].txt,496
3217,@eliteftsofficial,elitefts.com—WATCH： Bench Press and The Seven Granddaddy Laws [os7o45Yn2_U],@eliteftsofficial/elitefts.com—WATCH： Bench Press and The Seven Granddaddy Laws [os7o45Yn2_U].txt,2553
3218,@eliteftsofficial,elitefts.com — Equipment 101 - Adjustable J-Cups [mUqbvjWsOKA],@eliteftsofficial/elitefts.com — Equipment 101 - Adjustable J-Cups [mUqbvjWsOKA].txt,98
3219,@eliteftsofficial,elitefts.com — Discussing the mental side of diet with nutritionist Kristin Stull [If4c71_nnsY],@eliteftsofficial/elitefts.com — Discussing the mental side of diet with nutritionist Kristin Stull [If4c71_nnsY].txt,914
3220,@eliteftsofficial,JL Holdsworth Talks the Culture of the Spot Athletics with Mark Watts - elitefts.com [MKNKE4IdI3U],@eliteftsofficial/JL Holdsworth Talks the Culture of the Spot Athletics with Mark Watts - elitefts.com [MKNKE4IdI3U].txt,1178
3221,@eliteftsofficial,elitefts.com — LTT7： New Sponsored Athletes [UyxY-Qx5Kek],@eliteftsofficial/elitefts.com — LTT7： New Sponsored Athletes [UyxY-Qx5Kek].txt,64
3222,@eliteftsofficial,elitefts.com — Anti-Rotational Drills (Pallof Press) [AS2DxzeQxow],@eliteftsofficial/elitefts.com — Anti-Rotational Drills (Pallof Press) [AS2DxzeQxow].txt,247
3223,@eliteftsofficial,elitefts.com - Core Blaster Lat Pulls [2qOB0jRALHg],@eliteftsofficial/elitefts.com - Core Blaster Lat Pulls [2qOB0jRALHg].txt,26
3224,@eliteftsofficial,Buddy Morris SPTS Presentation 2015  - elitefts.com [_OQPwp3mTnU],@eliteftsofficial/Buddy Morris SPTS Presentation 2015  - elitefts.com [_OQPwp3mTnU].txt,5296
3225,@eliteftsofficial,elitefts.com—Josh Bryant Seminar Destination Dallas - Part 5 of 6 [jkPoKdfvX2A],@eliteftsofficial/elitefts.com—Josh Bryant Seminar Destination Dallas - Part 5 of 6 [jkPoKdfvX2A].txt,3143
3226,@eliteftsofficial,elitefts.com - Swede⧸Goggins Part 1 [jVpep4A3wec],@eliteftsofficial/elitefts.com - Swede⧸Goggins Part 1 [jVpep4A3wec].txt,1667
3227,@eliteftsofficial,Finisher Friday： Triple Set Extensions ｜ elitefts.com [f0XaVbaEERA],@eliteftsofficial/Finisher Friday： Triple Set Extensions ｜ elitefts.com [f0XaVbaEERA].txt,260
3228,@eliteftsofficial,elitefts.com — Questions with Clint (Part 2) [IE-Zs5lCCTE],@eliteftsofficial/elitefts.com — Questions with Clint (Part 2) [IE-Zs5lCCTE].txt,1993
3229,@eliteftsofficial,elitefts.com — Tate Reverse Band Squat 7 Months Total Hip R [Wez8TRQQyMA],@eliteftsofficial/elitefts.com — Tate Reverse Band Squat 7 Months Total Hip R [Wez8TRQQyMA].txt,3
3230,@eliteftsofficial,elitefts.com — Tate Leg Training Excerpt - 6 Months after Total Hip Replacement [oignqwaYvqw],@eliteftsofficial/elitefts.com — Tate Leg Training Excerpt - 6 Months after Total Hip Replacement [oignqwaYvqw].txt,7
3231,@eliteftsofficial,Cleveland Cavaliers Strength Coach Derek Millender On His Journey - elitefts.com [n0wFj2Lz544],@eliteftsofficial/Cleveland Cavaliers Strength Coach Derek Millender On His Journey - elitefts.com [n0wFj2Lz544].txt,2191
3232,@eliteftsofficial,Swede Burns Talks About His 9000 Calorie Diet When He Weighed 330lbs ｜ elitefts.com [7IXI4QhJ9Qk],@eliteftsofficial/Swede Burns Talks About His 9000 Calorie Diet When He Weighed 330lbs ｜ elitefts.com [7IXI4QhJ9Qk].txt,1288
3233,@eliteftsofficial,Dave Tate on the Risks and Rewards of Powerlifting ｜ elitefts.com [N557nj_J778],@eliteftsofficial/Dave Tate on the Risks and Rewards of Powerlifting ｜ elitefts.com [N557nj_J778].txt,915
3234,@eliteftsofficial,I Am Jordan Shallow ｜ elitefts.com [pO6xh4Ykpic],@eliteftsofficial/I Am Jordan Shallow ｜ elitefts.com [pO6xh4Ykpic].txt,3044
3235,@eliteftsofficial,elitefts.com — Seated Hammer Curls with Chains [Ka4d-kSrcTI],@eliteftsofficial/elitefts.com — Seated Hammer Curls with Chains [Ka4d-kSrcTI].txt,1
3236,@eliteftsofficial,"elitefts.com — You Ask, We Answer (Round 3, Part 5) [Bya3MkQ2W_E]","@eliteftsofficial/elitefts.com — You Ask, We Answer (Round 3, Part 5) [Bya3MkQ2W_E].txt",684
3237,@eliteftsofficial,elitefts.com — Shoulder Saver Incline Press Contrast Set with Chains [YgY6oBFjRLk],@eliteftsofficial/elitefts.com — Shoulder Saver Incline Press Contrast Set with Chains [YgY6oBFjRLk].txt,14
3238,@eliteftsofficial,Train Your Ass Off with Dave Tate： JM Press ｜ elitefts.com [SXfPUSSIxhI],@eliteftsofficial/Train Your Ass Off with Dave Tate： JM Press ｜ elitefts.com [SXfPUSSIxhI].txt,2338
3239,@eliteftsofficial,elitefts.com — Get to Know Greg McCoy [Ic4_wdAo3dY],@eliteftsofficial/elitefts.com — Get to Know Greg McCoy [Ic4_wdAo3dY].txt,1144
3240,@eliteftsofficial,"Live, Learn Pass, On - Dave Tate's Most Popular Lecture [3KqgE1AS2YI]","@eliteftsofficial/Live, Learn Pass, On - Dave Tate's Most Popular Lecture [3KqgE1AS2YI].txt",2212
3241,@eliteftsofficial,Elitefts.com - Ted Toalston Squat Trainining [2LAHr0Casg0],@eliteftsofficial/Elitefts.com - Ted Toalston Squat Trainining [2LAHr0Casg0].txt,41
3242,@eliteftsofficial,elitefts.com — Michael Stuchiner： Video Inquisition (Part 3) [-s1q1glmBq4],@eliteftsofficial/elitefts.com — Michael Stuchiner： Video Inquisition (Part 3) [-s1q1glmBq4].txt,1081
3243,@eliteftsofficial,Elitefts.com - Table Talk Special Edition pt1 [z1lEm7O1w_g],@eliteftsofficial/Elitefts.com - Table Talk Special Edition pt1 [z1lEm7O1w_g].txt,1292
3244,@eliteftsofficial,Brian Alsruhe and Dave Tate Discuss Finding the Edge ｜ elitefts.com [o6GMlUcsHak],@eliteftsofficial/Brian Alsruhe and Dave Tate Discuss Finding the Edge ｜ elitefts.com [o6GMlUcsHak].txt,1256
3245,@eliteftsofficial,Elitefts.com - John Meadows Nutritional Update with Dave Tate (better audio) [Ixfdgx93Mrw],@eliteftsofficial/Elitefts.com - John Meadows Nutritional Update with Dave Tate (better audio) [Ixfdgx93Mrw].txt,2121
3246,@eliteftsofficial,elitefts.com — Josh Bryant： Video Inquisition (Part 3) [m89bPGMsLqg],@eliteftsofficial/elitefts.com — Josh Bryant： Video Inquisition (Part 3) [m89bPGMsLqg].txt,685
3247,@eliteftsofficial,Technique Teardown with Dave Tate： Episode 6 ｜ elitefts.com [_KVWS0ABBnU],@eliteftsofficial/Technique Teardown with Dave Tate： Episode 6 ｜ elitefts.com [_KVWS0ABBnU].txt,663
3248,@eliteftsofficial,Learning How to Use A Power Belt [aSxBSlMme7I],@eliteftsofficial/Learning How to Use A Power Belt [aSxBSlMme7I].txt,207
3249,@eliteftsofficial,elitefts.com - Table Talk ＂Finding the Right Weight Class＂ [2pIAV1giKQs],@eliteftsofficial/elitefts.com - Table Talk ＂Finding the Right Weight Class＂ [2pIAV1giKQs].txt,1215
3250,@eliteftsofficial,elitefts.com—Targeted High Pull with Band [miuowBf6aIw],@eliteftsofficial/elitefts.com—Targeted High Pull with Band [miuowBf6aIw].txt,486
3251,@eliteftsofficial,elitefts.com — From Chucks to Heels [Vvm3xOWEZII],@eliteftsofficial/elitefts.com — From Chucks to Heels [Vvm3xOWEZII].txt,2556
3252,@eliteftsofficial,John Meadows Performs Straight Arm Pulldowns at elitefts™ [21w15_6IXb4],@eliteftsofficial/John Meadows Performs Straight Arm Pulldowns at elitefts™ [21w15_6IXb4].txt,5
3253,@eliteftsofficial,Jim Wendler Talks About His Garage Gym Warm-Up ｜ elitefts.com [I8lMdfdgZXQ],@eliteftsofficial/Jim Wendler Talks About His Garage Gym Warm-Up ｜ elitefts.com [I8lMdfdgZXQ].txt,1114
3254,@eliteftsofficial,Equipment 101 - Signature Series Bench [lkR6b6UMzSk],@eliteftsofficial/Equipment 101 - Signature Series Bench [lkR6b6UMzSk].txt,305
3255,@eliteftsofficial,elitefts.com — UGSS Adam Driggers Interview [yczLNBVTebM],@eliteftsofficial/elitefts.com — UGSS Adam Driggers Interview [yczLNBVTebM].txt,4213
3256,@eliteftsofficial,Yessica Martinez Discusses JM Blakley Coaching Her Bench Press ｜ elitefts.com [qmVdHpVudwo],@eliteftsofficial/Yessica Martinez Discusses JM Blakley Coaching Her Bench Press ｜ elitefts.com [qmVdHpVudwo].txt,1861
3257,@eliteftsofficial,elitefts.com - Squat Progressions at The Spot Athletics [7XTvi5_X0Y0],@eliteftsofficial/elitefts.com - Squat Progressions at The Spot Athletics [7XTvi5_X0Y0].txt,4495
3258,@eliteftsofficial,elitefts.com—Pull Up Variations using rest-pauses & tempo [xtSWhiH9ZZI],@eliteftsofficial/elitefts.com—Pull Up Variations using rest-pauses & tempo [xtSWhiH9ZZI].txt,462
3259,@eliteftsofficial,elitefts.com — Eric Maroscher： Video Inquisition (Part 1) [x3T3IBzGrN8],@eliteftsofficial/elitefts.com — Eric Maroscher： Video Inquisition (Part 1) [x3T3IBzGrN8].txt,498
3260,@eliteftsofficial,elitefts.com - Technical Demonstration of Competitive Kettlebell Sport (1 of 2) [OopoT_XqMFs],@eliteftsofficial/elitefts.com - Technical Demonstration of Competitive Kettlebell Sport (1 of 2) [OopoT_XqMFs].txt,1380
3261,@eliteftsofficial,elitefts.com — So You Think You Can Deadlift？ (Part 9) [zJafk5lcbgo],@eliteftsofficial/elitefts.com — So You Think You Can Deadlift？ (Part 9) [zJafk5lcbgo].txt,367
3262,@eliteftsofficial,elitefts.com - What would you change in powerlifting？ (Part 3 of 4) [X8AtnHPAe14],@eliteftsofficial/elitefts.com - What would you change in powerlifting？ (Part 3 of 4) [X8AtnHPAe14].txt,1238
3263,@eliteftsofficial,elitefts.com - Steve Goggins Talks About the Deadlift (PLEXP2) [lvpMk7h9IMQ],@eliteftsofficial/elitefts.com - Steve Goggins Talks About the Deadlift (PLEXP2) [lvpMk7h9IMQ].txt,2495
3264,@eliteftsofficial,Finisher Friday： Ascending Push Up Challenge ｜ elitefts.com [Vybp25rogNY],@eliteftsofficial/Finisher Friday： Ascending Push Up Challenge ｜ elitefts.com [Vybp25rogNY].txt,306
3265,@eliteftsofficial,elitefts.com - The Comprehensive Guide to Knee Sleeves [MmkMmwQ3Zo0],@eliteftsofficial/elitefts.com - The Comprehensive Guide to Knee Sleeves [MmkMmwQ3Zo0].txt,925
3266,@eliteftsofficial,elitefts.com - Brandon Smitley - 565 WR Squat at 131 9 Bodyweight [aKLGL0lidEg],@eliteftsofficial/elitefts.com - Brandon Smitley - 565 WR Squat at 131 9 Bodyweight [aKLGL0lidEg].txt,20
3267,@eliteftsofficial,elitefts.com—Eric Maroscher： Video Inquisition (Part 4) [yciu9NFji7Q],@eliteftsofficial/elitefts.com—Eric Maroscher： Video Inquisition (Part 4) [yciu9NFji7Q].txt,1116
3268,@eliteftsofficial,Elitefts.com - John Meadows Nutritional Update with Dave Tate [ddy7VVRNEbM],@eliteftsofficial/Elitefts.com - John Meadows Nutritional Update with Dave Tate [ddy7VVRNEbM].txt,2131
3269,@eliteftsofficial,elitefts.com — Leg Curl Strip Set with Partials [FNXkjDJgVr8],@eliteftsofficial/elitefts.com — Leg Curl Strip Set with Partials [FNXkjDJgVr8].txt,6
3270,@eliteftsofficial,elitefts.com — LTT7 Q&A (Part 4) [usZU36OFS58],@eliteftsofficial/elitefts.com — LTT7 Q&A (Part 4) [usZU36OFS58].txt,581
3271,@eliteftsofficial,Meet Miami Powerlifter & Strongman Yessica Martinez - elitefts.com [aCvAiN7pKpQ],@eliteftsofficial/Meet Miami Powerlifter & Strongman Yessica Martinez - elitefts.com [aCvAiN7pKpQ].txt,621
3272,@eliteftsofficial,elitefts.com — LTT7 Q&A (Part 6) [wh54i0psSPc],@eliteftsofficial/elitefts.com — LTT7 Q&A (Part 6) [wh54i0psSPc].txt,331
3273,@eliteftsofficial,"elitefts.com—11 Athletics Performance Facility in Columbus, Ohio [GRQLluMwtkM]","@eliteftsofficial/elitefts.com—11 Athletics Performance Facility in Columbus, Ohio [GRQLluMwtkM].txt",966
3274,@eliteftsofficial,elitefts.com — Reverse Band Bench Press Drop Set with Forced Negative [0xHxRGAwpsc],@eliteftsofficial/elitefts.com — Reverse Band Bench Press Drop Set with Forced Negative [0xHxRGAwpsc].txt,20
3275,@eliteftsofficial,elitefts.com - Linear Speed Acceleration Drills [ct8NN4ZMpN8],@eliteftsofficial/elitefts.com - Linear Speed Acceleration Drills [ct8NN4ZMpN8].txt,4842
3276,@eliteftsofficial,elitefts.com — Mountain Dog Programming [V627l-_uz0E],@eliteftsofficial/elitefts.com — Mountain Dog Programming [V627l-_uz0E].txt,3353
3277,@eliteftsofficial,Elitefts.com - LLT4 - Enter The Nasty Group [6cDlgWJF1Ws],@eliteftsofficial/Elitefts.com - LLT4 - Enter The Nasty Group [6cDlgWJF1Ws].txt,655
3278,@eliteftsofficial,elitefts.com — Josh Bryant： Video Inquisition (Part 4) [aEQocfxF_Xc],@eliteftsofficial/elitefts.com — Josh Bryant： Video Inquisition (Part 4) [aEQocfxF_Xc].txt,1244
3279,@eliteftsofficial,elitefts.com—Brian Schwab Video Inquisition (Part 2) [8XFMt_TzlrA],@eliteftsofficial/elitefts.com—Brian Schwab Video Inquisition (Part 2) [8XFMt_TzlrA].txt,762
3280,@eliteftsofficial,elitefts.com - Find your direction at True North Fitness [p53Fsbg37ZE],@eliteftsofficial/elitefts.com - Find your direction at True North Fitness [p53Fsbg37ZE].txt,17
3281,@eliteftsofficial,elitefts.com—Meet Chris Duffin Part 2 [oak-Xc00v64],@eliteftsofficial/elitefts.com—Meet Chris Duffin Part 2 [oak-Xc00v64].txt,1890
3282,@eliteftsofficial,What's Missing From Younger Lifter's Approach To Training ｜ elitefts.com [aWAkfc4EKas],@eliteftsofficial/What's Missing From Younger Lifter's Approach To Training ｜ elitefts.com [aWAkfc4EKas].txt,1886
3283,@eliteftsofficial,Elitefts.com - Amit Sapir 50 Rep Set of Hack Squats [E5VBgOq2rdI],@eliteftsofficial/Elitefts.com - Amit Sapir 50 Rep Set of Hack Squats [E5VBgOq2rdI].txt,198
3284,@eliteftsofficial,Powerlifting Legend Steve Goggins Wants to Make YOU Stronger [kpKaGMk9Plw],@eliteftsofficial/Powerlifting Legend Steve Goggins Wants to Make YOU Stronger [kpKaGMk9Plw].txt,259
3285,@eliteftsofficial,elitefts.com — Gym Installation at Region Barbell Club [9LAsg_fO2Sc],@eliteftsofficial/elitefts.com — Gym Installation at Region Barbell Club [9LAsg_fO2Sc].txt,647
3286,@eliteftsofficial,elitefts.com - Swede⧸Goggins Part 2 [lUy5DGC8Swg],@eliteftsofficial/elitefts.com - Swede⧸Goggins Part 2 [lUy5DGC8Swg].txt,1140
3287,@eliteftsofficial,elitefts.com — John Meadows using the elitefts™ Shoulder Saver Bar [n3ZHV4q5scE],@eliteftsofficial/elitefts.com — John Meadows using the elitefts™ Shoulder Saver Bar [n3ZHV4q5scE].txt,15
3288,@eliteftsofficial,The NEW elitefts.com [itejlfUedz0],@eliteftsofficial/The NEW elitefts.com [itejlfUedz0].txt,4
3289,@eliteftsofficial,Elitefts.com - Steated Rows with MAG Grip [SqkVwL64CmA],@eliteftsofficial/Elitefts.com - Steated Rows with MAG Grip [SqkVwL64CmA].txt,16
3290,@eliteftsofficial,master_transcript,@eliteftsofficial/master_transcript.txt,540943
3291,@eliteftsofficial,elitefts.com — Upright Row with Rope & Kettlebell [u6wlbXbGvfE],@eliteftsofficial/elitefts.com — Upright Row with Rope & Kettlebell [u6wlbXbGvfE].txt,48
3292,@eliteftsofficial,Elitefts.com - Comments on the Learn To Train Seminar #4 [Vt5BBUx6A60],@eliteftsofficial/Elitefts.com - Comments on the Learn To Train Seminar #4 [Vt5BBUx6A60].txt,1055
3293,@eliteftsofficial,elitefts.com - Kettlebell Clean with Ken & Sherri Whetham [NrJhY3emoMI],@eliteftsofficial/elitefts.com - Kettlebell Clean with Ken & Sherri Whetham [NrJhY3emoMI].txt,1470
3294,@eliteftsofficial,Online Coaching Red Flags - elitefts.com [M4bRm8zAETQ],@eliteftsofficial/Online Coaching Red Flags - elitefts.com [M4bRm8zAETQ].txt,1678
3295,@eliteftsofficial,elitefts.com — Lying Leg Curls with Chains [X05Z6a3TTss],@eliteftsofficial/elitefts.com — Lying Leg Curls with Chains [X05Z6a3TTss].txt,1
3296,@eliteftsofficial,"elitefts.com — You Ask, We Answer (Round 3, Part 1) [eEaCYJ2vzkA]","@eliteftsofficial/elitefts.com — You Ask, We Answer (Round 3, Part 1) [eEaCYJ2vzkA].txt",1265
3297,@eliteftsofficial,elitefts.com - Back Building with Dave Tate and the Short Tsunami Bar [tyUWgqfMdd4],@eliteftsofficial/elitefts.com - Back Building with Dave Tate and the Short Tsunami Bar [tyUWgqfMdd4].txt,414
3298,@eliteftsofficial,elitefts.com - Lateral Bounds with Bands [7O7eV8OHg5w],@eliteftsofficial/elitefts.com - Lateral Bounds with Bands [7O7eV8OHg5w].txt,540
3299,@eliteftsofficial,Build Your Main Lifts with These Band Progressions ｜ elitefts.com [keSQtmxhPlU],@eliteftsofficial/Build Your Main Lifts with These Band Progressions ｜ elitefts.com [keSQtmxhPlU].txt,1771
3300,@eliteftsofficial,elitefts.com — Steve Colescott Interviews Figure Competitor Stina Tellhammer (Part 1) [4zGjpRnIiyg],@eliteftsofficial/elitefts.com — Steve Colescott Interviews Figure Competitor Stina Tellhammer (Part 1) [4zGjpRnIiyg].txt,742
3301,@eliteftsofficial,elitefts.com — So You Think You Can Deadlift？ (Part 4) [pSjdcZ0YNm8],@eliteftsofficial/elitefts.com — So You Think You Can Deadlift？ (Part 4) [pSjdcZ0YNm8].txt,358
3302,@eliteftsofficial,Anaheim Ducks Mark Fitzgerald on Strength Training & Fighting [6lG2mCVrVf0],@eliteftsofficial/Anaheim Ducks Mark Fitzgerald on Strength Training & Fighting [6lG2mCVrVf0].txt,3126
3303,@eliteftsofficial,Ed Coan Speaks on Multi-ply Powerlifting  ｜ elitefts.com [59UU_7FyYRM],@eliteftsofficial/Ed Coan Speaks on Multi-ply Powerlifting  ｜ elitefts.com [59UU_7FyYRM].txt,461
3304,@eliteftsofficial,elitefts.com — Seated Side Raise Chains Waves [7m7_hh5Yxtg],@eliteftsofficial/elitefts.com — Seated Side Raise Chains Waves [7m7_hh5Yxtg].txt,0
3305,@eliteftsofficial,elitefts.com - Clint Darden Motivational Speech at the PLEXP2 [qQVEDJKYlls],@eliteftsofficial/elitefts.com - Clint Darden Motivational Speech at the PLEXP2 [qQVEDJKYlls].txt,2094
3306,@eliteftsofficial,How To Build Upper-Back Strength For a Bigger Squat⧸Bench Press ｜ elitefts.com [ztzL6GzubbU],@eliteftsofficial/How To Build Upper-Back Strength For a Bigger Squat⧸Bench Press ｜ elitefts.com [ztzL6GzubbU].txt,722
3307,@eliteftsofficial,elitefts.com — Dave Tate Chain Yoke Bar Box Squats (Chain Strip Set) [RqWtMIgbXpk],@eliteftsofficial/elitefts.com — Dave Tate Chain Yoke Bar Box Squats (Chain Strip Set) [RqWtMIgbXpk].txt,169
3308,@eliteftsofficial,elitefts.com — Backward Prowler Push [dVUSv6MFSyM],@eliteftsofficial/elitefts.com — Backward Prowler Push [dVUSv6MFSyM].txt,6
3309,@eliteftsofficial,elitefts.com—Kettlebell Swing 101 [ywKM7DD71_k],@eliteftsofficial/elitefts.com—Kettlebell Swing 101 [ywKM7DD71_k].txt,868
3310,@eliteftsofficial,How To Build The Perfect Home Gym ｜ elitefts.com [7BrtcBGJi5M],@eliteftsofficial/How To Build The Perfect Home Gym ｜ elitefts.com [7BrtcBGJi5M].txt,983
3311,@eliteftsofficial,elitefts.com — Dr. Bryan Mann Interview (Part 2) [EqBBVTC9_ZU],@eliteftsofficial/elitefts.com — Dr. Bryan Mann Interview (Part 2) [EqBBVTC9_ZU].txt,1323
3312,@eliteftsofficial,Elitefts Powerlifting Experience [Qxw-31smAX0],@eliteftsofficial/Elitefts Powerlifting Experience [Qxw-31smAX0].txt,903
3313,@eliteftsofficial,elitefts.com — Last Set of the Day [1nzbm_HZ1Gs],@eliteftsofficial/elitefts.com — Last Set of the Day [1nzbm_HZ1Gs].txt,32
3314,@eliteftsofficial,"elitefts.com - Relentless Performance Vero Beach, FL [TcJIp5Lcbx8]","@eliteftsofficial/elitefts.com - Relentless Performance Vero Beach, FL [TcJIp5Lcbx8].txt",638
3315,@eliteftsofficial,elitefts.com—Lateral Start Tutorial [2zfDW0MpyeE],@eliteftsofficial/elitefts.com—Lateral Start Tutorial [2zfDW0MpyeE].txt,1380
3316,@eliteftsofficial,elitefts.com - Swiss Press Bar (Five Grip Drop Set) [zoyhXiccjCc],@eliteftsofficial/elitefts.com - Swiss Press Bar (Five Grip Drop Set) [zoyhXiccjCc].txt,751
3317,@eliteftsofficial,"elitefts.com — You Ask, We Answer with Dave Tate： LTT 7 [gy7Ol9t8PvY]","@eliteftsofficial/elitefts.com — You Ask, We Answer with Dave Tate： LTT 7 [gy7Ol9t8PvY].txt",888
3318,@eliteftsofficial,Daily Movements Lifters Are Screwing Up Outside of the Gym ｜ elitefts.com [xiKrALLlqd0],@eliteftsofficial/Daily Movements Lifters Are Screwing Up Outside of the Gym ｜ elitefts.com [xiKrALLlqd0].txt,1753
3319,@eliteftsofficial,elitefts - Justin Harris on Fiber & Veggies [vTpgXI12Gw4],@eliteftsofficial/elitefts - Justin Harris on Fiber & Veggies [vTpgXI12Gw4].txt,362
3320,@eliteftsofficial,elitefts.com—Strength Coach Q&A： Where the profession is going [MdgqQBnRxIk],@eliteftsofficial/elitefts.com—Strength Coach Q&A： Where the profession is going [MdgqQBnRxIk].txt,2071
3321,@eliteftsofficial,elitefts.com — Just Another Set [xSYsni3zUIE],@eliteftsofficial/elitefts.com — Just Another Set [xSYsni3zUIE].txt,27
3322,@eliteftsofficial,Casey Williams 12 Week Bench Press Program - elitefts.com [Yhuon9Wf0_c],@eliteftsofficial/Casey Williams 12 Week Bench Press Program - elitefts.com [Yhuon9Wf0_c].txt,1986
3323,@eliteftsofficial,elitefts.com—Ted Toalston talks APF Senior Nationals and WPC World Championships [Rr_xIB0ZOog],@eliteftsofficial/elitefts.com—Ted Toalston talks APF Senior Nationals and WPC World Championships [Rr_xIB0ZOog].txt,2023
3324,@eliteftsofficial,Casey Williams Discusses His Bench Press Methods - elitefts.com [u-fXBtH7tY8],@eliteftsofficial/Casey Williams Discusses His Bench Press Methods - elitefts.com [u-fXBtH7tY8].txt,1693
3325,@eliteftsofficial,Elitefts.com - 2 Song Leg Press [A-Y1jOiLXE8],@eliteftsofficial/Elitefts.com - 2 Song Leg Press [A-Y1jOiLXE8].txt,7
3326,@eliteftsofficial,Elitefts.com - Dave Tate Chest Training Recap [a0WRJRyFBxY],@eliteftsofficial/Elitefts.com - Dave Tate Chest Training Recap [a0WRJRyFBxY].txt,706
3327,@eliteftsofficial,elitefts.com — Dave Tate Training Log Chain Deads off Blocks [v475megTNfA],@eliteftsofficial/elitefts.com — Dave Tate Training Log Chain Deads off Blocks [v475megTNfA].txt,1
3328,@eliteftsofficial,elitefts.com—Dave Tate Interviews PL Legends Steve Goggins and Ed Coan [aS7Q5-u5cc0],@eliteftsofficial/elitefts.com—Dave Tate Interviews PL Legends Steve Goggins and Ed Coan [aS7Q5-u5cc0].txt,6811
3329,@eliteftsofficial,elitefts.com— UGSS Bench Press (10⧸4-5 2014) [Icby3bDg24g],@eliteftsofficial/elitefts.com— UGSS Bench Press (10⧸4-5 2014) [Icby3bDg24g].txt,22
3330,@eliteftsofficial,elitefts.com — Reverse Band Hack Squats [zb5A85O6_30],@eliteftsofficial/elitefts.com — Reverse Band Hack Squats [zb5A85O6_30].txt,13
3331,@eliteftsofficial,elitefts.com - Auto Regulatory Training in a Team Setting [iN9SAul9SNQ],@eliteftsofficial/elitefts.com - Auto Regulatory Training in a Team Setting [iN9SAul9SNQ].txt,5269
3332,@eliteftsofficial,elitefts.com—McDowell High School Installation [nQa0C_uOotg],@eliteftsofficial/elitefts.com—McDowell High School Installation [nQa0C_uOotg].txt,819
3333,@eliteftsofficial,Dave Tate Performs Chained Low Cable Rows At Elitefts™ [yNs5_wdgp18],@eliteftsofficial/Dave Tate Performs Chained Low Cable Rows At Elitefts™ [yNs5_wdgp18].txt,0
3334,@eliteftsofficial,elitefts.com - Sprinting Problems-Prowler Solutions w⧸Joe DeFranco NOW AVAILABLE [dVDkidrPz00],@eliteftsofficial/elitefts.com - Sprinting Problems-Prowler Solutions w⧸Joe DeFranco NOW AVAILABLE [dVDkidrPz00].txt,250
3335,@eliteftsofficial,elitefts.com — Testing New Version of Shoulder Saver Pad [W0YWdqumP68],@eliteftsofficial/elitefts.com — Testing New Version of Shoulder Saver Pad [W0YWdqumP68].txt,14
3336,@eliteftsofficial,elitefts.com - Sunday Morning Strength Training Motivation [UidTI_4riz8],@eliteftsofficial/elitefts.com - Sunday Morning Strength Training Motivation [UidTI_4riz8].txt,2
3337,@eliteftsofficial,elitefts.com - Dave Tate & Interns Post Training Interview [LOL_qi5Jog8],@eliteftsofficial/elitefts.com - Dave Tate & Interns Post Training Interview [LOL_qi5Jog8].txt,5812
3338,@eliteftsofficial,Technique Teardown with Dave Tate： Episode 2 ｜ elitefts.com [chwfwnMNIvQ],@eliteftsofficial/Technique Teardown with Dave Tate： Episode 2 ｜ elitefts.com [chwfwnMNIvQ].txt,1112
3339,@eliteftsofficial,Has your passion ever slipped away？ Table Talk - elitefts.com [zA3GmI-EGf0],@eliteftsofficial/Has your passion ever slipped away？ Table Talk - elitefts.com [zA3GmI-EGf0].txt,1179
3340,@eliteftsofficial,elitefts.com — So You Think You Can Deadlift？ (Part 1) [xS2wLZSdeDg],@eliteftsofficial/elitefts.com — So You Think You Can Deadlift？ (Part 1) [xS2wLZSdeDg].txt,3286
3341,@eliteftsofficial,elitefts.com — Gym Installation at Pickerington Central High School [6oe4nn98PKM],@eliteftsofficial/elitefts.com — Gym Installation at Pickerington Central High School [6oe4nn98PKM].txt,170
3342,@eliteftsofficial,elitefts.com — Tate Leg Training Excerpt - 6 Months after Total Hip Replacement [rZgZ-J9wfPU],@eliteftsofficial/elitefts.com — Tate Leg Training Excerpt - 6 Months after Total Hip Replacement [rZgZ-J9wfPU].txt,4
3343,@eliteftsofficial,elitefts.com — Chad Aichs Interview (Part 2) [zfUHZBAeYB0],@eliteftsofficial/elitefts.com — Chad Aichs Interview (Part 2) [zfUHZBAeYB0].txt,751
3344,@eliteftsofficial,elitefts.com — Slayer Bar JM Press with Chains [nd8bV-xdSY8],@eliteftsofficial/elitefts.com — Slayer Bar JM Press with Chains [nd8bV-xdSY8].txt,0
3345,@eliteftsofficial,elitefts.com—Casey Williams at RUM [oz1MSGrpVVQ],@eliteftsofficial/elitefts.com—Casey Williams at RUM [oz1MSGrpVVQ].txt,22
3346,@eliteftsofficial,elitefts.com—WATCH： Getting the Most Out of Rest-Pause and Isometric Training [NYNTiNbEJIM],@eliteftsofficial/elitefts.com—WATCH： Getting the Most Out of Rest-Pause and Isometric Training [NYNTiNbEJIM].txt,2309
3347,@eliteftsofficial,Happy Holidays from elitefts! [LZr1Cl27XTg],@eliteftsofficial/Happy Holidays from elitefts! [LZr1Cl27XTg].txt,84
3348,@eliteftsofficial,Only Have 3 Days a Week To Train？ ｜ elitefts.com [vFrJUrZtIhI],@eliteftsofficial/Only Have 3 Days a Week To Train？ ｜ elitefts.com [vFrJUrZtIhI].txt,532
3349,@eliteftsofficial,elitefts.com — Muscle Mace Triple Up Pushdowns [ZZQtGfhwbcs],@eliteftsofficial/elitefts.com — Muscle Mace Triple Up Pushdowns [ZZQtGfhwbcs].txt,1
3350,@eliteftsofficial,elitefts.com — Eric Maroscher： Video Inquisition (Part 3) [iRBASdK81Ew],@eliteftsofficial/elitefts.com — Eric Maroscher： Video Inquisition (Part 3) [iRBASdK81Ew].txt,1080
3351,@eliteftsofficial,elitefts.com - Single Arm Blast Strap™ Row Variations [MLjC9cWKVE8],@eliteftsofficial/elitefts.com - Single Arm Blast Strap™ Row Variations [MLjC9cWKVE8].txt,473
3352,@eliteftsofficial,Technique Teardown with Dave Tate： Episode 3 ｜ elitefts.com [H8zId55_9w4],@eliteftsofficial/Technique Teardown with Dave Tate： Episode 3 ｜ elitefts.com [H8zId55_9w4].txt,1280
3353,@eliteftsofficial,elitefts.com — Brazzi Training Facility [5wRjdLCaDJA],@eliteftsofficial/elitefts.com — Brazzi Training Facility [5wRjdLCaDJA].txt,1131
3354,@eliteftsofficial,elitefts.com — Fat Bar JM Press with Chains from Floor [nBNeZ3P0S8k],@eliteftsofficial/elitefts.com — Fat Bar JM Press with Chains from Floor [nBNeZ3P0S8k].txt,2
3355,@eliteftsofficial,elitefts.com — Interview with Zack Khan and Mark Dugdale (Part 1) [yqvm_w9UZt8],@eliteftsofficial/elitefts.com — Interview with Zack Khan and Mark Dugdale (Part 1) [yqvm_w9UZt8].txt,2738
3356,@eliteftsofficial,Why You Should Pull the SSB Handles In While Squatting ｜ elitefts.com [0BbgycYEIRQ],@eliteftsofficial/Why You Should Pull the SSB Handles In While Squatting ｜ elitefts.com [0BbgycYEIRQ].txt,715
3357,@eliteftsofficial,elitefts.com — Chad Aichs Interview (Part 1) [lSEJuTBo0ss],@eliteftsofficial/elitefts.com — Chad Aichs Interview (Part 1) [lSEJuTBo0ss].txt,382
3358,@eliteftsofficial,"elitefts.com — You Ask, We Answer (Round 3, Part 3) [zaIV4-al4M8]","@eliteftsofficial/elitefts.com — You Ask, We Answer (Round 3, Part 3) [zaIV4-al4M8].txt",788
3359,@eliteftsofficial,elitefts.com — Strong(her)™ [nRMpTyZGSEc],@eliteftsofficial/elitefts.com — Strong(her)™ [nRMpTyZGSEc].txt,608
3360,@eliteftsofficial,elitefts.com - Power Rack Packages [YSjaoNMO7cY],@eliteftsofficial/elitefts.com - Power Rack Packages [YSjaoNMO7cY].txt,352
3361,@eliteftsofficial,Elitefts.com - Ken Jackson Superset Leg Curls with Leg Presses [cxnd2-WDlbY],@eliteftsofficial/Elitefts.com - Ken Jackson Superset Leg Curls with Leg Presses [cxnd2-WDlbY].txt,14
3362,@eliteftsofficial,elitefts.com—Prone Rows - Jennica Kidd - Mountian Dog Back Day [bSDGOz8fqJk],@eliteftsofficial/elitefts.com—Prone Rows - Jennica Kidd - Mountian Dog Back Day [bSDGOz8fqJk].txt,3
3363,@eliteftsofficial,elitefts.com - Incline Chain Fly [E_cY57j-QSs],@eliteftsofficial/elitefts.com - Incline Chain Fly [E_cY57j-QSs].txt,0
3364,@eliteftsofficial,elitefts.com—Trap Circuit [RqJG4MhfzGU],@eliteftsofficial/elitefts.com—Trap Circuit [RqJG4MhfzGU].txt,468
3365,@eliteftsofficial,elitefts.com — Neck Extension w⧸ Harness & Mini-Band [GbDU6hbqM78],@eliteftsofficial/elitefts.com — Neck Extension w⧸ Harness & Mini-Band [GbDU6hbqM78].txt,159
3366,@eliteftsofficial,elitefts.com — Strong(her) Manual Hamstring Curls [-fyuBAjfZI4],@eliteftsofficial/elitefts.com — Strong(her) Manual Hamstring Curls [-fyuBAjfZI4].txt,91
3367,@eliteftsofficial,elitefts.com - Power Athlete's Founder John Welbourn's Brutal Honesty [ncaaYmczj1Q],@eliteftsofficial/elitefts.com - Power Athlete's Founder John Welbourn's Brutal Honesty [ncaaYmczj1Q].txt,2367
3368,@eliteftsofficial,elitefts.com - What would you change in powerlifting？ (Part 4 of 4) [UGT9iQlgHHI],@eliteftsofficial/elitefts.com - What would you change in powerlifting？ (Part 4 of 4) [UGT9iQlgHHI].txt,1052
3369,@eliteftsofficial,elitefts.com - The Foundation of The Tier System For Training [MPD_FXjcX2Y],@eliteftsofficial/elitefts.com - The Foundation of The Tier System For Training [MPD_FXjcX2Y].txt,38
3370,@eliteftsofficial,Weekend Training 10⧸10⧸15 - elitefts.com [bFaR6vEXIho],@eliteftsofficial/Weekend Training 10⧸10⧸15 - elitefts.com [bFaR6vEXIho].txt,138
3371,@eliteftsofficial,elitefts.com — Michael Stuchiner： Video Inquisition (Part 4) [8vPE4MzV8jM],@eliteftsofficial/elitefts.com — Michael Stuchiner： Video Inquisition (Part 4) [8vPE4MzV8jM].txt,901
3372,@eliteftsofficial,Elitefts.com - Table Talk Special Edition Part 3 [eJJ6p926tKc],@eliteftsofficial/Elitefts.com - Table Talk Special Edition Part 3 [eJJ6p926tKc].txt,1760
3373,@eliteftsofficial,elitefts.com — Questions with Clint (Part 4) [CiJWpxoF-J8],@eliteftsofficial/elitefts.com — Questions with Clint (Part 4) [CiJWpxoF-J8].txt,2140
3374,@eliteftsofficial,Technique Teardown with Dave Tate： Episode 4 ｜ elitefts.com [vEYZxB6zWJY],@eliteftsofficial/Technique Teardown with Dave Tate： Episode 4 ｜ elitefts.com [vEYZxB6zWJY].txt,984
3375,@eliteftsofficial,elitefts.com - Old School Elitefts Training Motivation [8SFTe0ZE9Jg],@eliteftsofficial/elitefts.com - Old School Elitefts Training Motivation [8SFTe0ZE9Jg].txt,475
3376,@eliteftsofficial,elitefts.com — Tricep Finisher [FeLLBqg2b5Y],@eliteftsofficial/elitefts.com — Tricep Finisher [FeLLBqg2b5Y].txt,0
3377,@eliteftsofficial,elitefts.com—Brian Schwab Video Inquisition (Part 4) [WeZu3qLkvf4],@eliteftsofficial/elitefts.com—Brian Schwab Video Inquisition (Part 4) [WeZu3qLkvf4].txt,856
3378,@eliteftsofficial,elitefts.com — Chad Aichs Interview (Part 3) [JP8HqGwbtj8],@eliteftsofficial/elitefts.com — Chad Aichs Interview (Part 3) [JP8HqGwbtj8].txt,943
3379,@eliteftsofficial,Dan Green and Dave Tate Talk Powerlifting Training - elitefts.com [BNbDtlpPyyU],@eliteftsofficial/Dan Green and Dave Tate Talk Powerlifting Training - elitefts.com [BNbDtlpPyyU].txt,1906
3380,@eliteftsofficial,"elitefts.com — Last Set Slight Decline Press with Ben Pakulski, John Meadows and Dave Tate et [H5HHH9Jf0OY]","@eliteftsofficial/elitefts.com — Last Set Slight Decline Press with Ben Pakulski, John Meadows and Dave Tate et [H5HHH9Jf0OY].txt",407
3381,@eliteftsofficial,elitefts.com–Resisted Band Jump Tuck Jump Sprint Complex [NmN-ZKrSdoA],@eliteftsofficial/elitefts.com–Resisted Band Jump Tuck Jump Sprint Complex [NmN-ZKrSdoA].txt,1035
3382,@eliteftsofficial,elitefts.com — A Visit to Primal Training Studio [AF7lgcvReaw],@eliteftsofficial/elitefts.com — A Visit to Primal Training Studio [AF7lgcvReaw].txt,2013
3383,@eliteftsofficial,Team elitefts promotes 2014 Make-A-Wish books (Version 2) [qcwaGvVZTwk],@eliteftsofficial/Team elitefts promotes 2014 Make-A-Wish books (Version 2) [qcwaGvVZTwk].txt,176
3384,@eliteftsofficial,elitefts.com — Squat Night with Matt Wenning [PyAkAozNz7A],@eliteftsofficial/elitefts.com — Squat Night with Matt Wenning [PyAkAozNz7A].txt,387
3385,@eliteftsofficial,The Science and Strength of Scott Stevenson (Part 3) ＂Training Frequency＂ - elitefts.com [Bfdh2XzEPZE],@eliteftsofficial/The Science and Strength of Scott Stevenson (Part 3) ＂Training Frequency＂ - elitefts.com [Bfdh2XzEPZE].txt,4160
3386,@eliteftsofficial,elitefts.com - Justin Harris Brings the Science Back Into the Meathead Community [d3rk81NrbF8],@eliteftsofficial/elitefts.com - Justin Harris Brings the Science Back Into the Meathead Community [d3rk81NrbF8].txt,1034
3387,@eliteftsofficial,Training Economy For The Washed-Up Meathead ｜ elitefts.com [nam1f2n8aTU],@eliteftsofficial/Training Economy For The Washed-Up Meathead ｜ elitefts.com [nam1f2n8aTU].txt,421
3388,@eliteftsofficial,Julia Ladewski Explains Powerbuilding - elitefts.com [LgdHFPsbx5I],@eliteftsofficial/Julia Ladewski Explains Powerbuilding - elitefts.com [LgdHFPsbx5I].txt,724
3389,@eliteftsofficial,elitefts.com — Leg Press with Chains [xeHQpZqb3I8],@eliteftsofficial/elitefts.com — Leg Press with Chains [xeHQpZqb3I8].txt,3
3390,@eliteftsofficial,elitefts.com — Cambered Bar Bent Over Box Squat with Chains [s-LFYuCUonA],@eliteftsofficial/elitefts.com — Cambered Bar Bent Over Box Squat with Chains [s-LFYuCUonA].txt,19
3391,@eliteftsofficial,"elitefts.com—Train Like a Linebacker, Eat Like a Bodybuilder [6rsX-2rWRtA]","@eliteftsofficial/elitefts.com—Train Like a Linebacker, Eat Like a Bodybuilder [6rsX-2rWRtA].txt",7121
3392,@eliteftsofficial,elitefts.com - The Second Powerlifting Experience PROMO #PLEXP2 [hFYYhM4OFfo],@eliteftsofficial/elitefts.com - The Second Powerlifting Experience PROMO #PLEXP2 [hFYYhM4OFfo].txt,44
3393,@eliteftsofficial,Elitefts.com - Table Talk Special Edition Part 2 [72XMwO3GuH8],@eliteftsofficial/Elitefts.com - Table Talk Special Edition Part 2 [72XMwO3GuH8].txt,1252
3394,@eliteftsofficial,elitefts.com — So You Think You Can Deadlift？ (Part 2) [ksnAyxoF9v4],@eliteftsofficial/elitefts.com — So You Think You Can Deadlift？ (Part 2) [ksnAyxoF9v4].txt,649
3395,@eliteftsofficial,elitefts.com—Skip Hill Seminar (Part 3) [iBXsfw85fs0],@eliteftsofficial/elitefts.com—Skip Hill Seminar (Part 3) [iBXsfw85fs0].txt,5253
3396,@eliteftsofficial,elitefts.com - Lateral Speed Progression with Bands [GJQPxgu0SmA],@eliteftsofficial/elitefts.com - Lateral Speed Progression with Bands [GJQPxgu0SmA].txt,407
3397,@eliteftsofficial,Eliminate Shoulder & Elbow Pain With Incline Bicep Curls ｜ elitefts.com [vha7iJu2fRE],@eliteftsofficial/Eliminate Shoulder & Elbow Pain With Incline Bicep Curls ｜ elitefts.com [vha7iJu2fRE].txt,686
3398,@eliteftsofficial,elitefts.com - The Foundation of The Tier System For Training Now Available [_lYC5uVIBIw],@eliteftsofficial/elitefts.com - The Foundation of The Tier System For Training Now Available [_lYC5uVIBIw].txt,175
3399,@eliteftsofficial,The elitefts G3 45 Degree Back Raise and 5 Exercises You Can Do ｜ elitefts.com [pesx459yGew],@eliteftsofficial/The elitefts G3 45 Degree Back Raise and 5 Exercises You Can Do ｜ elitefts.com [pesx459yGew].txt,646
3400,@eliteftsofficial,elitefts.com—Skip Hill Seminar (Part 2) [-QV_dc32bTg],@eliteftsofficial/elitefts.com—Skip Hill Seminar (Part 2) [-QV_dc32bTg].txt,5725
3401,@eliteftsofficial,elitefts.com — One Arm Dumbbell Snatch [6aEpg6n-3ag],@eliteftsofficial/elitefts.com — One Arm Dumbbell Snatch [6aEpg6n-3ag].txt,1
3402,@eliteftsofficial,elitefts.com — Mountain Dog Back Day： Pulls off Matt with Chains [WClOigazCWE],@eliteftsofficial/elitefts.com — Mountain Dog Back Day： Pulls off Matt with Chains [WClOigazCWE].txt,12
3403,@eliteftsofficial,elitefts.com - Dave Tate speaking at the first ever Sports Performance Training Summit [dsk0BXluFMM],@eliteftsofficial/elitefts.com - Dave Tate speaking at the first ever Sports Performance Training Summit [dsk0BXluFMM].txt,1510
3404,@eliteftsofficial,elitefts.com—Strength Coach Q&A： Changes in the Field [uZw_jxF0W8I],@eliteftsofficial/elitefts.com—Strength Coach Q&A： Changes in the Field [uZw_jxF0W8I].txt,1622
3405,@eliteftsofficial,elitefts.com — Chad Aichs Interview (Part 4) [2V_mDuCsTwQ],@eliteftsofficial/elitefts.com — Chad Aichs Interview (Part 4) [2V_mDuCsTwQ].txt,1279
3406,@eliteftsofficial,elitefts.com — The Chalk Box [oIxQWnjlCQQ],@eliteftsofficial/elitefts.com — The Chalk Box [oIxQWnjlCQQ].txt,262
3407,@eliteftsofficial,elitefts.com — Close-Grip Bench Press Chain Strip Set [F4owbuJNTv4],@eliteftsofficial/elitefts.com — Close-Grip Bench Press Chain Strip Set [F4owbuJNTv4].txt,37
3408,@eliteftsofficial,elitefts.com—Strength Coach Q&A： Technology and S&C [6lL_YGNJ2wU],@eliteftsofficial/elitefts.com—Strength Coach Q&A： Technology and S&C [6lL_YGNJ2wU].txt,1098
3409,@eliteftsofficial,"elitefts.com - Kettlebells for Team Sports： OHP, Goblet Squat, SLRDL, 1 Arm Row [obPxsihhkgI]","@eliteftsofficial/elitefts.com - Kettlebells for Team Sports： OHP, Goblet Squat, SLRDL, 1 Arm Row [obPxsihhkgI].txt",1142
3410,@eliteftsofficial,The Science and Strength of Scott Stevenson (Part 2) ＂Peri Workout Nutrition＂ - elitefts.com [syeRKJHsZSc],@eliteftsofficial/The Science and Strength of Scott Stevenson (Part 2) ＂Peri Workout Nutrition＂ - elitefts.com [syeRKJHsZSc].txt,3774
3411,@eliteftsofficial,Train Your Ass Off with Dave Tate： The Ascending Bench Press ｜ elitefts.com [MpguyTt5e-U],@eliteftsofficial/Train Your Ass Off with Dave Tate： The Ascending Bench Press ｜ elitefts.com [MpguyTt5e-U].txt,1012
3412,@eliteftsofficial,elitefts.com — M.R. Neck Front Flexion [AW16Xcxb7t8],@eliteftsofficial/elitefts.com — M.R. Neck Front Flexion [AW16Xcxb7t8].txt,146
3413,@eliteftsofficial,elitefts.com — High A＊＊ Box Squats [YOdXBjzjcI8],@eliteftsofficial/elitefts.com — High A＊＊ Box Squats [YOdXBjzjcI8].txt,0
3414,@eliteftsofficial,Technique Teardown with Dave Tate： Episode 1 ｜ elitefts.com [_Z7bot0RQF8],@eliteftsofficial/Technique Teardown with Dave Tate： Episode 1 ｜ elitefts.com [_Z7bot0RQF8].txt,1184
3415,@eliteftsofficial,elitefts.com — Talking About Autism Training with Matt Wenning [aASpPLdFJX4],@eliteftsofficial/elitefts.com — Talking About Autism Training with Matt Wenning [aASpPLdFJX4].txt,100
3416,@eliteftsofficial,elitefts.com - Preparatory Exercises for Throwing the Shot-Put [onhDDtt7WYw],@eliteftsofficial/elitefts.com - Preparatory Exercises for Throwing the Shot-Put [onhDDtt7WYw].txt,843
3417,@eliteftsofficial,elitefts.com—Reverse Grip Bench Press [QRxHQ3I5MK8],@eliteftsofficial/elitefts.com—Reverse Grip Bench Press [QRxHQ3I5MK8].txt,0
3418,@eliteftsofficial,elitefts.com — UGSS Jeremy Frey Interview [PNDLa_k_qGM],@eliteftsofficial/elitefts.com — UGSS Jeremy Frey Interview [PNDLa_k_qGM].txt,3896
3419,@eliteftsofficial,elitefts.com—Josh Bryant Seminar Destination Dallas - Part 4 of 6 [ocpxlB8j9Wg],@eliteftsofficial/elitefts.com—Josh Bryant Seminar Destination Dallas - Part 4 of 6 [ocpxlB8j9Wg].txt,4055
3420,@eliteftsofficial,elitefts.com—Josh Bryant Seminar Destination Dallas - Part 6 of 6 [uon_UISbgm4],@eliteftsofficial/elitefts.com—Josh Bryant Seminar Destination Dallas - Part 6 of 6 [uon_UISbgm4].txt,3584
3421,@DrGabrielleLyon,"The Truth About Sleep： Myths, Tips, and Sleep Routine with Dr. Rebecca Robbins [F9rfIwKLXvo]","@DrGabrielleLyon/The Truth About Sleep： Myths, Tips, and Sleep Routine with Dr. Rebecca Robbins [F9rfIwKLXvo].txt",13791
3422,@DrGabrielleLyon,Cancel Your Fear of Dying： How to Live Fully by Facing Death ｜ Elena Brower [Yjl4fnsBC1o],@DrGabrielleLyon/Cancel Your Fear of Dying： How to Live Fully by Facing Death ｜ Elena Brower [Yjl4fnsBC1o].txt,14044
3423,@DrGabrielleLyon,The Scientific Diet for Weight Loss ｜ Donald Layman PhD [X6_iXp4le2U],@DrGabrielleLyon/The Scientific Diet for Weight Loss ｜ Donald Layman PhD [X6_iXp4le2U].txt,1132
3424,@DrGabrielleLyon,Common Fat Loss Mistakes and How to Fix Them ｜ Don Saladino [-l6Zqhl4HXY],@DrGabrielleLyon/Common Fat Loss Mistakes and How to Fix Them ｜ Don Saladino [-l6Zqhl4HXY].txt,1962
3425,@DrGabrielleLyon,The Children's Health Crisis： Why 50% of Kids Have a Chronic Disease ｜ Joel Gator [t4qvxK8ymlQ],@DrGabrielleLyon/The Children's Health Crisis： Why 50% of Kids Have a Chronic Disease ｜ Joel Gator [t4qvxK8ymlQ].txt,17325
3426,@DrGabrielleLyon,The Science Behind Sprinting ｜ Justin Gatlin's 20-Year Approach to Peak Performance and Longevity [d1xpcefrSnQ],@DrGabrielleLyon/The Science Behind Sprinting ｜ Justin Gatlin's 20-Year Approach to Peak Performance and Longevity [d1xpcefrSnQ].txt,21801
3427,@DrGabrielleLyon,The Truth About Protein Timing and Aging ｜ Donald Layman PhD [w1YlV1nDcIw],@DrGabrielleLyon/The Truth About Protein Timing and Aging ｜ Donald Layman PhD [w1YlV1nDcIw].txt,11226
3428,@DrGabrielleLyon,Ultimate Fat Loss Guide - Gabrielle Lyon - Mike Israetel - Layne Norton - Don Saladino [wFgxAFgq7Es],@DrGabrielleLyon/Ultimate Fat Loss Guide - Gabrielle Lyon - Mike Israetel - Layne Norton - Don Saladino [wFgxAFgq7Es].txt,21244
3429,@DrGabrielleLyon,The Secret to Effective Beginner Workouts ｜ Don Saladino [hjpuMNDdZxA],@DrGabrielleLyon/The Secret to Effective Beginner Workouts ｜ Don Saladino [hjpuMNDdZxA].txt,23287
3430,@DrGabrielleLyon,You're Eating Breakfast Wrong ｜ GlucoseGoddess (Jessie Inchauspé) [BZK3OudaIlI],@DrGabrielleLyon/You're Eating Breakfast Wrong ｜ GlucoseGoddess (Jessie Inchauspé) [BZK3OudaIlI].txt,1053
3431,@DrGabrielleLyon,Flexing Knowledge ｜ Tendon Health Decoded with Dr. Gerard D’Onofrio [a4CgC8bGBKA],@DrGabrielleLyon/Flexing Knowledge ｜ Tendon Health Decoded with Dr. Gerard D’Onofrio [a4CgC8bGBKA].txt,22208
3432,@DrGabrielleLyon,How to Change Your Brain： The Science of Behavior ｜ ft. Brian Johnson [qeyQoJTiE0U],@DrGabrielleLyon/How to Change Your Brain： The Science of Behavior ｜ ft. Brian Johnson [qeyQoJTiE0U].txt,14087
3433,@DrGabrielleLyon,Unlocking the Secrets of Female Anatomy ｜ Dr. Rena Malik [ROunE6k7qqQ],@DrGabrielleLyon/Unlocking the Secrets of Female Anatomy ｜ Dr. Rena Malik [ROunE6k7qqQ].txt,15443
3434,@DrGabrielleLyon,"The TRUTH About Low T, Hormones, and Safe Treatment Protocols [5Im57flPbE4]","@DrGabrielleLyon/The TRUTH About Low T, Hormones, and Safe Treatment Protocols [5Im57flPbE4].txt",7474
3435,@DrGabrielleLyon,The Protein Debate： Dr. Layman Reacts to Dr. Gardner's claims on The Huberman Lab [UHaZ3gJBaxs],@DrGabrielleLyon/The Protein Debate： Dr. Layman Reacts to Dr. Gardner's claims on The Huberman Lab [UHaZ3gJBaxs].txt,12695
3436,@DrGabrielleLyon,Women’s Heart Disease Is Misunderstood—Here’s What You’re Not Hearing ｜ Dr. Martha Gulati [mwImu0cAdrs],@DrGabrielleLyon/Women’s Heart Disease Is Misunderstood—Here’s What You’re Not Hearing ｜ Dr. Martha Gulati [mwImu0cAdrs].txt,16070
3437,@DrGabrielleLyon,Diabetes Can be Cured Without Drugs ｜ Gary Taubes [Pm7ymvRLHJQ],@DrGabrielleLyon/Diabetes Can be Cured Without Drugs ｜ Gary Taubes [Pm7ymvRLHJQ].txt,1325
3438,@DrGabrielleLyon,Rivalry and Redemption ｜ Justin Gatlin’s Comeback Story [gdW0PlPpao0],@DrGabrielleLyon/Rivalry and Redemption ｜ Justin Gatlin’s Comeback Story [gdW0PlPpao0].txt,1454
3439,@DrGabrielleLyon,Jeremy Miner： The Mindset of a Top 1% Performer [3sYuxr1cVxY],@DrGabrielleLyon/Jeremy Miner： The Mindset of a Top 1% Performer [3sYuxr1cVxY].txt,14789
3440,@DrGabrielleLyon,Unlocking Protein's Power ｜ Dr. Jess Gwin on Essential Amino Acids and Muscle Health [7MgzXj6t1JA],@DrGabrielleLyon/Unlocking Protein's Power ｜ Dr. Jess Gwin on Essential Amino Acids and Muscle Health [7MgzXj6t1JA].txt,11504
3441,@DrGabrielleLyon,Plastic Surgery for Wellness and Overall Health ｜ Dr Anthony Youn [oE__qFvkT_A],@DrGabrielleLyon/Plastic Surgery for Wellness and Overall Health ｜ Dr Anthony Youn [oE__qFvkT_A].txt,16562
3442,@DrGabrielleLyon,Pushing your Limits with VO2 Max ｜ Dr. Andy Galpin [clKyuxDD0OA],@DrGabrielleLyon/Pushing your Limits with VO2 Max ｜ Dr. Andy Galpin [clKyuxDD0OA].txt,2055
3443,@DrGabrielleLyon,Why Men’s Fertility Is Declining： The Truth About Testosterone [8z4L_Hnzftk],@DrGabrielleLyon/Why Men’s Fertility Is Declining： The Truth About Testosterone [8z4L_Hnzftk].txt,17178
3444,@DrGabrielleLyon,Is it Time to Ditch Cardio and Build Muscle？ ｜ Dr. Mike Israetel [mIk_AMV2HLc],@DrGabrielleLyon/Is it Time to Ditch Cardio and Build Muscle？ ｜ Dr. Mike Israetel [mIk_AMV2HLc].txt,1757
3445,@DrGabrielleLyon,Sunscreen Myths and How Supplements Protect Your Skin from the Inside Out ｜ Teo Soleymani [AtVeRN_xWNw],@DrGabrielleLyon/Sunscreen Myths and How Supplements Protect Your Skin from the Inside Out ｜ Teo Soleymani [AtVeRN_xWNw].txt,18486
3446,@DrGabrielleLyon,Exercise Scientist Reveals Perfect Formula for Muscle Growth ｜ Dr. Mike Israetel [4ybD8NeMrzM],@DrGabrielleLyon/Exercise Scientist Reveals Perfect Formula for Muscle Growth ｜ Dr. Mike Israetel [4ybD8NeMrzM].txt,15262
3447,@DrGabrielleLyon,The Real Definition of PTSD ｜ Chris Frueh PhD [N0znuH25LzA],@DrGabrielleLyon/The Real Definition of PTSD ｜ Chris Frueh PhD [N0znuH25LzA].txt,1545
3448,@DrGabrielleLyon,You Can Conquer Trauma and PTSD ｜ Chris Frueh PhD [0olunOZM2lc],@DrGabrielleLyon/You Can Conquer Trauma and PTSD ｜ Chris Frueh PhD [0olunOZM2lc].txt,18671
3449,@DrGabrielleLyon,Sleep Expert Explains Sleep Medication Effects and the Best Long-Term Solution ｜ Dr Rebecca Robbins [HCgMiw3mKd4],@DrGabrielleLyon/Sleep Expert Explains Sleep Medication Effects and the Best Long-Term Solution ｜ Dr Rebecca Robbins [HCgMiw3mKd4].txt,1702
3450,@DrGabrielleLyon,Enhance Wellness through Light and Mitochondria ｜ Insights with Dr. Alexis Cowan [KNigP1GInNw],@DrGabrielleLyon/Enhance Wellness through Light and Mitochondria ｜ Insights with Dr. Alexis Cowan [KNigP1GInNw].txt,19245
3451,@DrGabrielleLyon,Muscle Secrets They Don't Want You to Know ｜ Dr. Andy Galpin [t39YHizCFlk],@DrGabrielleLyon/Muscle Secrets They Don't Want You to Know ｜ Dr. Andy Galpin [t39YHizCFlk].txt,38187
3452,@DrGabrielleLyon,Why Every Man Should Prioritize Muscle Mass ｜ Dr Tobias Kohler [PgBntuDnzTQ],@DrGabrielleLyon/Why Every Man Should Prioritize Muscle Mass ｜ Dr Tobias Kohler [PgBntuDnzTQ].txt,1845
3453,@DrGabrielleLyon,The Science of Power Naps - The Ultimate Productivity & Brain Hack ｜ Dr. Rebecca Robbins [tFU9fR7Pg3E],@DrGabrielleLyon/The Science of Power Naps - The Ultimate Productivity & Brain Hack ｜ Dr. Rebecca Robbins [tFU9fR7Pg3E].txt,1765
3454,@DrGabrielleLyon,How to fix Erectile Dysfunction (ED) - Erections Guaranteed Every Time ｜ Dr Tobias Kohler [ya9twxVdMbY],@DrGabrielleLyon/How to fix Erectile Dysfunction (ED) - Erections Guaranteed Every Time ｜ Dr Tobias Kohler [ya9twxVdMbY].txt,1540
3455,@DrGabrielleLyon,"The Menstrual Cycle DECODED： Fertility, PCOS, and the New Science of Hormones ｜ Heidi Vanden Ph.D [u8dhaVO9pd4]","@DrGabrielleLyon/The Menstrual Cycle DECODED： Fertility, PCOS, and the New Science of Hormones ｜ Heidi Vanden Ph.D [u8dhaVO9pd4].txt",12003
3456,@DrGabrielleLyon,Why Navy SEALs Aren't Scared Like Everyone Else ｜ Rich Diviney [siV6dfNw6Tc],@DrGabrielleLyon/Why Navy SEALs Aren't Scared Like Everyone Else ｜ Rich Diviney [siV6dfNw6Tc].txt,15659
3457,@DrGabrielleLyon,master_transcript1,@DrGabrielleLyon/master_transcript1.txt,799023
3458,@DrGabrielleLyon,Preventing Silent Heart Attacks： The Tests & Tools Your Doctor Isn’t Using ｜ Dr. Michael Twyman [QuRIu7vfQqg],@DrGabrielleLyon/Preventing Silent Heart Attacks： The Tests & Tools Your Doctor Isn’t Using ｜ Dr. Michael Twyman [QuRIu7vfQqg].txt,19749
3459,@DrGabrielleLyon,The Fastest Way to Lose Weight？ ｜ Dr Anthony Youn [sTJ1n2dQ4Qo],@DrGabrielleLyon/The Fastest Way to Lose Weight？ ｜ Dr Anthony Youn [sTJ1n2dQ4Qo].txt,1556
3460,@DrGabrielleLyon,Why Americans are Getting Sicker - The Missing Piece to Better Health ｜ Dr. Casey Means [N4ZlZBbu6tY],@DrGabrielleLyon/Why Americans are Getting Sicker - The Missing Piece to Better Health ｜ Dr. Casey Means [N4ZlZBbu6tY].txt,14583
3461,@DrGabrielleLyon,How much sleep do children need？ ｜ Perfect Sleep Schedule for Kids [udV1OjHecRQ],@DrGabrielleLyon/How much sleep do children need？ ｜ Perfect Sleep Schedule for Kids [udV1OjHecRQ].txt,1754
3462,@DrGabrielleLyon,Erections & Testosterone - Erectile Dysfunction and the Link to Muscle Mass ｜ Dr Tobias S Kohler [__xtrUa3Dck],@DrGabrielleLyon/Erections & Testosterone - Erectile Dysfunction and the Link to Muscle Mass ｜ Dr Tobias S Kohler [__xtrUa3Dck].txt,13038
3463,@DrGabrielleLyon,Why You Shouldn't Sleep-in on Weekends - Social Jet Lag Explained [t1V4qkZ7E40],@DrGabrielleLyon/Why You Shouldn't Sleep-in on Weekends - Social Jet Lag Explained [t1V4qkZ7E40].txt,1616
3464,@DrGabrielleLyon,Achieve Your Ideal Body Composition ｜ Dr Ted Naiman [QpN8biS7kiQ],@DrGabrielleLyon/Achieve Your Ideal Body Composition ｜ Dr Ted Naiman [QpN8biS7kiQ].txt,13237
3465,@DrGabrielleLyon,Enhancing Health & Performance： Improve Your Heart Rate Variability ｜ Joel Jamieson [FXy0hOH1c8k],@DrGabrielleLyon/Enhancing Health & Performance： Improve Your Heart Rate Variability ｜ Joel Jamieson [FXy0hOH1c8k].txt,25126
3466,@DrGabrielleLyon,How to Create Discipline in Children ｜ Matt Beaudreau [v7m4paGe7bM],@DrGabrielleLyon/How to Create Discipline in Children ｜ Matt Beaudreau [v7m4paGe7bM].txt,1360
3467,@DrGabrielleLyon,"Fix Your Mental Health, Body, and Brain by Managing Blood Sugar ｜ GlucoseGoddess (Jessie Inchauspé) [UFc2jxng-4o]","@DrGabrielleLyon/Fix Your Mental Health, Body, and Brain by Managing Blood Sugar ｜ GlucoseGoddess (Jessie Inchauspé) [UFc2jxng-4o].txt",9942
3468,@DrGabrielleLyon,A Deep Dive into Neuroscience ｜ Dr. Erik Won [I2ljQt5UbKc],@DrGabrielleLyon/A Deep Dive into Neuroscience ｜ Dr. Erik Won [I2ljQt5UbKc].txt,12346
3469,@DrGabrielleLyon,The Problem With Modern Stress ｜ Dr Domenick Sportelli [Cke2kQ96F74],@DrGabrielleLyon/The Problem With Modern Stress ｜ Dr Domenick Sportelli [Cke2kQ96F74].txt,1615
3470,@DrGabrielleLyon,"Why Muscle Is Medicine： The History, Science, and Future of Strength [v6TjSs7IHCg]","@DrGabrielleLyon/Why Muscle Is Medicine： The History, Science, and Future of Strength [v6TjSs7IHCg].txt",10956
3471,@DrGabrielleLyon,"Chronic Symptoms Secretly Caused by MCAS, POTS, and Histamine Intolerance ｜ Michelle Shapiro [15fcHVsPhjE]","@DrGabrielleLyon/Chronic Symptoms Secretly Caused by MCAS, POTS, and Histamine Intolerance ｜ Michelle Shapiro [15fcHVsPhjE].txt",14493
3472,@DrGabrielleLyon,Erectile Dysfunction Is Reversible! with Dr. Mo Khera [_WjfAGnb-Kk],@DrGabrielleLyon/Erectile Dysfunction Is Reversible! with Dr. Mo Khera [_WjfAGnb-Kk].txt,1616
3473,@DrGabrielleLyon,Sex Therapist explains The Science-Backed Guide to a Better Sex Life ｜ Marianne Brandon [xKfsg86opN8],@DrGabrielleLyon/Sex Therapist explains The Science-Backed Guide to a Better Sex Life ｜ Marianne Brandon [xKfsg86opN8].txt,13652
3474,@DrGabrielleLyon,"Crafting an Elite Identity ｜ Dr. Maddy Novich on Health, Relationships, and Collective Thinking [9gQMXzELflI]","@DrGabrielleLyon/Crafting an Elite Identity ｜ Dr. Maddy Novich on Health, Relationships, and Collective Thinking [9gQMXzELflI].txt",11603
3475,@DrGabrielleLyon,The Science of Resilience： How You Can Heal From Within ｜ Dr Domenick Sportelli [QbZ37eqWMD4],@DrGabrielleLyon/The Science of Resilience： How You Can Heal From Within ｜ Dr Domenick Sportelli [QbZ37eqWMD4].txt,19188
3476,@DrGabrielleLyon,"Why Muscle Doesn’t Respond： Protein Efficiency, Obesity & Resistance Training ｜ Dr. Nick Burd [7X6cNuw0HTY]","@DrGabrielleLyon/Why Muscle Doesn’t Respond： Protein Efficiency, Obesity & Resistance Training ｜ Dr. Nick Burd [7X6cNuw0HTY].txt",10938
3477,@DrGabrielleLyon,How to Master Life’s Transitions ｜ Dr. Maddy Novich on the Power of Mentorship and Community [OH68x-rzRxg],@DrGabrielleLyon/How to Master Life’s Transitions ｜ Dr. Maddy Novich on the Power of Mentorship and Community [OH68x-rzRxg].txt,978
3478,@DrGabrielleLyon,master_transcript,@DrGabrielleLyon/master_transcript.txt,800166
3479,@DrGabrielleLyon,New Cancer Treatments and Radiation Myths with Dr Sanjay Mehta [nc8gfmMtXWM],@DrGabrielleLyon/New Cancer Treatments and Radiation Myths with Dr Sanjay Mehta [nc8gfmMtXWM].txt,17313
3480,@DrGabrielleLyon,"Heal Your Gut, Heal Your Life ｜ Practical Tips with Dr. Ken Brown [heZWf1w8g0E]","@DrGabrielleLyon/Heal Your Gut, Heal Your Life ｜ Practical Tips with Dr. Ken Brown [heZWf1w8g0E].txt",21926
3481,@DrGabrielleLyon,How to Get the Most Out of Creatine ｜ Darren Candow PhD [llBBl9eQ33g],@DrGabrielleLyon/How to Get the Most Out of Creatine ｜ Darren Candow PhD [llBBl9eQ33g].txt,13580
3482,@DrGabrielleLyon,"The Role Of The Gut in Obesity, ADHD + Anxiety with Dr. Ken Brown [NWG8AzFUQzo]","@DrGabrielleLyon/The Role Of The Gut in Obesity, ADHD + Anxiety with Dr. Ken Brown [NWG8AzFUQzo].txt",1612
3483,@DrGabrielleLyon,5 Essentials for Every Meal [yo1ncIi1BgE],@DrGabrielleLyon/5 Essentials for Every Meal [yo1ncIi1BgE].txt,1764
3484,@DrGabrielleLyon,Rebuilding the Education System to Train Leaders ｜ Matt Beaudreau [QUyfMZUecl0],@DrGabrielleLyon/Rebuilding the Education System to Train Leaders ｜ Matt Beaudreau [QUyfMZUecl0].txt,18536
3485,@DrGabrielleLyon,Can You Eat Your Way to a Healthier Brain？ (Even Before You Can Talk) [miy6icH08R8],@DrGabrielleLyon/Can You Eat Your Way to a Healthier Brain？ (Even Before You Can Talk) [miy6icH08R8].txt,11971
3486,@DrGabrielleLyon,Illegal in North America But It’s the Future of Medicine! ｜ Dr Adeel Khan [IHF0jaYAmMk],@DrGabrielleLyon/Illegal in North America But It’s the Future of Medicine! ｜ Dr Adeel Khan [IHF0jaYAmMk].txt,1413
3487,@DrGabrielleLyon,The Shocking Link Between Erectile Dysfunction and Heart Attacks with Dr. Mo Khera [O1iNcOQP0rk],@DrGabrielleLyon/The Shocking Link Between Erectile Dysfunction and Heart Attacks with Dr. Mo Khera [O1iNcOQP0rk].txt,19109
3488,@DrGabrielleLyon,"Sleep, Sweat, and Desire ｜ The Secret Formula [YEnSLkIPld4]","@DrGabrielleLyon/Sleep, Sweat, and Desire ｜ The Secret Formula [YEnSLkIPld4].txt",1531
3489,@DrGabrielleLyon,High-Intensity vs. Moderate Training ｜ Which is Better for Long-term Health？ [KzdG67217Tw],@DrGabrielleLyon/High-Intensity vs. Moderate Training ｜ Which is Better for Long-term Health？ [KzdG67217Tw].txt,2030
3490,@DrGabrielleLyon,The Truth About Hormones： Why Every Woman Should Consider Menopause Therapy [sEM_s-jtZeE],@DrGabrielleLyon/The Truth About Hormones： Why Every Woman Should Consider Menopause Therapy [sEM_s-jtZeE].txt,7275
3491,@DrGabrielleLyon,Live Longer & Heal Faster with Gene Therapy and Stem Cells ｜ Dr Adeel Khan [P6-Jr5nBzSU],@DrGabrielleLyon/Live Longer & Heal Faster with Gene Therapy and Stem Cells ｜ Dr Adeel Khan [P6-Jr5nBzSU].txt,18802
3492,@DrGabrielleLyon,How To Prevent Deficiency on a Plant-Based Diet with Dr. Jess Gwin [mfZZkoZFvB4],@DrGabrielleLyon/How To Prevent Deficiency on a Plant-Based Diet with Dr. Jess Gwin [mfZZkoZFvB4].txt,1329
3493,@DrGabrielleLyon,The Surprising Reason Why Science is Often Wrong ｜ Gary Taubes [IY6Pw7_WjJM],@DrGabrielleLyon/The Surprising Reason Why Science is Often Wrong ｜ Gary Taubes [IY6Pw7_WjJM].txt,13375
3494,@DrGabrielleLyon,Unpacking the Impact of Sunlight ｜ Dr. Alexis Cowan [YzylifZbNgk],@DrGabrielleLyon/Unpacking the Impact of Sunlight ｜ Dr. Alexis Cowan [YzylifZbNgk].txt,1519
3495,@DrGabrielleLyon,The Truth About Red Meat & Cancer Risk with USDA Scientist Dr. David Klurfeld [CRecwPH16KA],@DrGabrielleLyon/The Truth About Red Meat & Cancer Risk with USDA Scientist Dr. David Klurfeld [CRecwPH16KA].txt,14639
3496,@DrGabrielleLyon,How to Know If You Are Fat or Not ｜ Dr Ted Naiman [v3Fy3Akdexg],@DrGabrielleLyon/How to Know If You Are Fat or Not ｜ Dr Ted Naiman [v3Fy3Akdexg].txt,1373
3497,@DrGabrielleLyon,Females Taking Creatine Should Watch This ｜ Darren Candow PhD [KXosfaXsa5s],@DrGabrielleLyon/Females Taking Creatine Should Watch This ｜ Darren Candow PhD [KXosfaXsa5s].txt,1568
3498,@DrGabrielleLyon,1 in 7 Men Make This Mistake That Leads to Irreversible Bladder Damage ｜ Dr Tobias Kohler [1GWmG0xqYzw],@DrGabrielleLyon/1 in 7 Men Make This Mistake That Leads to Irreversible Bladder Damage ｜ Dr Tobias Kohler [1GWmG0xqYzw].txt,1636
3499,@NasmOrgPersonalTrainer,The Business Case for Online Training [mQEbuE3fm0Y],@NasmOrgPersonalTrainer/The Business Case for Online Training [mQEbuE3fm0Y].txt,17776
3500,@NasmOrgPersonalTrainer,Program Design： CES Phase 5 [B_nNU3LnN68],@NasmOrgPersonalTrainer/Program Design： CES Phase 5 [B_nNU3LnN68].txt,9804
3501,@NasmOrgPersonalTrainer,NASM-CPT Podcast： What Does Future Hold for Gyms？ [n5vj46hVd8Y],@NasmOrgPersonalTrainer/NASM-CPT Podcast： What Does Future Hold for Gyms？ [n5vj46hVd8Y].txt,10900
3502,@NasmOrgPersonalTrainer,The Habit Loop [rdSmwQsnMDU],@NasmOrgPersonalTrainer/The Habit Loop [rdSmwQsnMDU].txt,840
3503,@NasmOrgPersonalTrainer,Creating a Legacy： The Business of Women’s Fitness with Shannon Dey [fSseGbLq2zY],@NasmOrgPersonalTrainer/Creating a Legacy： The Business of Women’s Fitness with Shannon Dey [fSseGbLq2zY].txt,9454
3504,@NasmOrgPersonalTrainer,Mindful Meditations： Gratitude [9emtpSFyN3w],@NasmOrgPersonalTrainer/Mindful Meditations： Gratitude [9emtpSFyN3w].txt,767
3505,@NasmOrgPersonalTrainer,Helping Clients Navigate Stress Eating [LRCC6aKk-kc],@NasmOrgPersonalTrainer/Helping Clients Navigate Stress Eating [LRCC6aKk-kc].txt,411
3506,@NasmOrgPersonalTrainer,Everything You Need to Know About Time-Restricted Feeding [ZhCoIKc0RVo],@NasmOrgPersonalTrainer/Everything You Need to Know About Time-Restricted Feeding [ZhCoIKc0RVo].txt,10203
3507,@NasmOrgPersonalTrainer,CES Basics： Recap [27HhVYoJE34],@NasmOrgPersonalTrainer/CES Basics： Recap [27HhVYoJE34].txt,10245
3508,@NasmOrgPersonalTrainer,Financial End Game： Retirement Planning and Wealth Building for Fitness Coaches [4QQD3uoxppY],@NasmOrgPersonalTrainer/Financial End Game： Retirement Planning and Wealth Building for Fitness Coaches [4QQD3uoxppY].txt,4055
3509,@NasmOrgPersonalTrainer,Secrets of Diet and Weight Loss [twER7OU9S4M],@NasmOrgPersonalTrainer/Secrets of Diet and Weight Loss [twER7OU9S4M].txt,10838
3510,@NasmOrgPersonalTrainer,Youth Exercises： Superheroes [4wk-pBoGu9w],@NasmOrgPersonalTrainer/Youth Exercises： Superheroes [4wk-pBoGu9w].txt,308
3511,@NasmOrgPersonalTrainer,Actionable Tips for Personal Trainers： Tackling Client Procrastination [EXJJDl3qcKg],@NasmOrgPersonalTrainer/Actionable Tips for Personal Trainers： Tackling Client Procrastination [EXJJDl3qcKg].txt,6742
3512,@NasmOrgPersonalTrainer,Conscious VS Unconscious Decisions [kvjbT7Lhlyg],@NasmOrgPersonalTrainer/Conscious VS Unconscious Decisions [kvjbT7Lhlyg].txt,730
3513,@NasmOrgPersonalTrainer,Return to Performance： Shoulder Complex [HePMpZGZDVY],@NasmOrgPersonalTrainer/Return to Performance： Shoulder Complex [HePMpZGZDVY].txt,14419
3514,@NasmOrgPersonalTrainer,At-Home Workout： Novice Runner [oy2h-Bp4XtU],@NasmOrgPersonalTrainer/At-Home Workout： Novice Runner [oy2h-Bp4XtU].txt,1208
3515,@NasmOrgPersonalTrainer,Medical Vs. Corrective Exercise [tj_1Tf52YUk],@NasmOrgPersonalTrainer/Medical Vs. Corrective Exercise [tj_1Tf52YUk].txt,8519
3516,@NasmOrgPersonalTrainer,At Home Workout： Dilemma Starts [f4cJfOkBZS4],@NasmOrgPersonalTrainer/At Home Workout： Dilemma Starts [f4cJfOkBZS4].txt,952
3517,@NasmOrgPersonalTrainer,How to Pick the Right Home Gym Equipment [JwwJ1Sq9HPg],@NasmOrgPersonalTrainer/How to Pick the Right Home Gym Equipment [JwwJ1Sq9HPg].txt,9360
3518,@NasmOrgPersonalTrainer,How To Build A Plate [BvElAC8tEGE],@NasmOrgPersonalTrainer/How To Build A Plate [BvElAC8tEGE].txt,1100
3519,@NasmOrgPersonalTrainer,Mindful Meditations： Visualization [ZkyTSxakNpE],@NasmOrgPersonalTrainer/Mindful Meditations： Visualization [ZkyTSxakNpE].txt,647
3520,@NasmOrgPersonalTrainer,Return to Performance： The Hip Complex [q4y6vbzbyMo],@NasmOrgPersonalTrainer/Return to Performance： The Hip Complex [q4y6vbzbyMo].txt,12580
3521,@NasmOrgPersonalTrainer,Avoid Burnout & Injuries： Smart Conditioning Strategies for Teen Athletes [OH5gyOPnI9E],@NasmOrgPersonalTrainer/Avoid Burnout & Injuries： Smart Conditioning Strategies for Teen Athletes [OH5gyOPnI9E].txt,5758
3522,@NasmOrgPersonalTrainer,Beyond Macros： How Biochemical Therapy Revolutionizes Contest Prep & Recovery [KrrzCV9I8pI],@NasmOrgPersonalTrainer/Beyond Macros： How Biochemical Therapy Revolutionizes Contest Prep & Recovery [KrrzCV9I8pI].txt,10792
3523,@NasmOrgPersonalTrainer,Corrective Exercise and Olympic Weightlifting： Programming [I6amdWskMhc],@NasmOrgPersonalTrainer/Corrective Exercise and Olympic Weightlifting： Programming [I6amdWskMhc].txt,12128
3524,@NasmOrgPersonalTrainer,How Martial Arts Forged Fitness Leadership： The Pete Holman Story [OD2kgiay_4A],@NasmOrgPersonalTrainer/How Martial Arts Forged Fitness Leadership： The Pete Holman Story [OD2kgiay_4A].txt,9280
3525,@NasmOrgPersonalTrainer,Return to Performance Programming： Knees [CVMkWeHebKQ],@NasmOrgPersonalTrainer/Return to Performance Programming： Knees [CVMkWeHebKQ].txt,12391
3526,@NasmOrgPersonalTrainer,Breaking Plateaus： Activate Your Brain to Boost Your Physical Performance [bIZZjkqb4v0],@NasmOrgPersonalTrainer/Breaking Plateaus： Activate Your Brain to Boost Your Physical Performance [bIZZjkqb4v0].txt,5979
3527,@NasmOrgPersonalTrainer,Risk Vs. Reward： Core Exercises [asKcq1VC5bg],@NasmOrgPersonalTrainer/Risk Vs. Reward： Core Exercises [asKcq1VC5bg].txt,8846
3528,@NasmOrgPersonalTrainer,Everything You Need to Know About Hypertrophy [my6XFhosDBY],@NasmOrgPersonalTrainer/Everything You Need to Know About Hypertrophy [my6XFhosDBY].txt,6660
3529,@NasmOrgPersonalTrainer,Return to Performance Programming： Court Sports [jldKXPCbpEI],@NasmOrgPersonalTrainer/Return to Performance Programming： Court Sports [jldKXPCbpEI].txt,16332
3530,@NasmOrgPersonalTrainer,Heart Rate Variability and Recovery： Part 1 [Hgf3-aLnjCc],@NasmOrgPersonalTrainer/Heart Rate Variability and Recovery： Part 1 [Hgf3-aLnjCc].txt,11170
3531,@NasmOrgPersonalTrainer,Anatomy Overview of the Latissimus Dorsi [VejtQnLvCxM],@NasmOrgPersonalTrainer/Anatomy Overview of the Latissimus Dorsi [VejtQnLvCxM].txt,402
3532,@NasmOrgPersonalTrainer,Debunking Fitness Myths [v4Jrz0E8ZDk],@NasmOrgPersonalTrainer/Debunking Fitness Myths [v4Jrz0E8ZDk].txt,10016
3533,@NasmOrgPersonalTrainer,Mindful Meditations： More Visualization [3p1vg-yarHc],@NasmOrgPersonalTrainer/Mindful Meditations： More Visualization [3p1vg-yarHc].txt,882
3534,@NasmOrgPersonalTrainer,A Deep Dive Into Nutrition Supplements [1o_y_JPZ2Gc],@NasmOrgPersonalTrainer/A Deep Dive Into Nutrition Supplements [1o_y_JPZ2Gc].txt,7710
3535,@NasmOrgPersonalTrainer,"Big Toe, Big Problems： Unlocking Athletic Performance from the Ground Up [HyBU3YgyiO4]","@NasmOrgPersonalTrainer/Big Toe, Big Problems： Unlocking Athletic Performance from the Ground Up [HyBU3YgyiO4].txt",3129
3536,@NasmOrgPersonalTrainer,CPT Basics： Power Phase [tXwr09DqpMo],@NasmOrgPersonalTrainer/CPT Basics： Power Phase [tXwr09DqpMo].txt,10711
3537,@NasmOrgPersonalTrainer,master_transcript1,@NasmOrgPersonalTrainer/master_transcript1.txt,611806
3538,@NasmOrgPersonalTrainer,The International Personal Training Market [MprD1WQiZIQ],@NasmOrgPersonalTrainer/The International Personal Training Market [MprD1WQiZIQ].txt,7439
3539,@NasmOrgPersonalTrainer,The Science of Stretching： Boost Performance & Prevent Injury with Smarter Techniques [f4eKRv5eTaA],@NasmOrgPersonalTrainer/The Science of Stretching： Boost Performance & Prevent Injury with Smarter Techniques [f4eKRv5eTaA].txt,4265
3540,@NasmOrgPersonalTrainer,Return to Performance Programming： Foot & Ankle [sTg3s31OfLE],@NasmOrgPersonalTrainer/Return to Performance Programming： Foot & Ankle [sTg3s31OfLE].txt,15687
3541,@NasmOrgPersonalTrainer,Can You Slow Aging with Exercise？ [2j9d2E5TDXY],@NasmOrgPersonalTrainer/Can You Slow Aging with Exercise？ [2j9d2E5TDXY].txt,8981
3542,@NasmOrgPersonalTrainer,"Cardio Hacks for Bodybuilders： Burn Fat, Preserve Muscle & Boost Performance [YrJPLnhjI_I]","@NasmOrgPersonalTrainer/Cardio Hacks for Bodybuilders： Burn Fat, Preserve Muscle & Boost Performance [YrJPLnhjI_I].txt",6516
3543,@NasmOrgPersonalTrainer,CES Programming： Youth Athletes [vCC1U90yrLE],@NasmOrgPersonalTrainer/CES Programming： Youth Athletes [vCC1U90yrLE].txt,10745
3544,@NasmOrgPersonalTrainer,NASM Built Different： Everett Miner [4eBAcwhBQAE],@NasmOrgPersonalTrainer/NASM Built Different： Everett Miner [4eBAcwhBQAE].txt,686
3545,@NasmOrgPersonalTrainer,Program Design： Phase 2 of the OPT™ Model [0wutmdWV_v8],@NasmOrgPersonalTrainer/Program Design： Phase 2 of the OPT™ Model [0wutmdWV_v8].txt,10069
3546,@NasmOrgPersonalTrainer,CES Basics： Inhibit & Lengthening Techniques [SBYvtG8mHBM],@NasmOrgPersonalTrainer/CES Basics： Inhibit & Lengthening Techniques [SBYvtG8mHBM].txt,10422
3547,@NasmOrgPersonalTrainer,Red Light Green Light [Mv_WQ7RvNBc],@NasmOrgPersonalTrainer/Red Light Green Light [Mv_WQ7RvNBc].txt,349
3548,@NasmOrgPersonalTrainer,Upper Body Exercises： Risks vs. Rewards [pRTVKCZzaG4],@NasmOrgPersonalTrainer/Upper Body Exercises： Risks vs. Rewards [pRTVKCZzaG4].txt,9285
3549,@NasmOrgPersonalTrainer,Building + Nutrition Habits and the Downside of Liquid Calories [X7H92CDnsFY],@NasmOrgPersonalTrainer/Building + Nutrition Habits and the Downside of Liquid Calories [X7H92CDnsFY].txt,590
3550,@NasmOrgPersonalTrainer,"Talking Performance, Sleep and Recovery [VImFbMOy07w]","@NasmOrgPersonalTrainer/Talking Performance, Sleep and Recovery [VImFbMOy07w].txt",8444
3551,@NasmOrgPersonalTrainer,A Trainer’s Guide： Easing Back Pain & Joint Stiffness in Older Clients [BxmUBTaFsRg],@NasmOrgPersonalTrainer/A Trainer’s Guide： Easing Back Pain & Joint Stiffness in Older Clients [BxmUBTaFsRg].txt,3956
3552,@NasmOrgPersonalTrainer,An Interview with Strongman Odd Haugen [yqGcyyCVQvk],@NasmOrgPersonalTrainer/An Interview with Strongman Odd Haugen [yqGcyyCVQvk].txt,7201
3553,@NasmOrgPersonalTrainer,Discussion on Regional Interdependence Model [l-LODNzzgaY],@NasmOrgPersonalTrainer/Discussion on Regional Interdependence Model [l-LODNzzgaY].txt,10368
3554,@NasmOrgPersonalTrainer,Corrective Exercise Basics： Activation & Integration Techniques [GBhd3tXGc6U],@NasmOrgPersonalTrainer/Corrective Exercise Basics： Activation & Integration Techniques [GBhd3tXGc6U].txt,9464
3555,@NasmOrgPersonalTrainer,Exercise Vs. Training [PX-1kErADs8],@NasmOrgPersonalTrainer/Exercise Vs. Training [PX-1kErADs8].txt,7889
3556,@NasmOrgPersonalTrainer,What is Balance Training and How Does it Work？ [2aQUbWpyCEk],@NasmOrgPersonalTrainer/What is Balance Training and How Does it Work？ [2aQUbWpyCEk].txt,8138
3557,@NasmOrgPersonalTrainer,The Science and Application of Percussive Therapy [NF_QIbh10Lk],@NasmOrgPersonalTrainer/The Science and Application of Percussive Therapy [NF_QIbh10Lk].txt,11262
3558,@NasmOrgPersonalTrainer,"Experts, Evidence & Errors： Navigating Truth in Fitness Science [FUvmNxsI7S0]","@NasmOrgPersonalTrainer/Experts, Evidence & Errors： Navigating Truth in Fitness Science [FUvmNxsI7S0].txt",4862
3559,@NasmOrgPersonalTrainer,How to Help Clients with Nutrition Habits [KbC3I8uC3lc],@NasmOrgPersonalTrainer/How to Help Clients with Nutrition Habits [KbC3I8uC3lc].txt,10122
3560,@NasmOrgPersonalTrainer,At-Home Workout For An Advanced Runner [LuwaLKhsjGE],@NasmOrgPersonalTrainer/At-Home Workout For An Advanced Runner [LuwaLKhsjGE].txt,852
3561,@NasmOrgPersonalTrainer,"Balancing Work, Life & Prep： How IFBB Pros Thrive Under Pressure [k4pzfiDJMq0]","@NasmOrgPersonalTrainer/Balancing Work, Life & Prep： How IFBB Pros Thrive Under Pressure [k4pzfiDJMq0].txt",8821
3562,@NasmOrgPersonalTrainer,Handling Client Drop-Offs： Reflection & Recovery Strategies for Trainers [8vE0CyQN71A],@NasmOrgPersonalTrainer/Handling Client Drop-Offs： Reflection & Recovery Strategies for Trainers [8vE0CyQN71A].txt,2738
3563,@NasmOrgPersonalTrainer,What's the Appeal of Popular Diets？ [Bl21Qrs7GYI],@NasmOrgPersonalTrainer/What's the Appeal of Popular Diets？ [Bl21Qrs7GYI].txt,10536
3564,@NasmOrgPersonalTrainer,Summary： Application and Practicality [w9pJxkyGbRU],@NasmOrgPersonalTrainer/Summary： Application and Practicality [w9pJxkyGbRU].txt,155
3565,@NasmOrgPersonalTrainer,Unlock True Metabolism： Cunningham Equation Explained for Bodybuilders [XwONvB44A30],@NasmOrgPersonalTrainer/Unlock True Metabolism： Cunningham Equation Explained for Bodybuilders [XwONvB44A30].txt,3643
3566,@NasmOrgPersonalTrainer,Upper Body Mobility for Swimmers [i3GP3PgjC2A],@NasmOrgPersonalTrainer/Upper Body Mobility for Swimmers [i3GP3PgjC2A].txt,971
3567,@NasmOrgPersonalTrainer,Return to Performance Programming： Overview [FBmVwx6-tOg],@NasmOrgPersonalTrainer/Return to Performance Programming： Overview [FBmVwx6-tOg].txt,9022
3568,@NasmOrgPersonalTrainer,At-Home Workout： Intermediate Runner [zv5iWyck1w8],@NasmOrgPersonalTrainer/At-Home Workout： Intermediate Runner [zv5iWyck1w8].txt,1202
3569,@NasmOrgPersonalTrainer,master_transcript,@NasmOrgPersonalTrainer/master_transcript.txt,612690
3570,@NasmOrgPersonalTrainer,NASM Master Instructor Roundtable Hosted By Hyperice [TWTTFYjhbvI],@NasmOrgPersonalTrainer/NASM Master Instructor Roundtable Hosted By Hyperice [TWTTFYjhbvI].txt,9528
3571,@NasmOrgPersonalTrainer,Corrective Exercise and Olympic Weightlifting： Case Studies [Hxqbf07YEtM],@NasmOrgPersonalTrainer/Corrective Exercise and Olympic Weightlifting： Case Studies [Hxqbf07YEtM].txt,12331
3572,@NasmOrgPersonalTrainer,The Importance of Recovery After Workouts [jpTxdWXFXcY],@NasmOrgPersonalTrainer/The Importance of Recovery After Workouts [jpTxdWXFXcY].txt,9879
3573,@NasmOrgPersonalTrainer,Nutrition and Behavior Change： Introduction [ajqHHkfBB6I],@NasmOrgPersonalTrainer/Nutrition and Behavior Change： Introduction [ajqHHkfBB6I].txt,349
3574,@NasmOrgPersonalTrainer,Practical Applications of Heart Rate Variability [zZuEi0Aszhk],@NasmOrgPersonalTrainer/Practical Applications of Heart Rate Variability [zZuEi0Aszhk].txt,11269
3575,@NasmOrgPersonalTrainer,It's Not About The Scale [t5dW_1DuRrE],@NasmOrgPersonalTrainer/It's Not About The Scale [t5dW_1DuRrE].txt,701
3576,@NasmOrgPersonalTrainer,"Opening a Fitness Business： Navigating Expenses, Taxes & Family Finances [PJyuK59fSyo]","@NasmOrgPersonalTrainer/Opening a Fitness Business： Navigating Expenses, Taxes & Family Finances [PJyuK59fSyo].txt",3316
3577,@NasmOrgPersonalTrainer,Helping Clients Navigate the Snack Aisle [CvHgcF9HHj8],@NasmOrgPersonalTrainer/Helping Clients Navigate the Snack Aisle [CvHgcF9HHj8].txt,489
3578,@NasmOrgPersonalTrainer,"Stomping in Weightlifting： Pro Tips, Pitfalls & Performance Impacts [VdbLOw934A4]","@NasmOrgPersonalTrainer/Stomping in Weightlifting： Pro Tips, Pitfalls & Performance Impacts [VdbLOw934A4].txt",2638
3579,@NasmOrgPersonalTrainer,Program Design： Phase 1 Training [vVzvDvldifY],@NasmOrgPersonalTrainer/Program Design： Phase 1 Training [vVzvDvldifY].txt,9645
3580,@NasmOrgPersonalTrainer,Unlocking Better Movement： The Secrets of Relative Flexibility & Joint Health [LCnG2X1GSXk],@NasmOrgPersonalTrainer/Unlocking Better Movement： The Secrets of Relative Flexibility & Joint Health [LCnG2X1GSXk].txt,5934
3581,@NasmOrgPersonalTrainer,CES Programming： Bootcamp [Sh7mJxm3bFI],@NasmOrgPersonalTrainer/CES Programming： Bootcamp [Sh7mJxm3bFI].txt,11532
3582,@NasmOrgPersonalTrainer,How to Use Muscle Energy Techniques for Neck Pain Relief [pJMiXeTBOLA],@NasmOrgPersonalTrainer/How to Use Muscle Energy Techniques for Neck Pain Relief [pJMiXeTBOLA].txt,3462
3583,@NasmOrgPersonalTrainer,OPT Programming： Seniors [gFr0w8qHZnc],@NasmOrgPersonalTrainer/OPT Programming： Seniors [gFr0w8qHZnc].txt,9717
3584,@NasmOrgPersonalTrainer,Corrective Exercise and Olympic Weightlifting [Mi3ReYuP--4],@NasmOrgPersonalTrainer/Corrective Exercise and Olympic Weightlifting [Mi3ReYuP--4].txt,13819
3585,@NasmOrgPersonalTrainer,Using the Habit Loop to Break Old Habits [5GVPpdlkBF4],@NasmOrgPersonalTrainer/Using the Habit Loop to Break Old Habits [5GVPpdlkBF4].txt,874
3586,@NasmOrgPersonalTrainer,Self-Identity and the Power of Tiny Habits [Mh31QGrU6jw],@NasmOrgPersonalTrainer/Self-Identity and the Power of Tiny Habits [Mh31QGrU6jw].txt,845
3587,@NasmOrgPersonalTrainer,A Look at Evidence-Based Training [o_yN8Bbbz5A],@NasmOrgPersonalTrainer/A Look at Evidence-Based Training [o_yN8Bbbz5A].txt,6341
3588,@NasmOrgPersonalTrainer,Media & Muscle： Debunking Body Image Narratives for Women in Fitness [I8SISRZIm-0],@NasmOrgPersonalTrainer/Media & Muscle： Debunking Body Image Narratives for Women in Fitness [I8SISRZIm-0].txt,7253
3589,@NasmOrgPersonalTrainer,"Using the Habit Loop to Create New, Positive Habits [7gUgOWha4ao]","@NasmOrgPersonalTrainer/Using the Habit Loop to Create New, Positive Habits [7gUgOWha4ao].txt",902
3590,@NasmOrgPersonalTrainer,Balance Training： OPT Model [3C400aFB53Y],@NasmOrgPersonalTrainer/Balance Training： OPT Model [3C400aFB53Y].txt,319
3591,@NasmOrgPersonalTrainer,Behind Every Step： Understanding the Achilles Tendon & Injury Prevention [FR9s6e5H9Uw],@NasmOrgPersonalTrainer/Behind Every Step： Understanding the Achilles Tendon & Injury Prevention [FR9s6e5H9Uw].txt,5888
3592,@NasmOrgPersonalTrainer,The Science-Backed Guide to Periodizing Your Exercise for Lifelong Results [vfFup8UjEcc],@NasmOrgPersonalTrainer/The Science-Backed Guide to Periodizing Your Exercise for Lifelong Results [vfFup8UjEcc].txt,6051
3593,@bodybuildingcom,Training With Nikia Dyson -- Bodybuilding.com [wLpNl9fWBsY],@bodybuildingcom/Training With Nikia Dyson -- Bodybuilding.com [wLpNl9fWBsY].txt,2208
3594,@bodybuildingcom,Steve Cook's Big Man On Campus Training Program ｜ Trailer [7VLBBfPa9z8],@bodybuildingcom/Steve Cook's Big Man On Campus Training Program ｜ Trailer [7VLBBfPa9z8].txt,158
3595,@bodybuildingcom,4 Cable Lat Pulldown Mistakes. IG： sigourney.jane #gym #fitness #trainingtips #fitness #upperbody [2C_l9Gq0wGA],@bodybuildingcom/4 Cable Lat Pulldown Mistakes. IG： sigourney.jane #gym #fitness #trainingtips #fitness #upperbody [2C_l9Gq0wGA].txt,291
3596,@bodybuildingcom,Lying Leg Curls - Leg Exercise - Bodybuilding.com [jxctD6fL_FQ],@bodybuildingcom/Lying Leg Curls - Leg Exercise - Bodybuilding.com [jxctD6fL_FQ].txt,105
3597,@bodybuildingcom,Hanging Leg Raise - Ab Exercise - Bodybuilding.com [Nw0LOKe3_l8],@bodybuildingcom/Hanging Leg Raise - Ab Exercise - Bodybuilding.com [Nw0LOKe3_l8].txt,79
3598,@bodybuildingcom,The Incredible Shrinking Man ｜ Jesse Shand Lost 350 Pounds [8svuSIYQu74],@bodybuildingcom/The Incredible Shrinking Man ｜ Jesse Shand Lost 350 Pounds [8svuSIYQu74].txt,3851
3599,@bodybuildingcom,Dips   Chest Version - Chest Exercise - Bodybuilding.com [4la6BkUBLgo],@bodybuildingcom/Dips   Chest Version - Chest Exercise - Bodybuilding.com [4la6BkUBLgo].txt,95
3600,@bodybuildingcom,Ashley Conrad's Fat-Torching Circuit Workout - Bodybuilding.com [z1tQTcZEg7U],@bodybuildingcom/Ashley Conrad's Fat-Torching Circuit Workout - Bodybuilding.com [z1tQTcZEg7U].txt,1071
3601,@bodybuildingcom,#FREAKMODE Alex Savva's 12-Week Fitness Plan ｜ Promo [Xsmbk6C9748],@bodybuildingcom/#FREAKMODE Alex Savva's 12-Week Fitness Plan ｜ Promo [Xsmbk6C9748].txt,274
3602,@bodybuildingcom,Breaking Down the Results of Four Weeks Training at Westside Barbell ｜ The Westside Method EP 4 [dhhg-4wy4V4],@bodybuildingcom/Breaking Down the Results of Four Weeks Training at Westside Barbell ｜ The Westside Method EP 4 [dhhg-4wy4V4].txt,2352
3603,@bodybuildingcom,Lying T-Bar Row - Back Exercise - Bodybuilding.com [w0KnlQ-b7jw],@bodybuildingcom/Lying T-Bar Row - Back Exercise - Bodybuilding.com [w0KnlQ-b7jw].txt,110
3604,@bodybuildingcom,Bill Phillips BACK TO FIT 12-Week Trainer： 30 Second Promo - Bodybuilding.com [wrhOkbQe2nw],@bodybuildingcom/Bill Phillips BACK TO FIT 12-Week Trainer： 30 Second Promo - Bodybuilding.com [wrhOkbQe2nw].txt,73
3605,@bodybuildingcom,Bent Arm Dumbbell Pullover - Chest ⧸ Back Exercise - Bodybuilding.com [4B-BrBH17uM],@bodybuildingcom/Bent Arm Dumbbell Pullover - Chest ⧸ Back Exercise - Bodybuilding.com [4B-BrBH17uM].txt,140
3606,@bodybuildingcom,Kristina Olson Fitness 360： Driven To Succeed - Bodybuilding.com [-w_Jo_9WxHE],@bodybuildingcom/Kristina Olson Fitness 360： Driven To Succeed - Bodybuilding.com [-w_Jo_9WxHE].txt,1026
3607,@bodybuildingcom,Branch Warren Shoulder Workout ｜ 2012 Road To The Arnold [dhPAzOVmL1M],@bodybuildingcom/Branch Warren Shoulder Workout ｜ 2012 Road To The Arnold [dhPAzOVmL1M].txt,1657
3608,@bodybuildingcom,ESPN ｜ 2010 Bodybuilding.com Commercial [cuScHDrGIlo],@bodybuildingcom/ESPN ｜ 2010 Bodybuilding.com Commercial [cuScHDrGIlo].txt,81
3609,@bodybuildingcom,"Dirty Dash Obstacle Race - Boise, Idaho 2013 - GoPro - Bodybuilding.com [GIy0xyqZZCI]","@bodybuildingcom/Dirty Dash Obstacle Race - Boise, Idaho 2013 - GoPro - Bodybuilding.com [GIy0xyqZZCI].txt",0
3610,@bodybuildingcom,Marc Megna's Lifting Lessons： Barbell Biceps Curl - Bodybuilding.com [XrmznMhIKI4],@bodybuildingcom/Marc Megna's Lifting Lessons： Barbell Biceps Curl - Bodybuilding.com [XrmznMhIKI4].txt,1325
3611,@bodybuildingcom,Carbon by Layne Norton Now Available On Bodybuilding.com [3Q0wa-SSYt0],@bodybuildingcom/Carbon by Layne Norton Now Available On Bodybuilding.com [3Q0wa-SSYt0].txt,157
3612,@bodybuildingcom,Steve Cook Back and Biceps Workout ｜ Big Man on Campus [5Y2D5ODJJnE],@bodybuildingcom/Steve Cook Back and Biceps Workout ｜ Big Man on Campus [5Y2D5ODJJnE].txt,1488
3613,@bodybuildingcom,Jesse Norris ｜ 800 Deadlift in the Animal Cage [AtwX_jrxMFk],@bodybuildingcom/Jesse Norris ｜ 800 Deadlift in the Animal Cage [AtwX_jrxMFk].txt,101
3614,@bodybuildingcom,Tips to Lose Weight #weightloss #fitness [zIDow9eLaHc],@bodybuildingcom/Tips to Lose Weight #weightloss #fitness [zIDow9eLaHc].txt,298
3615,@bodybuildingcom,"2013 Bodybuilding.com $100,000 Transformation Challenge - 60 sec [B1P3IR5-6uM]","@bodybuildingcom/2013 Bodybuilding.com $100,000 Transformation Challenge - 60 sec [B1P3IR5-6uM].txt",61
3616,@bodybuildingcom,Randy Couture Expendables Training [RZUGu47m1E4],@bodybuildingcom/Randy Couture Expendables Training [RZUGu47m1E4].txt,823
3617,@bodybuildingcom,Sit Up - Core ⧸ Abs - Bodybuilding.com [10mp1wusuzM],@bodybuildingcom/Sit Up - Core ⧸ Abs - Bodybuilding.com [10mp1wusuzM].txt,68
3618,@bodybuildingcom,WORKOUT PREVIEW： Upper Body EMOM and AMRAP #1 with Coach Harry Vargas [G6Q6GvkLIJ8],@bodybuildingcom/WORKOUT PREVIEW： Upper Body EMOM and AMRAP #1 with Coach Harry Vargas [G6Q6GvkLIJ8].txt,682
3619,@bodybuildingcom,Clutch Life： Ashley Conrad's 24⧸7 Fitness Trainer ｜ Trailer [2JftMzYyKJ8],@bodybuildingcom/Clutch Life： Ashley Conrad's 24⧸7 Fitness Trainer ｜ Trailer [2JftMzYyKJ8].txt,205
3620,@bodybuildingcom,30-Day Challenge ｜ Bodybuilding.com Commercial [j-lKKUWwlOM],@bodybuildingcom/30-Day Challenge ｜ Bodybuilding.com Commercial [j-lKKUWwlOM].txt,112
3621,@bodybuildingcom,Marc Megna's Lifting Lessons： Abdominal Crunch - Bodybuilding.com [wrZaAT_IvV4],@bodybuildingcom/Marc Megna's Lifting Lessons： Abdominal Crunch - Bodybuilding.com [wrZaAT_IvV4].txt,741
3622,@bodybuildingcom,Elite by Bodybuilding.com ｜ New Sports Performance Supplement Line [LSq9Uq80bdA],@bodybuildingcom/Elite by Bodybuilding.com ｜ New Sports Performance Supplement Line [LSq9Uq80bdA].txt,84
3623,@bodybuildingcom,Bodybuilding.com Guide to Fish Oil [9_JqRiEzOKI],@bodybuildingcom/Bodybuilding.com Guide to Fish Oil [9_JqRiEzOKI].txt,551
3624,@bodybuildingcom,Nourish + Bloom ｜ A Plant-Based Supplement Line by Bodybuilding.com [LdDp90jZ6Q0],@bodybuildingcom/Nourish + Bloom ｜ A Plant-Based Supplement Line by Bodybuilding.com [LdDp90jZ6Q0].txt,0
3625,@bodybuildingcom,How to Increase Mile Splits with 5K Blocks ｜ 26.2 THE ROAD TO BERLIN EP 3 [Eh5G9MaQAig],@bodybuildingcom/How to Increase Mile Splits with 5K Blocks ｜ 26.2 THE ROAD TO BERLIN EP 3 [Eh5G9MaQAig].txt,1273
3626,@bodybuildingcom,Leg Anatomy & Training Program ｜ Built By Science [4H2hH2_GrPQ],@bodybuildingcom/Leg Anatomy & Training Program ｜ Built By Science [4H2hH2_GrPQ].txt,4722
3627,@bodybuildingcom,"$200,000 Transformation Challenge - Week 3 Tips from The Muscle Prof [dHR2H_LtwJw]","@bodybuildingcom/$200,000 Transformation Challenge - Week 3 Tips from The Muscle Prof [dHR2H_LtwJw].txt",102
3628,@bodybuildingcom,Soy Protein Guide - Bodybuilding.com [wGG3AFZpmn4],@bodybuildingcom/Soy Protein Guide - Bodybuilding.com [wGG3AFZpmn4].txt,417
3629,@bodybuildingcom,Barbell Rear Delt Row - Shoulder Exercise - Bodybuilding.com [XagV4XfG9fo],@bodybuildingcom/Barbell Rear Delt Row - Shoulder Exercise - Bodybuilding.com [XagV4XfG9fo].txt,109
3630,@bodybuildingcom,Squat - Leg Exercise - Bodybuilding.com [tVB1q8zkP3o],@bodybuildingcom/Squat - Leg Exercise - Bodybuilding.com [tVB1q8zkP3o].txt,192
3631,@bodybuildingcom,Becoming Bodybuilding.com ｜ Founder's Story with Ryan DeLuca [cg7vsuUXf5c],@bodybuildingcom/Becoming Bodybuilding.com ｜ Founder's Story with Ryan DeLuca [cg7vsuUXf5c].txt,2323
3632,@bodybuildingcom,Building Collegiate Athletes & Sport Training ｜ Ep. 17｜ The Bodybuilding.com Podcast ｜ Zack Zillner [a-UMhcuZoCI],@bodybuildingcom/Building Collegiate Athletes & Sport Training ｜ Ep. 17｜ The Bodybuilding.com Podcast ｜ Zack Zillner [a-UMhcuZoCI].txt,11829
3633,@bodybuildingcom,"Change Your Life - Goal, Plan, Track, & Motivate with BodySpace from Bodybuilding.com [NTv-CW_RMsY]","@bodybuildingcom/Change Your Life - Goal, Plan, Track, & Motivate with BodySpace from Bodybuilding.com [NTv-CW_RMsY].txt",1988
3634,@bodybuildingcom,WORKOUT PREVIEW： Lower Body #2 with Kristen Lettenberger [iXlK50ggRd4],@bodybuildingcom/WORKOUT PREVIEW： Lower Body #2 with Kristen Lettenberger [iXlK50ggRd4].txt,435
3635,@bodybuildingcom,BodySpace Demo Part 2： Dashboard Introduction and Setup [XyIYDT98Wmc],@bodybuildingcom/BodySpace Demo Part 2： Dashboard Introduction and Setup [XyIYDT98Wmc].txt,1054
3636,@bodybuildingcom,Dumbbell Workout Inspo IG： alexabergfit #upperbody #dumbbells #shoulderworkout #fitness #gym [VB8dE_wv450],@bodybuildingcom/Dumbbell Workout Inspo IG： alexabergfit #upperbody #dumbbells #shoulderworkout #fitness #gym [VB8dE_wv450].txt,4
3637,@bodybuildingcom,Bent Over Barbell Row - Back Exercise - Bodybuilding.com [-xlBxIMqh3A],@bodybuildingcom/Bent Over Barbell Row - Back Exercise - Bodybuilding.com [-xlBxIMqh3A].txt,129
3638,@bodybuildingcom,Define Your Greatness - Show Us Your Beast Body - Motivational Video Finalist [a5k01Yl_S48],@bodybuildingcom/Define Your Greatness - Show Us Your Beast Body - Motivational Video Finalist [a5k01Yl_S48].txt,218
3639,@bodybuildingcom,Clean and Jerk - Shoulders ⧸ Legs ⧸ Back Exercise - Bodybuilding.com [v13d7g_uUXM],@bodybuildingcom/Clean and Jerk - Shoulders ⧸ Legs ⧸ Back Exercise - Bodybuilding.com [v13d7g_uUXM].txt,448
3640,@bodybuildingcom,Carl Roberts' Training & Fitness Program - Bodybuilding.com [PzMwnxfFIVo],@bodybuildingcom/Carl Roberts' Training & Fitness Program - Bodybuilding.com [PzMwnxfFIVo].txt,2280
3641,@bodybuildingcom,Take a T-levels test to gain health insights with LetsGetChecked. Save 25% with code BODYBUILDING25 [dv3Ujrh0mjc],@bodybuildingcom/Take a T-levels test to gain health insights with LetsGetChecked. Save 25% with code BODYBUILDING25 [dv3Ujrh0mjc].txt,202
3642,@bodybuildingcom,Body Fat Measurements ｜ Ultimate 30-Day Beginners Guide To Fitness ｜ Day 1 [-nTyzXtlhuk],@bodybuildingcom/Body Fat Measurements ｜ Ultimate 30-Day Beginners Guide To Fitness ｜ Day 1 [-nTyzXtlhuk].txt,484
3643,@bodybuildingcom,5 Lessons After Running the Berlin Marathon ｜ 26.2 THE ROAD TO BERLIN EP 7 [HEryHDA_JZM],@bodybuildingcom/5 Lessons After Running the Berlin Marathon ｜ 26.2 THE ROAD TO BERLIN EP 7 [HEryHDA_JZM].txt,940
3644,@bodybuildingcom,It's Your Life (Motocross) ｜ 2010 Bodybuilding.com Commercial [_XpWd_VZVqU],@bodybuildingcom/It's Your Life (Motocross) ｜ 2010 Bodybuilding.com Commercial [_XpWd_VZVqU].txt,202
3645,@bodybuildingcom,Glute Ham Raise - Legs ⧸ Glutes Exercise - Bodybuilding.com [TDdV0dCsqKs],@bodybuildingcom/Glute Ham Raise - Legs ⧸ Glutes Exercise - Bodybuilding.com [TDdV0dCsqKs].txt,86
3646,@bodybuildingcom,CT Fletcher's Commandment #5 Of Muscle Growth - Bodybuilding.com [OukPSEocqSU],@bodybuildingcom/CT Fletcher's Commandment #5 Of Muscle Growth - Bodybuilding.com [OukPSEocqSU].txt,119
3647,@bodybuildingcom,Jamie Eason's Pumpkin Bar Recipe - Bodybuilding.com [O-1D7Yi1TVc],@bodybuildingcom/Jamie Eason's Pumpkin Bar Recipe - Bodybuilding.com [O-1D7Yi1TVc].txt,1326
3648,@bodybuildingcom,Ultimate Surprise - Bodybuilding.com's 2015 $200k Transformation Challenge Winners [wv3nus8Jo_E],@bodybuildingcom/Ultimate Surprise - Bodybuilding.com's 2015 $200k Transformation Challenge Winners [wv3nus8Jo_E].txt,479
3649,@bodybuildingcom,Kris Gethin 12 Week Video Trainer  - From Apprentice To Mentor - Day 81 - Bodybuilding.com [n5XaL0Pb_8o],@bodybuildingcom/Kris Gethin 12 Week Video Trainer  - From Apprentice To Mentor - Day 81 - Bodybuilding.com [n5XaL0Pb_8o].txt,165
3650,@bodybuildingcom,Sean Sarantos Fitness Program - Bodybuilding.com [is1dCSJ3Oy0],@bodybuildingcom/Sean Sarantos Fitness Program - Bodybuilding.com [is1dCSJ3Oy0].txt,2525
3651,@bodybuildingcom,Face Pull - Shoulder Exercise - Bodybuilding.com [tkLTR4b6cAk],@bodybuildingcom/Face Pull - Shoulder Exercise - Bodybuilding.com [tkLTR4b6cAk].txt,33
3652,@bodybuildingcom,Craig Capurso Back Workout： Loaded To The Max - Bodybuilding.com [eGD-6e7-DJI],@bodybuildingcom/Craig Capurso Back Workout： Loaded To The Max - Bodybuilding.com [eGD-6e7-DJI].txt,1256
3653,@bodybuildingcom,Body by Design Book Trailer - 30 sec. version - Bodybuilding.com [kaWHmno03ZM],@bodybuildingcom/Body by Design Book Trailer - 30 sec. version - Bodybuilding.com [kaWHmno03ZM].txt,94
3654,@bodybuildingcom,2012 $100k Transformation Challenge - Bodybuilding.com [sV7hM2idXJA],@bodybuildingcom/2012 $100k Transformation Challenge - Bodybuilding.com [sV7hM2idXJA].txt,6
3655,@bodybuildingcom,Dumbbell Bicep Curl - Bicep Exercise - Bodybuilding.com [3OZ2MT_5r3Q],@bodybuildingcom/Dumbbell Bicep Curl - Bicep Exercise - Bodybuilding.com [3OZ2MT_5r3Q].txt,102
3656,@bodybuildingcom,3 Tips For Massive Shoulders [5Hls272sOn4],@bodybuildingcom/3 Tips For Massive Shoulders [5Hls272sOn4].txt,380
3657,@bodybuildingcom,Jaquelyn Kastelic's Training & Fitness Program - Bodybuilding.com [eYV3hNBDqXk],@bodybuildingcom/Jaquelyn Kastelic's Training & Fitness Program - Bodybuilding.com [eYV3hNBDqXk].txt,2386
3658,@bodybuildingcom,CT Fletcher's Commandment #7 Of Muscle Growth - Bodybuilding.com [3huzqB-WTy4],@bodybuildingcom/CT Fletcher's Commandment #7 Of Muscle Growth - Bodybuilding.com [3huzqB-WTy4].txt,151
3659,@bodybuildingcom,Upper-Body Dorm Room Workout ｜ Katie Chung Hua [B__5igUytME],@bodybuildingcom/Upper-Body Dorm Room Workout ｜ Katie Chung Hua [B__5igUytME].txt,571
3660,@bodybuildingcom,Splash Candy by Bodybuilding.com ｜ Vitamin Gummy Supplements for Health and Wellness [GHY2D3Jxh9g],@bodybuildingcom/Splash Candy by Bodybuilding.com ｜ Vitamin Gummy Supplements for Health and Wellness [GHY2D3Jxh9g].txt,1
3661,@bodybuildingcom,Get Mile Wide - Brandan Fokken's Mile-Wide-Shoulder Workout - Bodybuilding.com [2cHDWsrBTns],@bodybuildingcom/Get Mile Wide - Brandan Fokken's Mile-Wide-Shoulder Workout - Bodybuilding.com [2cHDWsrBTns].txt,853
3662,@bodybuildingcom,Crunches - Ab Exercises - Bodybuilding.com [YdZakh0Pkwc],@bodybuildingcom/Crunches - Ab Exercises - Bodybuilding.com [YdZakh0Pkwc].txt,144
3663,@bodybuildingcom,Funny entrance at BodySpace Spokesmodel Search - Vinny Russo [XHAeXcIC-vY],@bodybuildingcom/Funny entrance at BodySpace Spokesmodel Search - Vinny Russo [XHAeXcIC-vY].txt,114
3664,@bodybuildingcom,The Bodybuilding.com Podcast ｜ Ep. 08 ｜ Kristen Lettenberger ｜ Pelvic Floor Health and Breathing [tr-1aEvORjY],@bodybuildingcom/The Bodybuilding.com Podcast ｜ Ep. 08 ｜ Kristen Lettenberger ｜ Pelvic Floor Health and Breathing [tr-1aEvORjY].txt,10380
3665,@bodybuildingcom,Choosing the Right Footwear For Movement ｜ The Bodybuilding.com Podcast ｜ Ep. 23 ｜ Jake Boly [7GC7ulacsZ8],@bodybuildingcom/Choosing the Right Footwear For Movement ｜ The Bodybuilding.com Podcast ｜ Ep. 23 ｜ Jake Boly [7GC7ulacsZ8].txt,11322
3666,@bodybuildingcom,Julien Greaux's 365 Circuit Trainer - Bodybuilding.com [hdY319btIPs],@bodybuildingcom/Julien Greaux's 365 Circuit Trainer - Bodybuilding.com [hdY319btIPs].txt,593
3667,@bodybuildingcom,Athlete ｜ Bodybuilding.com Commercial [IeqALaE8QnI],@bodybuildingcom/Athlete ｜ Bodybuilding.com Commercial [IeqALaE8QnI].txt,70
3668,@bodybuildingcom,Barbell Curl - Biceps Exercise - Bodybuilding.com [dDI8ClxRS04],@bodybuildingcom/Barbell Curl - Biceps Exercise - Bodybuilding.com [dDI8ClxRS04].txt,79
3669,@bodybuildingcom,30 Minute at Home Strength Workout： Day 8 ｜ Clutch Life： Ashley Conrad's 24⧸7 Fitness Trainer [PY9_cXmhZfw],@bodybuildingcom/30 Minute at Home Strength Workout： Day 8 ｜ Clutch Life： Ashley Conrad's 24⧸7 Fitness Trainer [PY9_cXmhZfw].txt,5496
3670,@bodybuildingcom,"Week 1 Prep Contest - $200,000 Transformation Challenge [23ki_0OpmSA]","@bodybuildingcom/Week 1 Prep Contest - $200,000 Transformation Challenge [23ki_0OpmSA].txt",182
3671,@bodybuildingcom,Bodybuilding Delts & Triceps Workout ｜ Dorian Yates' Blood & Guts [VIHsjpP_ApQ],@bodybuildingcom/Bodybuilding Delts & Triceps Workout ｜ Dorian Yates' Blood & Guts [VIHsjpP_ApQ].txt,1526
3672,@bodybuildingcom,Give Yourself One Good Year! Louis Sheppard Testimonial - Bodybuilding.com [uEOuLEMkR_M],@bodybuildingcom/Give Yourself One Good Year! Louis Sheppard Testimonial - Bodybuilding.com [uEOuLEMkR_M].txt,1074
3673,@bodybuildingcom,Lee Labrada 12-Week Lean Body Workout & Diet - Bodybuilding.com [udqDDQ7i0vY],@bodybuildingcom/Lee Labrada 12-Week Lean Body Workout & Diet - Bodybuilding.com [udqDDQ7i0vY].txt,405
3674,@bodybuildingcom,Elite by Bodybuilding.com ｜ Ultimate Pre-Workout [BvtRMj6kg0w],@bodybuildingcom/Elite by Bodybuilding.com ｜ Ultimate Pre-Workout [BvtRMj6kg0w].txt,6
3675,@bodybuildingcom,The BEST Shoulders & Triceps Workout [wsFd0LoIyKk],@bodybuildingcom/The BEST Shoulders & Triceps Workout [wsFd0LoIyKk].txt,905
3676,@bodybuildingcom,B-Elite Fuel Healthy Meals - Bodybuilding.com [5YMmopFebc8],@bodybuildingcom/B-Elite Fuel Healthy Meals - Bodybuilding.com [5YMmopFebc8].txt,72
3677,@bodybuildingcom,2011 Employee Transformation Challenge [bUFiZyW6uMk],@bodybuildingcom/2011 Employee Transformation Challenge [bUFiZyW6uMk].txt,831
3678,@bodybuildingcom,"Meet the Bodybuilding.com Master Coaches ｜ HARRY VARGAS, CPT [UJQFN3U1BdQ]","@bodybuildingcom/Meet the Bodybuilding.com Master Coaches ｜ HARRY VARGAS, CPT [UJQFN3U1BdQ].txt",153
3679,@bodybuildingcom,Bent Over Two Dumbbell Row - Back Exercise - Bodybuilding.com [--gDUDFKx6Q],@bodybuildingcom/Bent Over Two Dumbbell Row - Back Exercise - Bodybuilding.com [--gDUDFKx6Q].txt,167
3680,@bodybuildingcom,Jamie Eason 12 Week Trainer Intro - Bodybuilding.com [6qR_rf6rwEM],@bodybuildingcom/Jamie Eason 12 Week Trainer Intro - Bodybuilding.com [6qR_rf6rwEM].txt,943
3681,@bodybuildingcom,Ask the Expert Panel： Nutrition and Diet Roundtable - Bodybuilding.com [u40zJA3RqM8],@bodybuildingcom/Ask the Expert Panel： Nutrition and Diet Roundtable - Bodybuilding.com [u40zJA3RqM8].txt,10651
3682,@bodybuildingcom,Concentration Curls - Biceps Exercise - Bodybuilding.com [ZcU2hN76UyA],@bodybuildingcom/Concentration Curls - Biceps Exercise - Bodybuilding.com [ZcU2hN76UyA].txt,126
3683,@bodybuildingcom,Peanut Butter Protein Pancakes ｜ Lais DeLeon [MNEcboL0gvw],@bodybuildingcom/Peanut Butter Protein Pancakes ｜ Lais DeLeon [MNEcboL0gvw].txt,221
3684,@bodybuildingcom,EP 28 ｜ Craig Bongelli ｜ Meet The Coach [CZPCn0QQgP0],@bodybuildingcom/EP 28 ｜ Craig Bongelli ｜ Meet The Coach [CZPCn0QQgP0].txt,2534
3685,@bodybuildingcom,Transformation ｜ Bodybuilding.com Commercial [_7SuXDUUsfQ],@bodybuildingcom/Transformation ｜ Bodybuilding.com Commercial [_7SuXDUUsfQ].txt,153
3686,@bodybuildingcom,"Meet the Bodybuilding.com Master Coaches ｜ KEN YU, CPT [4bolDk1spLI]","@bodybuildingcom/Meet the Bodybuilding.com Master Coaches ｜ KEN YU, CPT [4bolDk1spLI].txt",189
3687,@bodybuildingcom,Natural Ways To Boost Testosterone [oBZ6QH7vGw8],@bodybuildingcom/Natural Ways To Boost Testosterone [oBZ6QH7vGw8].txt,303
3688,@bodybuildingcom,2015 BodySpace Spokesmodel Search Results [hdNsI4QO9_I],@bodybuildingcom/2015 BodySpace Spokesmodel Search Results [hdNsI4QO9_I].txt,0
3689,@bodybuildingcom,Dips - Triceps Version - Tricep Exercise - Bodybuilding.com [WNMqN2O2MSs],@bodybuildingcom/Dips - Triceps Version - Tricep Exercise - Bodybuilding.com [WNMqN2O2MSs].txt,84
3690,@bodybuildingcom,New Workout Clothes - B-Elite Series from Bodybuilding.com [0BDVHoSA4QM],@bodybuildingcom/New Workout Clothes - B-Elite Series from Bodybuilding.com [0BDVHoSA4QM].txt,4
3691,@bodybuildingcom,2014 Mr. Olympia Prejudging Pre-Show Replay - Bodybuilding.com [WaWrvmpWw2Q],@bodybuildingcom/2014 Mr. Olympia Prejudging Pre-Show Replay - Bodybuilding.com [WaWrvmpWw2Q].txt,5183
3692,@bodybuildingcom,NFL Combine Trainer： 225 Bench Press - Bodybuilding.com [jKEsxyMokCw],@bodybuildingcom/NFL Combine Trainer： 225 Bench Press - Bodybuilding.com [jKEsxyMokCw].txt,2147
3693,@bodybuildingcom,Harlem Shake at Arnold Sports Festival - Bodybuilding.com [MgXm05_Ha-A],@bodybuildingcom/Harlem Shake at Arnold Sports Festival - Bodybuilding.com [MgXm05_Ha-A].txt,16
3694,@bodybuildingcom,Chin-Up - Back Exercise - Bodybuilding.com [fNZ8Ty7jSFA],@bodybuildingcom/Chin-Up - Back Exercise - Bodybuilding.com [fNZ8Ty7jSFA].txt,165
3695,@bodybuildingcom,Straight-Arm Pulldown - Back Exercise - Bodybuilding.com [r34PR1mxzmU],@bodybuildingcom/Straight-Arm Pulldown - Back Exercise - Bodybuilding.com [r34PR1mxzmU].txt,150
3696,@bodybuildingcom,True Muscle Trainer： 9 Weeks To Elite Fitness ｜ Promo [iM4ISSAyoys],@bodybuildingcom/True Muscle Trainer： 9 Weeks To Elite Fitness ｜ Promo [iM4ISSAyoys].txt,167
3697,@bodybuildingcom,NFL Combine Trainer： Overview - Bodybuilding.com [TosVUaofKJs],@bodybuildingcom/NFL Combine Trainer： Overview - Bodybuilding.com [TosVUaofKJs].txt,459
3698,@bodybuildingcom,Donkey Calf Raises - Calf Exercise - Bodybuilding.com [XEZUIXn5mgc],@bodybuildingcom/Donkey Calf Raises - Calf Exercise - Bodybuilding.com [XEZUIXn5mgc].txt,108
3699,@bodybuildingcom,Close Grip Bench Press - Tricep ⧸ Chest Exercise - Bodybuilding.com [OYoc93qAAEY],@bodybuildingcom/Close Grip Bench Press - Tricep ⧸ Chest Exercise - Bodybuilding.com [OYoc93qAAEY].txt,92
3700,@bodybuildingcom,Train Beyond Your Potential - Show Us Your Beast Body - Motivational Video Finalist [YZ2v9VH1gKQ],@bodybuildingcom/Train Beyond Your Potential - Show Us Your Beast Body - Motivational Video Finalist [YZ2v9VH1gKQ].txt,0
3701,@bodybuildingcom,At Home Cardio and Core Workout ｜ Clutch Life： Ashley Conrad's 24⧸7 Fitness Trainer [11WLF24-5iM],@bodybuildingcom/At Home Cardio and Core Workout ｜ Clutch Life： Ashley Conrad's 24⧸7 Fitness Trainer [11WLF24-5iM].txt,8371
3702,@bodybuildingcom,Train with Vinny Russo - Bodybuilding.com [zAsANynq1WQ],@bodybuildingcom/Train with Vinny Russo - Bodybuilding.com [zAsANynq1WQ].txt,2555
3703,@bodybuildingcom,Steve Cook Leg Workout for Strength ｜ Big Man on Campus [Ha4tOOEMMQI],@bodybuildingcom/Steve Cook Leg Workout for Strength ｜ Big Man on Campus [Ha4tOOEMMQI].txt,1705
3704,@bodybuildingcom,"Cooking With Christina Series, Episode #1： Chicken, Rice, & Vegetables - Bodybuilding.com [SyBMPFaqWOw]","@bodybuildingcom/Cooking With Christina Series, Episode #1： Chicken, Rice, & Vegetables - Bodybuilding.com [SyBMPFaqWOw].txt",967
3705,@bodybuildingcom,Day 1 ｜ 30 Minute at Home Strength Workout ｜ Clutch Life： Ashley Conrad's 24⧸7 Fitness Trainer [YdB1HMCldJY],@bodybuildingcom/Day 1 ｜ 30 Minute at Home Strength Workout ｜ Clutch Life： Ashley Conrad's 24⧸7 Fitness Trainer [YdB1HMCldJY].txt,4902
3706,@bodybuildingcom,"Week 2 Prep Contest - $200,000 Transformation Challenge [c-tlUpZ5IBY]","@bodybuildingcom/Week 2 Prep Contest - $200,000 Transformation Challenge [c-tlUpZ5IBY].txt",139
3707,@bodybuildingcom,Spider Curl - Biceps Exercise - Bodybuilding.com [TVjOooXvzO8],@bodybuildingcom/Spider Curl - Biceps Exercise - Bodybuilding.com [TVjOooXvzO8].txt,2
3708,@bodybuildingcom,The 21-Day Bizzy Diet Trainer： Workout A (SD) [5QE0vp1vPiM],@bodybuildingcom/The 21-Day Bizzy Diet Trainer： Workout A (SD) [5QE0vp1vPiM].txt,836
3709,@bodybuildingcom,It's Your Life (Football) ｜ 2010 Bodybuilding.com Commercial [IhDG0GbVZSU],@bodybuildingcom/It's Your Life (Football) ｜ 2010 Bodybuilding.com Commercial [IhDG0GbVZSU].txt,194
3710,@bodybuildingcom,"MuscleTech Fit Squad Fitness Challenge： Week 2 Video - Marc Megna, Bodybuilding.com [QYrW3rtsBic]","@bodybuildingcom/MuscleTech Fit Squad Fitness Challenge： Week 2 Video - Marc Megna, Bodybuilding.com [QYrW3rtsBic].txt",52
3711,@bodybuildingcom,40 Minute at Home Full-Body Workout： Day 20 ｜ Clutch Life： Ashley Conrad's 24⧸7 Fitness Trainer [_Jq0aHy_5z0],@bodybuildingcom/40 Minute at Home Full-Body Workout： Day 20 ｜ Clutch Life： Ashley Conrad's 24⧸7 Fitness Trainer [_Jq0aHy_5z0].txt,6283
3712,@bodybuildingcom,NFL Combine Trainer： Vertical Jump - Bodybuilding.com [9kSTJKMT_d0],@bodybuildingcom/NFL Combine Trainer： Vertical Jump - Bodybuilding.com [9kSTJKMT_d0].txt,2458
3713,@bodybuildingcom,Train with Laura Bailey - Bodybuilding.com [cCsIyVwOq24],@bodybuildingcom/Train with Laura Bailey - Bodybuilding.com [cCsIyVwOq24].txt,2394
3714,@bodybuildingcom,30 Minute at Home Strength Workout ｜ Clutch Life： Ashley Conrad's 24⧸7 Fitness Trainer [zcjCdIR0eYI],@bodybuildingcom/30 Minute at Home Strength Workout ｜ Clutch Life： Ashley Conrad's 24⧸7 Fitness Trainer [zcjCdIR0eYI].txt,5762
3715,@bodybuildingcom,James Grage's Rewired Fitness Trainer - Bodybuilding.com [BnfDCvCOkwU],@bodybuildingcom/James Grage's Rewired Fitness Trainer - Bodybuilding.com [BnfDCvCOkwU].txt,1171
3716,@bodybuildingcom,2014 Olympia Webcast Highlights Reel [LkLULVRNE9o],@bodybuildingcom/2014 Olympia Webcast Highlights Reel [LkLULVRNE9o].txt,370
3717,@bodybuildingcom,Ashley Hoffmann Legs Workout ｜ Build Legs You'll Love [vdcACykBa9I],@bodybuildingcom/Ashley Hoffmann Legs Workout ｜ Build Legs You'll Love [vdcACykBa9I].txt,776
3718,@bodybuildingcom,Ashley Conrad's 7-Day Clutch Cleanse - Bodybuilding.com [0RAY3S_iJsM],@bodybuildingcom/Ashley Conrad's 7-Day Clutch Cleanse - Bodybuilding.com [0RAY3S_iJsM].txt,803
3719,@bodybuildingcom,Rack Pulls - Back Exercise - Bodybuilding.com [u7NE34Vw81w],@bodybuildingcom/Rack Pulls - Back Exercise - Bodybuilding.com [u7NE34Vw81w].txt,124
3720,@bodybuildingcom,Body by Design Book Trailer - 2 min. version - Bodybuilding.com [IaM_yXZLOb8],@bodybuildingcom/Body by Design Book Trailer - 2 min. version - Bodybuilding.com [IaM_yXZLOb8].txt,308
3721,@bodybuildingcom,WORKOUT PREVIEW： Lower Body #1 with Coach Craig Bongelli [Bc8F9Vq61vo],@bodybuildingcom/WORKOUT PREVIEW： Lower Body #1 with Coach Craig Bongelli [Bc8F9Vq61vo].txt,624
3722,@bodybuildingcom,Ashley Horner's Full-Body Tabata Workout [It-B8xhkZy4],@bodybuildingcom/Ashley Horner's Full-Body Tabata Workout [It-B8xhkZy4].txt,1030
3723,@bodybuildingcom,BodySpace Guide - Bodybuilding.com [W9l6MnGSpcM],@bodybuildingcom/BodySpace Guide - Bodybuilding.com [W9l6MnGSpcM].txt,358
3724,@bodybuildingcom,Mike O'Hearn's Power Bodybuilding Training Program [xm1rqhyKRPc],@bodybuildingcom/Mike O'Hearn's Power Bodybuilding Training Program [xm1rqhyKRPc].txt,273
3725,@bodybuildingcom,Surviving the Toughest Workout at Westside Barbell ｜ The Westside Method EP 2 [VcAJAdEDcpk],@bodybuildingcom/Surviving the Toughest Workout at Westside Barbell ｜ The Westside Method EP 2 [VcAJAdEDcpk].txt,940
3726,@bodybuildingcom,Athlete ｜ Bodybuilding.com Commercial [ucpy8rGkzxM],@bodybuildingcom/Athlete ｜ Bodybuilding.com Commercial [ucpy8rGkzxM].txt,63
3727,@bodybuildingcom,Full-Body Squat Rack Workout ｜ Ashley Horner [ThnXE3Lo2V4],@bodybuildingcom/Full-Body Squat Rack Workout ｜ Ashley Horner [ThnXE3Lo2V4].txt,1234
3728,@bodybuildingcom,Bodybuilding.com Intro [j4E_YeaveIk],@bodybuildingcom/Bodybuilding.com Intro [j4E_YeaveIk].txt,83
3729,@bodybuildingcom,25 Years of Bodybuilding.com ｜ The Original Online Supplement Supplier Since 1999 [muT6xe9u4xg],@bodybuildingcom/25 Years of Bodybuilding.com ｜ The Original Online Supplement Supplier Since 1999 [muT6xe9u4xg].txt,3
3730,@bodybuildingcom,The Bodybuilding.com Podcast ｜ Ep. 07 ｜ Gabe Snow ｜ Allowing the Mind Lead the Body [LNwfBX55LE4],@bodybuildingcom/The Bodybuilding.com Podcast ｜ Ep. 07 ｜ Gabe Snow ｜ Allowing the Mind Lead the Body [LNwfBX55LE4].txt,15482
3731,@bodybuildingcom,Marc Megna's Training & Fitness Program - Bodybuilding.com [nl0xkwQHxzk],@bodybuildingcom/Marc Megna's Training & Fitness Program - Bodybuilding.com [nl0xkwQHxzk].txt,3143
3732,@bodybuildingcom,Playboy Model Ready - Heidi Montag - Part 1 - Bodybuilding.com [th52WDCXkFk],@bodybuildingcom/Playboy Model Ready - Heidi Montag - Part 1 - Bodybuilding.com [th52WDCXkFk].txt,1714
3733,@bodybuildingcom,Glutes Training Guide ｜ IFBB Bikini Pro Amanda Latona [tuTmfGpBbPQ],@bodybuildingcom/Glutes Training Guide ｜ IFBB Bikini Pro Amanda Latona [tuTmfGpBbPQ].txt,1197
3734,@bodybuildingcom,Add Strength & Size With Mike O'Hearn's Power Bodybuilding Program - Bodybuilding.com [NL-d92jM9A8],@bodybuildingcom/Add Strength & Size With Mike O'Hearn's Power Bodybuilding Program - Bodybuilding.com [NL-d92jM9A8].txt,1000
3735,@bodybuildingcom,Putting Community First & The Rise of Run Clubs ｜ Ep. 24 ｜ Anthony Crouchelli [o8bj9zPhqrk],@bodybuildingcom/Putting Community First & The Rise of Run Clubs ｜ Ep. 24 ｜ Anthony Crouchelli [o8bj9zPhqrk].txt,8162
3736,@bodybuildingcom,20 Minute at Home Flexibility Workout： Day 21 ｜ Clutch Life： Ashley Conrad's 24⧸7 Fitness Trainer [sNDCARHi3-M],@bodybuildingcom/20 Minute at Home Flexibility Workout： Day 21 ｜ Clutch Life： Ashley Conrad's 24⧸7 Fitness Trainer [sNDCARHi3-M].txt,2981
3737,@bodybuildingcom,Jamie Eason's Post-Pregnancy Trainer： Program Overview - Bodybuilding.com [20krUmnLVs4],@bodybuildingcom/Jamie Eason's Post-Pregnancy Trainer： Program Overview - Bodybuilding.com [20krUmnLVs4].txt,883
3738,@bodybuildingcom,Arnold Dumbbell Press - Shoulder Exercise - Bodybuilding.com [X60-yTMOJfw],@bodybuildingcom/Arnold Dumbbell Press - Shoulder Exercise - Bodybuilding.com [X60-yTMOJfw].txt,108
3739,@bodybuildingcom,Front Barbell Squat - Leg Exercise - Bodybuilding.com [9Hi_sgKPNEo],@bodybuildingcom/Front Barbell Squat - Leg Exercise - Bodybuilding.com [9Hi_sgKPNEo].txt,180
3740,@bodybuildingcom,Chest Anatomy & Training Program ｜ Built By Science [2R7VYUEHKvs],@bodybuildingcom/Chest Anatomy & Training Program ｜ Built By Science [2R7VYUEHKvs].txt,2667
3741,@bodybuildingcom,Cable Crunch - Abs ⧸ Core Exercise - Bodybuilding.com [3qjoXDTuyOE],@bodybuildingcom/Cable Crunch - Abs ⧸ Core Exercise - Bodybuilding.com [3qjoXDTuyOE].txt,100
3742,@bodybuildingcom,"$100,000 Transformation Challenge by ON & Bodybuilding.com [aqpwbRKfZXU]","@bodybuildingcom/$100,000 Transformation Challenge by ON & Bodybuilding.com [aqpwbRKfZXU].txt",71
3743,@bodybuildingcom,BodySpace Demo Part 1： Activate Your Account [ZAarbi9hFjs],@bodybuildingcom/BodySpace Demo Part 1： Activate Your Account [ZAarbi9hFjs].txt,612
3744,@bodybuildingcom,20 Minute at Home Flexibility Workout： Day 7 ｜ Clutch Life： Ashley Conrad's 24⧸7 Fitness Trainer [Tyv5vhtuRt8],@bodybuildingcom/20 Minute at Home Flexibility Workout： Day 7 ｜ Clutch Life： Ashley Conrad's 24⧸7 Fitness Trainer [Tyv5vhtuRt8].txt,2972
3745,@bodybuildingcom,Bodybuilding.com Guide to Arginine [zXS5B_-WI2A],@bodybuildingcom/Bodybuilding.com Guide to Arginine [zXS5B_-WI2A].txt,317
3746,@bodybuildingcom,WORKOUT PREVIEW： Strength for Athletes #1 with Coach Ken Yu [J0AVH9tmNh4],@bodybuildingcom/WORKOUT PREVIEW： Strength for Athletes #1 with Coach Ken Yu [J0AVH9tmNh4].txt,366
3747,@bodybuildingcom,"The Daily Buzz Interviews Jamie Eason - 2013 Bodybuilding.com $100,000 Transformation Contest [XlAzU47pvoI]","@bodybuildingcom/The Daily Buzz Interviews Jamie Eason - 2013 Bodybuilding.com $100,000 Transformation Contest [XlAzU47pvoI].txt",64
3748,@bodybuildingcom,20 Minute at Home Flexibility Workout： Day 25 ｜ Clutch Life： Ashley Conrad's 24⧸7 Fitness Trainer [wRwGOgHBcgE],@bodybuildingcom/20 Minute at Home Flexibility Workout： Day 25 ｜ Clutch Life： Ashley Conrad's 24⧸7 Fitness Trainer [wRwGOgHBcgE].txt,3238
3749,@bodybuildingcom,Butterfly - Chest Exercise - Bodybuilding.com [oGxc2ph8Fnw],@bodybuildingcom/Butterfly - Chest Exercise - Bodybuilding.com [oGxc2ph8Fnw].txt,77
3750,@bodybuildingcom,Jamie Eason's Pumpkin Spice Pancakes - Bodybuilding.com [99X_SzXciFc],@bodybuildingcom/Jamie Eason's Pumpkin Spice Pancakes - Bodybuilding.com [99X_SzXciFc].txt,923
3751,@bodybuildingcom,2012 Bodybuilding.com Employee Transformations [4TrKSBlI3Cc],@bodybuildingcom/2012 Bodybuilding.com Employee Transformations [4TrKSBlI3Cc].txt,1606
3752,@bodybuildingcom,30 Minute at Home Strength Workout： Day 15 ｜ Clutch Life： Ashley Conrad's 24⧸7 Fitness Trainer [ZuVTRPWGPD8],@bodybuildingcom/30 Minute at Home Strength Workout： Day 15 ｜ Clutch Life： Ashley Conrad's 24⧸7 Fitness Trainer [ZuVTRPWGPD8].txt,5700
3753,@bodybuildingcom,Training with Mary Murphy - Bodybuilding.com [uJU0r53SCKA],@bodybuildingcom/Training with Mary Murphy - Bodybuilding.com [uJU0r53SCKA].txt,1409
3754,@bodybuildingcom,5 Move Leg Workout for Mass ｜ Hunter Labrada [g52tq_GtlEE],@bodybuildingcom/5 Move Leg Workout for Mass ｜ Hunter Labrada [g52tq_GtlEE].txt,1903
3755,@bodybuildingcom,Chris Thompson's No Excuses MVP Arm Workout - Bodybuilding.com [fQMCCRlBtfs],@bodybuildingcom/Chris Thompson's No Excuses MVP Arm Workout - Bodybuilding.com [fQMCCRlBtfs].txt,874
3756,@bodybuildingcom,Bodybuilding.com Guide to HMB [yv8PD66uht0],@bodybuildingcom/Bodybuilding.com Guide to HMB [yv8PD66uht0].txt,152
3757,@bodybuildingcom,2011 Arnold Classic Rap - Bodybuilding.com [LdgWz_eU6hU],@bodybuildingcom/2011 Arnold Classic Rap - Bodybuilding.com [LdgWz_eU6hU].txt,157
3758,@bodybuildingcom,Bodybuilding.com Guide to Casein Protein [61wk2Qa9cIs],@bodybuildingcom/Bodybuilding.com Guide to Casein Protein [61wk2Qa9cIs].txt,157
3759,@bodybuildingcom,Lower-Body Dorm Room Workout ｜ Katie Chung Hua [edE8HDF5QIo],@bodybuildingcom/Lower-Body Dorm Room Workout ｜ Katie Chung Hua [edE8HDF5QIo].txt,597
3760,@bodybuildingcom,Training with 8x Mr. Olympia Ronnie Coleman [IxDpQB6iVY4],@bodybuildingcom/Training with 8x Mr. Olympia Ronnie Coleman [IxDpQB6iVY4].txt,1524
3761,@bodybuildingcom,Front-To-Back Squat With Belt - Bodybuilding.com [qtMYE-szszM],@bodybuildingcom/Front-To-Back Squat With Belt - Bodybuilding.com [qtMYE-szszM].txt,156
3762,@bodybuildingcom,Back & Biceps With Sonya Vecchiarelli - Bodybuilding.com [mNQmewJP6pU],@bodybuildingcom/Back & Biceps With Sonya Vecchiarelli - Bodybuilding.com [mNQmewJP6pU].txt,329
3763,@bodybuildingcom,Pushup - Chest Exercise - Bodybuilding.com [E4-IJANv_84],@bodybuildingcom/Pushup - Chest Exercise - Bodybuilding.com [E4-IJANv_84].txt,77
3764,@bodybuildingcom,Dumbbell Bench Press - Chest Exercise - Bodybuilding.com [Vc63DPUoA40],@bodybuildingcom/Dumbbell Bench Press - Chest Exercise - Bodybuilding.com [Vc63DPUoA40].txt,226
3765,@bodybuildingcom,Spartacus War Of The Damned - Arm Workout Interview - Bodybuilding.com [Fhsd41QsPzc],@bodybuildingcom/Spartacus War Of The Damned - Arm Workout Interview - Bodybuilding.com [Fhsd41QsPzc].txt,3989
3766,@bodybuildingcom,Kai Greene： A New Breed - Vol 2 Redemption - Bodybuilding.com [PQ7SaQfpnFQ],@bodybuildingcom/Kai Greene： A New Breed - Vol 2 Redemption - Bodybuilding.com [PQ7SaQfpnFQ].txt,259
3767,@bodybuildingcom,The Bizzy Diet Trainer： Promo - Bodybuilding.com (HD) [FpItQ7qq4mE],@bodybuildingcom/The Bizzy Diet Trainer： Promo - Bodybuilding.com (HD) [FpItQ7qq4mE].txt,122
3768,@bodybuildingcom,Kris Gethin's Shoulder Annihilation Workout - Bodybuilding.com [kRVKvACQhsE],@bodybuildingcom/Kris Gethin's Shoulder Annihilation Workout - Bodybuilding.com [kRVKvACQhsE].txt,1739
3769,@bodybuildingcom,Terry Crews Workout for Expendables [D-uBxxK4c3U],@bodybuildingcom/Terry Crews Workout for Expendables [D-uBxxK4c3U].txt,1337
3770,@bodybuildingcom,Colton Leonard's Training & Fitness Program - Bodybuilding.com [YhH26__D0wU],@bodybuildingcom/Colton Leonard's Training & Fitness Program - Bodybuilding.com [YhH26__D0wU].txt,2426
3771,@bodybuildingcom,"Meet Bodybuilding.com Master Coach ｜ CRAIG BONGELLI, CPT [W9dBd-alZhI]","@bodybuildingcom/Meet Bodybuilding.com Master Coach ｜ CRAIG BONGELLI, CPT [W9dBd-alZhI].txt",145
3772,@bodybuildingcom,Ashley Conrad's 21-Day Clutch Cut Training Program - Overview - Bodybuilding.com [mJMQzBH1P4Y],@bodybuildingcom/Ashley Conrad's 21-Day Clutch Cut Training Program - Overview - Bodybuilding.com [mJMQzBH1P4Y].txt,819
3773,@bodybuildingcom,Duel： Marc Megna's 6-Week Partner-Based Muscle-Building Plan ｜ Promo [W97HUdTAkAY],@bodybuildingcom/Duel： Marc Megna's 6-Week Partner-Based Muscle-Building Plan ｜ Promo [W97HUdTAkAY].txt,56
3774,@bodybuildingcom,One Arm Dumbbell Row - Back Exercise - Bodybuilding.com [PgpQ4-jHiq4],@bodybuildingcom/One Arm Dumbbell Row - Back Exercise - Bodybuilding.com [PgpQ4-jHiq4].txt,187
3775,@bodybuildingcom,How To： Lat Pull Down #latpulldown #workouttips [nYy_p9CaACI],@bodybuildingcom/How To： Lat Pull Down #latpulldown #workouttips [nYy_p9CaACI].txt,152
3776,@bodybuildingcom,Training With Kizzito Ejam - Bodybuilding.com [LzNxV0N7vG4],@bodybuildingcom/Training With Kizzito Ejam - Bodybuilding.com [LzNxV0N7vG4].txt,2834
3777,@bodybuildingcom,Bodybuilding.com XDB Shoot - OhNoes [VaY6HllXWEI],@bodybuildingcom/Bodybuilding.com XDB Shoot - OhNoes [VaY6HllXWEI].txt,0
3778,@bodybuildingcom,Rich Froning CrossFit Workout ｜ WOD [UTNh6jU1lE0],@bodybuildingcom/Rich Froning CrossFit Workout ｜ WOD [UTNh6jU1lE0].txt,2221
3779,@bodybuildingcom,Jamie Eason's Carrot Cake Protein Bars - Bodybuilding.com [b4Adfwjkhfc],@bodybuildingcom/Jamie Eason's Carrot Cake Protein Bars - Bodybuilding.com [b4Adfwjkhfc].txt,1738
3780,@bodybuildingcom,Clay Guida's Fitness Program - Bodybuilding.com [W7WmYeXvsx8],@bodybuildingcom/Clay Guida's Fitness Program - Bodybuilding.com [W7WmYeXvsx8].txt,3254
3781,@bodybuildingcom,Almond Banana Protein Shake ｜ Lais DeLeon [4f4UyUYzYNY],@bodybuildingcom/Almond Banana Protein Shake ｜ Lais DeLeon [4f4UyUYzYNY].txt,171
3782,@bodybuildingcom,Dumbbell Shoulder Press - Shoulder Exercise - Bodybuilding.com [tzZMsrzG_zE],@bodybuildingcom/Dumbbell Shoulder Press - Shoulder Exercise - Bodybuilding.com [tzZMsrzG_zE].txt,109
3783,@bodybuildingcom,Throwback Shoulder Workout with James Grage and Whitney Reid - Bodybuilding.com [9k_2NwrpOfI],@bodybuildingcom/Throwback Shoulder Workout with James Grage and Whitney Reid - Bodybuilding.com [9k_2NwrpOfI].txt,2462
3784,@bodybuildingcom,The 21-Day Bizzy Diet Trainer： Trailer - Bodybuilding.com (SD) [fkYSn1OOF0Y],@bodybuildingcom/The 21-Day Bizzy Diet Trainer： Trailer - Bodybuilding.com (SD) [fkYSn1OOF0Y].txt,109
3785,@bodybuildingcom,Nutrition & Shopping ｜ Day 3_12-Week Hardcore Daily Video Trainer With Kris Gethin [qeL2H-DdAPk],@bodybuildingcom/Nutrition & Shopping ｜ Day 3_12-Week Hardcore Daily Video Trainer With Kris Gethin [qeL2H-DdAPk].txt,1929
3786,@bodybuildingcom,Nutrition Plan and Supplementation Guide ｜ Clutch Life： Ashley Conrad's 24⧸7 Fitness Trainer [ooRY_6rEDcI],@bodybuildingcom/Nutrition Plan and Supplementation Guide ｜ Clutch Life： Ashley Conrad's 24⧸7 Fitness Trainer [ooRY_6rEDcI].txt,988
3787,@bodybuildingcom,Stephanie Toomey's Training & Fitness Program - Bodybuilding.com [q3KJETz8a40],@bodybuildingcom/Stephanie Toomey's Training & Fitness Program - Bodybuilding.com [q3KJETz8a40].txt,2743
3788,@bodybuildingcom,The power of positioning 💪 Are your rows optimized？ [M1Com4Pxvsw],@bodybuildingcom/The power of positioning 💪 Are your rows optimized？ [M1Com4Pxvsw].txt,148
3789,@bodybuildingcom,The 21-Day Bizzy Diet Trainer： Promo & Overview (SD) - Bodybuilding.com [alPiTxPhHHY],@bodybuildingcom/The 21-Day Bizzy Diet Trainer： Promo & Overview (SD) - Bodybuilding.com [alPiTxPhHHY].txt,1764
3790,@bodybuildingcom,BodySpace Demo Part 3： Progress Pics and Personal Info [xLQieuTtshA],@bodybuildingcom/BodySpace Demo Part 3： Progress Pics and Personal Info [xLQieuTtshA].txt,834
3791,@bodybuildingcom,Superman - Back Exercise - Bodybuilding.com [hhq86gJvrvo],@bodybuildingcom/Superman - Back Exercise - Bodybuilding.com [hhq86gJvrvo].txt,80
3792,@bodybuildingcom,CT Fletcher's Commandment #9 Of Muscle Growth - Bodybuilding.com [yOQus9QrzIM],@bodybuildingcom/CT Fletcher's Commandment #9 Of Muscle Growth - Bodybuilding.com [yOQus9QrzIM].txt,171
3793,@bodybuildingcom,3 Hip Thrust Fixes For Glute Size and Strength [fqDXQslK9Mc],@bodybuildingcom/3 Hip Thrust Fixes For Glute Size and Strength [fqDXQslK9Mc].txt,432
3794,@bodybuildingcom,Getting Ripped And Cover Ready - Part 1 - Bodybuilding.com [SAz4Nywtejc],@bodybuildingcom/Getting Ripped And Cover Ready - Part 1 - Bodybuilding.com [SAz4Nywtejc].txt,801
3795,@bodybuildingcom,The Top Features of the New Bodybuilding.com App [5uiAz4xb6kM],@bodybuildingcom/The Top Features of the New Bodybuilding.com App [5uiAz4xb6kM].txt,184
3796,@bodybuildingcom,Breaking Down the Westside Method ｜ The Westside Method EP 3 [9OctFzSfvDo],@bodybuildingcom/Breaking Down the Westside Method ｜ The Westside Method EP 3 [9OctFzSfvDo].txt,1566
3797,@bodybuildingcom,Preacher Curl - Biceps Exercise - Bodybuilding.com [RgN216Cumtw],@bodybuildingcom/Preacher Curl - Biceps Exercise - Bodybuilding.com [RgN216Cumtw].txt,134
3798,@bodybuildingcom,This is Bodybuilding.com： Athletes Version - Bodybuilding.com [QZ2Vfje--KU],@bodybuildingcom/This is Bodybuilding.com： Athletes Version - Bodybuilding.com [QZ2Vfje--KU].txt,773
3799,@bodybuildingcom,Lunges - Leg Exercise - Bodybuilding.com [Wb8Yr3Nx7dE],@bodybuildingcom/Lunges - Leg Exercise - Bodybuilding.com [Wb8Yr3Nx7dE].txt,104
3800,@bodybuildingcom,Weight Loss 101 ｜ Ep. 18 ｜ The Bodybuilding.com Podcast ｜ Jacob Zemer [evqEsDx-4Q8],@bodybuildingcom/Weight Loss 101 ｜ Ep. 18 ｜ The Bodybuilding.com Podcast ｜ Jacob Zemer [evqEsDx-4Q8].txt,13824
3801,@bodybuildingcom,"Fitness, Bikini And Ms  Olympia Finals Post Show Replay - Bodybuilding.com [FStTQTUZyeg]","@bodybuildingcom/Fitness, Bikini And Ms  Olympia Finals Post Show Replay - Bodybuilding.com [FStTQTUZyeg].txt",4138
3802,@bodybuildingcom,Elite by Bodybuilding.com ｜ Power + BCAA ｜ Boost Power & Reduce Fatigue [eQAqRAImgCw],@bodybuildingcom/Elite by Bodybuilding.com ｜ Power + BCAA ｜ Boost Power & Reduce Fatigue [eQAqRAImgCw].txt,9
3803,@bodybuildingcom,Dumbbell Squat - Leg Exercise - Bodybuilding.com [r9gqv3WF90I],@bodybuildingcom/Dumbbell Squat - Leg Exercise - Bodybuilding.com [r9gqv3WF90I].txt,119
3804,@bodybuildingcom,5 Ways to Create a Perfect Workout [SvqmwJ_e3vM],@bodybuildingcom/5 Ways to Create a Perfect Workout [SvqmwJ_e3vM].txt,559
3805,@bodybuildingcom,Marathon Training Reflections + Race Day Preparation ｜ 26.2 THE ROAD TO BERLIN EP 5 [Wwd_oxlAhGQ],@bodybuildingcom/Marathon Training Reflections + Race Day Preparation ｜ 26.2 THE ROAD TO BERLIN EP 5 [Wwd_oxlAhGQ].txt,1418
3806,@bodybuildingcom,Stiff-Legged Deadlift - Leg Exercise - Bodybuilding.com [NzMDStjQadQ],@bodybuildingcom/Stiff-Legged Deadlift - Leg Exercise - Bodybuilding.com [NzMDStjQadQ].txt,100
3807,@bodybuildingcom,Legs Like Jessie's： Hilgenberg's 7-Move Lower Body Workout [DtSvlEJnM6U],@bodybuildingcom/Legs Like Jessie's： Hilgenberg's 7-Move Lower Body Workout [DtSvlEJnM6U].txt,2105
3808,@bodybuildingcom,Steve Cook's Chest and Triceps Workout ｜ Big Man on Campus [vdg3AYIr4pc],@bodybuildingcom/Steve Cook's Chest and Triceps Workout ｜ Big Man on Campus [vdg3AYIr4pc].txt,2073
3809,@bodybuildingcom,45 Minute at Home Bodyweight Workout： Day 27 ｜ Clutch Life： Ashley Conrad's 24⧸7 Fitness Trainer [o6JqgPfC-P8],@bodybuildingcom/45 Minute at Home Bodyweight Workout： Day 27 ｜ Clutch Life： Ashley Conrad's 24⧸7 Fitness Trainer [o6JqgPfC-P8].txt,4825
3810,@bodybuildingcom,Farmer's Walk - Forearm Exercise - Bodybuilding.com [hJW-Xc8TvU8],@bodybuildingcom/Farmer's Walk - Forearm Exercise - Bodybuilding.com [hJW-Xc8TvU8].txt,79
3811,@bodybuildingcom,Elite by Bodybuilding.com ｜ Advanced Testosterone [J80BEJfKNjU],@bodybuildingcom/Elite by Bodybuilding.com ｜ Advanced Testosterone [J80BEJfKNjU].txt,0
3812,@bodybuildingcom,This is My Life - Show Us Your Beast Body - Motivational Video Finalist [Hduf9MZyY1M],@bodybuildingcom/This is My Life - Show Us Your Beast Body - Motivational Video Finalist [Hduf9MZyY1M].txt,355
3813,@bodybuildingcom,How To Test Your One-Rep Max ｜ Ph3： Layne Norton's Power and Hypertrophy Trainer [HhRDUYmIALU],@bodybuildingcom/How To Test Your One-Rep Max ｜ Ph3： Layne Norton's Power and Hypertrophy Trainer [HhRDUYmIALU].txt,1082
3814,@bodybuildingcom,NFL Combine Trainer： Nutrition - Bodybuilding.com [PZwav9S-OGg],@bodybuildingcom/NFL Combine Trainer： Nutrition - Bodybuilding.com [PZwav9S-OGg].txt,1151
3815,@bodybuildingcom,Adam Meyer  & Billy Beck Workout - Bodybuilding.com [Z-skEBYIT84],@bodybuildingcom/Adam Meyer  & Billy Beck Workout - Bodybuilding.com [Z-skEBYIT84].txt,330
3816,@bodybuildingcom,Milk Thistle Guide - Bodybuilding.com [vtpCEEZhJxI],@bodybuildingcom/Milk Thistle Guide - Bodybuilding.com [vtpCEEZhJxI].txt,305
3817,@bodybuildingcom,Pullups -  Back Exercise - Bodybuilding.com [WXMKjV11lAk],@bodybuildingcom/Pullups -  Back Exercise - Bodybuilding.com [WXMKjV11lAk].txt,129
3818,@bodybuildingcom,Ultimate Fat-Burning Workout ｜ Brian Casad [aTXblDlhXNo],@bodybuildingcom/Ultimate Fat-Burning Workout ｜ Brian Casad [aTXblDlhXNo].txt,539
3819,@bodybuildingcom,Steve Cook's Training & Nutrition Program [A8QdQzUV0Fk],@bodybuildingcom/Steve Cook's Training & Nutrition Program [A8QdQzUV0Fk].txt,2345
3820,@bodybuildingcom,Wide Grip Lat Pulldown - Back Exercise - Bodybuilding.com [S0no-Q03h74],@bodybuildingcom/Wide Grip Lat Pulldown - Back Exercise - Bodybuilding.com [S0no-Q03h74].txt,147
3821,@bodybuildingcom,Hellraiser Training Program ｜ Trailer [BaRLb-DKviw],@bodybuildingcom/Hellraiser Training Program ｜ Trailer [BaRLb-DKviw].txt,31
3822,@bodybuildingcom,"Bodybuilding.com $100,000 Transformation Challenge - Burn Fat, Build Muscle, Transform Your Life [9FcxcHRLLHg]","@bodybuildingcom/Bodybuilding.com $100,000 Transformation Challenge - Burn Fat, Build Muscle, Transform Your Life [9FcxcHRLLHg].txt",172
3823,@bodybuildingcom,Ben Affleck's Training  For ＂The Town＂ by Rehan Jalali - Bodybuilding.com [Tu1O2c1kRaQ],@bodybuildingcom/Ben Affleck's Training  For ＂The Town＂ by Rehan Jalali - Bodybuilding.com [Tu1O2c1kRaQ].txt,1233
3824,@bodybuildingcom,Something New is Coming to Bodybuilding.com [zH9F32HOols],@bodybuildingcom/Something New is Coming to Bodybuilding.com [zH9F32HOols].txt,4
3825,@bodybuildingcom,Ashley Conrad's 21-Day Clutch Cut Training Program - Nutrition Overview - Bodybuilding.com [WQKdeuxQNm4],@bodybuildingcom/Ashley Conrad's 21-Day Clutch Cut Training Program - Nutrition Overview - Bodybuilding.com [WQKdeuxQNm4].txt,1209
3826,@bodybuildingcom,master_transcript1,@bodybuildingcom/master_transcript1.txt,965318
3827,@bodybuildingcom,Kris Gethin's DTP Trailer - Bodybuilding.com [3wntufOJs-A],@bodybuildingcom/Kris Gethin's DTP Trailer - Bodybuilding.com [3wntufOJs-A].txt,26
3828,@bodybuildingcom,40 Minute at Home Strength Workout： Day 10 ｜ Clutch Life： Ashley Conrad's 24⧸7 Fitness Trainer [u_F_RlGONQ0],@bodybuildingcom/40 Minute at Home Strength Workout： Day 10 ｜ Clutch Life： Ashley Conrad's 24⧸7 Fitness Trainer [u_F_RlGONQ0].txt,5862
3829,@bodybuildingcom,Ashley Johns Fitness Program - Bodybuilding.com [PhmihmFRS7E],@bodybuildingcom/Ashley Johns Fitness Program - Bodybuilding.com [PhmihmFRS7E].txt,1924
3830,@bodybuildingcom,"EPIC Reaction - $100k Winners Surprised with $50,000 Cash! [0BFPpBVTTP4]","@bodybuildingcom/EPIC Reaction - $100k Winners Surprised with $50,000 Cash! [0BFPpBVTTP4].txt",509
3831,@bodybuildingcom,Arm Building Superset Workout ｜ Brian Casad [fxxFIJDJAz4],@bodybuildingcom/Arm Building Superset Workout ｜ Brian Casad [fxxFIJDJAz4].txt,832
3832,@bodybuildingcom,Finding Inspiration In Nature! Watch the entire series with @discoverydeadlift here on our channel. [vxTZ6779JUo],@bodybuildingcom/Finding Inspiration In Nature! Watch the entire series with @discoverydeadlift here on our channel. [vxTZ6779JUo].txt,138
3833,@bodybuildingcom,Seated Cable Rows - Back Exercise - Bodybuilding.com [IzoCF_b3cIY],@bodybuildingcom/Seated Cable Rows - Back Exercise - Bodybuilding.com [IzoCF_b3cIY].txt,170
3834,@bodybuildingcom,Day 18 ｜ 20 Minute at Home Flexibility Workout ｜ Clutch Life： Ashley Conrad's 24⧸7 Fitness Trainer [PcaHrxetRas],@bodybuildingcom/Day 18 ｜ 20 Minute at Home Flexibility Workout ｜ Clutch Life： Ashley Conrad's 24⧸7 Fitness Trainer [PcaHrxetRas].txt,3217
3835,@bodybuildingcom,"$200,000 Transformation Challenge - Week 8 Challenge and MuscleProf Tip - Bodybuilding.com [DqY9fh377_E]","@bodybuildingcom/$200,000 Transformation Challenge - Week 8 Challenge and MuscleProf Tip - Bodybuilding.com [DqY9fh377_E].txt",104
3836,@bodybuildingcom,How To： Single Arm Row [JJgi7oseb6E],@bodybuildingcom/How To： Single Arm Row [JJgi7oseb6E].txt,76
3837,@bodybuildingcom,Behind The Back Wrist Curl - Forearm Exercise - Bodybuilding.com [sVLVLcsfWSo],@bodybuildingcom/Behind The Back Wrist Curl - Forearm Exercise - Bodybuilding.com [sVLVLcsfWSo].txt,66
3838,@bodybuildingcom,20 Minute at Home Flexibility Workout： Day 11 ｜ Clutch Life： Ashley Conrad's 24⧸7 Fitness Trainer [S7KX_S_gzX0],@bodybuildingcom/20 Minute at Home Flexibility Workout： Day 11 ｜ Clutch Life： Ashley Conrad's 24⧸7 Fitness Trainer [S7KX_S_gzX0].txt,3220
3839,@bodybuildingcom,There's always that one guy. IG：brodieshredz #gym #bicepcurls #workout#gymbros#gymcommunity#gymmemes [eLrscTL4e84],@bodybuildingcom/There's always that one guy. IG：brodieshredz #gym #bicepcurls #workout#gymbros#gymcommunity#gymmemes [eLrscTL4e84].txt,185
3840,@bodybuildingcom,Rachel Flint's Training & Fitness Program - Bodybuilding.com [j31E3DlbdIA],@bodybuildingcom/Rachel Flint's Training & Fitness Program - Bodybuilding.com [j31E3DlbdIA].txt,1883
3841,@bodybuildingcom,Kendall's Kitchen： Gluten-Free Garlic And Herb Shrimp Recipe - Bodybuilding.com [wS8073lclm4],@bodybuildingcom/Kendall's Kitchen： Gluten-Free Garlic And Herb Shrimp Recipe - Bodybuilding.com [wS8073lclm4].txt,393
3842,@bodybuildingcom,Jamie Eason - Big 'Ol Butt Video - Bodybuilding.com [rsJSLERgBDg],@bodybuildingcom/Jamie Eason - Big 'Ol Butt Video - Bodybuilding.com [rsJSLERgBDg].txt,46
3843,@bodybuildingcom,Laura McGraw Fitness 360： Survivor Strong - Bodybuilding.com [zZCXEfITZUk],@bodybuildingcom/Laura McGraw Fitness 360： Survivor Strong - Bodybuilding.com [zZCXEfITZUk].txt,1938
3844,@bodybuildingcom,Stiff Legged Dumbbell Deadlift - Legs ⧸ Glutes Exercise - Bodybuilding.com [w9_PudlkeLI],@bodybuildingcom/Stiff Legged Dumbbell Deadlift - Legs ⧸ Glutes Exercise - Bodybuilding.com [w9_PudlkeLI].txt,105
3845,@bodybuildingcom,Hyperextensions (Back Extensions) - Core ⧸ Back Exercise - Bodybuilding.com [qtjJUWCnDyE],@bodybuildingcom/Hyperextensions (Back Extensions) - Core ⧸ Back Exercise - Bodybuilding.com [qtjJUWCnDyE].txt,108
3846,@bodybuildingcom,Training with Lindsay Kaye - Bodybuilding.com [tvmdUJJoe3k],@bodybuildingcom/Training with Lindsay Kaye - Bodybuilding.com [tvmdUJJoe3k].txt,2534
3847,@bodybuildingcom,Get Swole ｜ Cory Gregory's 16-Week Muscle-Building Training Program [LmqWx6gLf6Y],@bodybuildingcom/Get Swole ｜ Cory Gregory's 16-Week Muscle-Building Training Program [LmqWx6gLf6Y].txt,622
3848,@bodybuildingcom,Testosterone Replacement Therapy (TRT)： What You Need To Know [h2SgYdob1g4],@bodybuildingcom/Testosterone Replacement Therapy (TRT)： What You Need To Know [h2SgYdob1g4].txt,249
3849,@bodybuildingcom,EZ-Bar Curl - Biceps Exercise - Bodybuilding.com [S_i3SEVgKWU],@bodybuildingcom/EZ-Bar Curl - Biceps Exercise - Bodybuilding.com [S_i3SEVgKWU].txt,112
3850,@bodybuildingcom,Train Abs with Mario Lopez - Bodybuilding.com [QBh5D0xa2C4],@bodybuildingcom/Train Abs with Mario Lopez - Bodybuilding.com [QBh5D0xa2C4].txt,681
3851,@bodybuildingcom,Barbell Hip Thrust - Legs ⧸ Glutes Exercise - Bodybuilding.com [Fk1OfkMmVt4],@bodybuildingcom/Barbell Hip Thrust - Legs ⧸ Glutes Exercise - Bodybuilding.com [Fk1OfkMmVt4].txt,94
3852,@bodybuildingcom,Upright Barbell Row - Shoulder Exercise - Bodybuilding.com [KzYlXWXVw3o],@bodybuildingcom/Upright Barbell Row - Shoulder Exercise - Bodybuilding.com [KzYlXWXVw3o].txt,131
3853,@bodybuildingcom,Stop Doing Leg Extensions Like This!!! #legextensions #workouttips [5D4C2Ts5U7s],@bodybuildingcom/Stop Doing Leg Extensions Like This!!! #legextensions #workouttips [5D4C2Ts5U7s].txt,405
3854,@bodybuildingcom,Alex Savva’s Must-Do Arm Exercises! - Bodybuilding.com [5yGWUxHv95k],@bodybuildingcom/Alex Savva’s Must-Do Arm Exercises! - Bodybuilding.com [5yGWUxHv95k].txt,1752
3855,@bodybuildingcom,Bodybuilding.com Guide to Flax Seed Oil [D0njLPIGz5I],@bodybuildingcom/Bodybuilding.com Guide to Flax Seed Oil [D0njLPIGz5I].txt,409
3856,@bodybuildingcom,One-Arm Dumbbell Row - Back Exercise - Bodybuilding.com [cpI-Q3VQrEA],@bodybuildingcom/One-Arm Dumbbell Row - Back Exercise - Bodybuilding.com [cpI-Q3VQrEA].txt,166
3857,@bodybuildingcom,Training With Jen Rankin - Bodybuilding.com [1AtdG1M6RhU],@bodybuildingcom/Training With Jen Rankin - Bodybuilding.com [1AtdG1M6RhU].txt,2050
3858,@bodybuildingcom,Erin Stern's Figure Olympia Prep [4xZW0Tw63J0],@bodybuildingcom/Erin Stern's Figure Olympia Prep [4xZW0Tw63J0].txt,286
3859,@bodybuildingcom,NFL Combine Trainer - Bodybuilding.com [e7tB7NCykYY],@bodybuildingcom/NFL Combine Trainer - Bodybuilding.com [e7tB7NCykYY].txt,169
3860,@bodybuildingcom,How to Heal Through Full Body Acupuncture ｜ The Bodybuilding.com Podcast ｜ Ep. 14 ｜ Jeff Medina [sMFIJWDXE7s],@bodybuildingcom/How to Heal Through Full Body Acupuncture ｜ The Bodybuilding.com Podcast ｜ Ep. 14 ｜ Jeff Medina [sMFIJWDXE7s].txt,9673
3861,@bodybuildingcom,Absolute Ava Series： Perfecting Your Figure! Episode #1 - Bodybuilding.com [xK4HCR3nAns],@bodybuildingcom/Absolute Ava Series： Perfecting Your Figure! Episode #1 - Bodybuilding.com [xK4HCR3nAns].txt,648
3862,@bodybuildingcom,Leg Extensions - Leg Exercise - Bodybuilding.com [yR_LqZYSIgM],@bodybuildingcom/Leg Extensions - Leg Exercise - Bodybuilding.com [yR_LqZYSIgM].txt,98
3863,@bodybuildingcom,Brendy Scheerer's Training & Fitness Program - Bodybuilding.com [DT-vxHNGpp0],@bodybuildingcom/Brendy Scheerer's Training & Fitness Program - Bodybuilding.com [DT-vxHNGpp0].txt,2434
3864,@bodybuildingcom,Brooke Erickson's Fitness Program - Bodybuilding.com [1OJoJbKRnxg],@bodybuildingcom/Brooke Erickson's Fitness Program - Bodybuilding.com [1OJoJbKRnxg].txt,2272
3865,@bodybuildingcom,"The Bodybuilding.com Podcast ｜ Ep. 09 ｜ Nikki Davila ｜ Losing Weight, Eating Carbs & Nutrition 101 [wL8drxLCyak]","@bodybuildingcom/The Bodybuilding.com Podcast ｜ Ep. 09 ｜ Nikki Davila ｜ Losing Weight, Eating Carbs & Nutrition 101 [wL8drxLCyak].txt",11482
3866,@bodybuildingcom,"Rodney Razor's Training, Diet, and Nutrition Program - Bodybuilding.com [xCcPV5As6cE]","@bodybuildingcom/Rodney Razor's Training, Diet, and Nutrition Program - Bodybuilding.com [xCcPV5As6cE].txt",1712
3867,@bodybuildingcom,2010 Joe Weider Interview - The Father of Modern Bodybuilding - Bodybuilding.com [2npBZBayg34],@bodybuildingcom/2010 Joe Weider Interview - The Father of Modern Bodybuilding - Bodybuilding.com [2npBZBayg34].txt,1434
3868,@bodybuildingcom,Intentional Movement Theories & Finding Spirituality ｜ Ep. 19 ｜ Alex Silver-Fagan ｜ Bodybuilding.com [hpzgCF77MEc],@bodybuildingcom/Intentional Movement Theories & Finding Spirituality ｜ Ep. 19 ｜ Alex Silver-Fagan ｜ Bodybuilding.com [hpzgCF77MEc].txt,10078
3869,@bodybuildingcom,Standing Dumbbell Upright Row - Shoulder Exercise - Bodybuilding.com [SO_nHq52a8o],@bodybuildingcom/Standing Dumbbell Upright Row - Shoulder Exercise - Bodybuilding.com [SO_nHq52a8o].txt,73
3870,@bodybuildingcom,Elite by Bodybuilding.com ｜ Thermo + BCAA [kfKjLAUsj5g],@bodybuildingcom/Elite by Bodybuilding.com ｜ Thermo + BCAA [kfKjLAUsj5g].txt,1
3871,@bodybuildingcom,Romanian Deadlift - Leg Exercise - Bodybuilding.com [e1pFg9Rz55k],@bodybuildingcom/Romanian Deadlift - Leg Exercise - Bodybuilding.com [e1pFg9Rz55k].txt,117
3872,@bodybuildingcom,"Fitness 360： Alex Savva, Fit Freak - Bodybuilding.com [GVQvVRvpOIE]","@bodybuildingcom/Fitness 360： Alex Savva, Fit Freak - Bodybuilding.com [GVQvVRvpOIE].txt",1107
3873,@bodybuildingcom,How To Make Progress in The Gym #gymtips [BtGbHP989KE],@bodybuildingcom/How To Make Progress in The Gym #gymtips [BtGbHP989KE].txt,267
3874,@bodybuildingcom,Dymatize Project Mass： Mesocycle 2 Update - Bodybuilding.com [wNfo8sBWV1M],@bodybuildingcom/Dymatize Project Mass： Mesocycle 2 Update - Bodybuilding.com [wNfo8sBWV1M].txt,155
3875,@bodybuildingcom,CT Fletcher's 10 Commandments Of Muscle Growth - Bodybuilding.com [q-6M4uzur8Q],@bodybuildingcom/CT Fletcher's 10 Commandments Of Muscle Growth - Bodybuilding.com [q-6M4uzur8Q].txt,1482
3876,@bodybuildingcom,Sculpt Monster Abs With Just 4 Moves ｜ Rodney Razor [vH-CGlxES8w],@bodybuildingcom/Sculpt Monster Abs With Just 4 Moves ｜ Rodney Razor [vH-CGlxES8w].txt,1089
3877,@bodybuildingcom,Revel by Bodybuilding.com ｜ Weight Loss and Wellness Supplement Line [p1VhzExKp3I],@bodybuildingcom/Revel by Bodybuilding.com ｜ Weight Loss and Wellness Supplement Line [p1VhzExKp3I].txt,0
3878,@bodybuildingcom,April Fools Bloopers - Bodybuilding.com [ZXxVJL1MdGA],@bodybuildingcom/April Fools Bloopers - Bodybuilding.com [ZXxVJL1MdGA].txt,322
3879,@bodybuildingcom,"$200,000 Transformation Challenge 2015 - Bodybuilding.com [H-07_eA9rBw]","@bodybuildingcom/$200,000 Transformation Challenge 2015 - Bodybuilding.com [H-07_eA9rBw].txt",45
3880,@bodybuildingcom,At Home Cardio and Core Workout： Day 9 ｜ Clutch Life： Ashley Conrad's 24⧸7 Fitness Trainer [j01LrFCsuFo],@bodybuildingcom/At Home Cardio and Core Workout： Day 9 ｜ Clutch Life： Ashley Conrad's 24⧸7 Fitness Trainer [j01LrFCsuFo].txt,8377
3881,@bodybuildingcom,Search For The Golden Shaker - Bodybuilding.com [FzCZP-YWd5g],@bodybuildingcom/Search For The Golden Shaker - Bodybuilding.com [FzCZP-YWd5g].txt,153
3882,@bodybuildingcom,#FREAKMODE Alex Savva's 12-Week Fitness Plan ｜ 1-Min Promo [jDnnWtlbVpc],@bodybuildingcom/#FREAKMODE Alex Savva's 12-Week Fitness Plan ｜ 1-Min Promo [jDnnWtlbVpc].txt,129
3883,@bodybuildingcom,High-Volume Leg Workout： 12-Week Hardcore Daily Video Trainer With Kris Gethin ｜ Day 1 ｜ [zUTMVQcu2yM],@bodybuildingcom/High-Volume Leg Workout： 12-Week Hardcore Daily Video Trainer With Kris Gethin ｜ Day 1 ｜ [zUTMVQcu2yM].txt,1420
3884,@bodybuildingcom,Freehand Jump Squat - Leg Exercise - Bodybuilding.com [dtJ6kOV5dUc],@bodybuildingcom/Freehand Jump Squat - Leg Exercise - Bodybuilding.com [dtJ6kOV5dUc].txt,91
3885,@bodybuildingcom,From Rebuilding Homes to Rebuilding Bodies ｜ EP 26 ｜ Yaya Vargas [ZJekznxTR_I],@bodybuildingcom/From Rebuilding Homes to Rebuilding Bodies ｜ EP 26 ｜ Yaya Vargas [ZJekznxTR_I].txt,2700
3886,@bodybuildingcom,Leg Press Guide #legday #legpress [vf4iM3XiFfA],@bodybuildingcom/Leg Press Guide #legday #legpress [vf4iM3XiFfA].txt,203
3887,@bodybuildingcom,"Chassidy Smothers' Training, Diet, and Nutrition Program - Bodybuilding.com [YfSzyUynrHw]","@bodybuildingcom/Chassidy Smothers' Training, Diet, and Nutrition Program - Bodybuilding.com [YfSzyUynrHw].txt",1448
3888,@bodybuildingcom,Jimmy Peña's Power Rack Training Episode 2： Partial Movements - Bodybuilding.com [nYuuiUmRkgc],@bodybuildingcom/Jimmy Peña's Power Rack Training Episode 2： Partial Movements - Bodybuilding.com [nYuuiUmRkgc].txt,667
3889,@bodybuildingcom,The MASSter of Growth ｜ CT Fletcher Motivation [6WA9oVJk54U],@bodybuildingcom/The MASSter of Growth ｜ CT Fletcher Motivation [6WA9oVJk54U].txt,1425
3890,@bodybuildingcom,Bodybuilding.com Guide to Glutamine [4ODToEk2CYQ],@bodybuildingcom/Bodybuilding.com Guide to Glutamine [4ODToEk2CYQ].txt,363
3891,@bodybuildingcom,Arnold Schwarzenegger's Blueprint Training Program ｜ Trailer [Zh411Gg8DRg],@bodybuildingcom/Arnold Schwarzenegger's Blueprint Training Program ｜ Trailer [Zh411Gg8DRg].txt,69
3892,@bodybuildingcom,Fittest at 40 ｜ The Bodybuilding.com Podcast ｜ Ep. 27 ｜ Kenneth Yu [5hq9e2ggig4],@bodybuildingcom/Fittest at 40 ｜ The Bodybuilding.com Podcast ｜ Ep. 27 ｜ Kenneth Yu [5hq9e2ggig4].txt,3758
3893,@bodybuildingcom,The 21-Day Bizzy Diet Trainer： Workout B - Bodybuilding.com (SD) [V9SCBcT9iOU],@bodybuildingcom/The 21-Day Bizzy Diet Trainer： Workout B - Bodybuilding.com (SD) [V9SCBcT9iOU].txt,780
3894,@bodybuildingcom,Ashley Horner's Sucking-Wind Stair Workout! ｜ Outdoor Workout [olZUnp04JwA],@bodybuildingcom/Ashley Horner's Sucking-Wind Stair Workout! ｜ Outdoor Workout [olZUnp04JwA].txt,634
3895,@bodybuildingcom,Dumbbell Step Ups - Leg Exercise - Bodybuilding.com [7AtIjR-QqVA],@bodybuildingcom/Dumbbell Step Ups - Leg Exercise - Bodybuilding.com [7AtIjR-QqVA].txt,111
3896,@bodybuildingcom,Push Press - Shoulder Exercise - Bodybuilding.com [ChTn_TLDA5o],@bodybuildingcom/Push Press - Shoulder Exercise - Bodybuilding.com [ChTn_TLDA5o].txt,65
3897,@bodybuildingcom,Hack Squat - Leg Exercise - Bodybuilding.com [plv5ur26Q7A],@bodybuildingcom/Hack Squat - Leg Exercise - Bodybuilding.com [plv5ur26Q7A].txt,156
3898,@bodybuildingcom,"Abs, Hybrid Training & Menopause Training ｜ The Bodybuilding.com Podcast ｜ Episode 11 ｜ Kira Stokes [uRifCH9bVhc]","@bodybuildingcom/Abs, Hybrid Training & Menopause Training ｜ The Bodybuilding.com Podcast ｜ Episode 11 ｜ Kira Stokes [uRifCH9bVhc].txt",19346
3899,@bodybuildingcom,Seated Bent Over Rear Delt Raise - Shoulder Exercise - Bodybuilding.com [DEeUsQ9rCso],@bodybuildingcom/Seated Bent Over Rear Delt Raise - Shoulder Exercise - Bodybuilding.com [DEeUsQ9rCso].txt,92
3900,@bodybuildingcom,Leg Press - Leg Exercise - Bodybuilding.com [3R0SOJ3alTA],@bodybuildingcom/Leg Press - Leg Exercise - Bodybuilding.com [3R0SOJ3alTA].txt,98
3901,@bodybuildingcom,Jennifer Nicole Lee -- Fitness for Women  - Bodybuilding.com [B0bhrzGIvUo],@bodybuildingcom/Jennifer Nicole Lee -- Fitness for Women  - Bodybuilding.com [B0bhrzGIvUo].txt,168
3902,@bodybuildingcom,30 Minute at Home Strength Workout ｜ Clutch Life： Ashley Conrad's 24⧸7 Fitness Trainer Day ｜ 3 [8MPb0O9xApA],@bodybuildingcom/30 Minute at Home Strength Workout ｜ Clutch Life： Ashley Conrad's 24⧸7 Fitness Trainer Day ｜ 3 [8MPb0O9xApA].txt,4974
3903,@bodybuildingcom,Italian Turkey Burgers ｜ Jamie Eason's LiveFit Recipe [tuJbW_okAoc],@bodybuildingcom/Italian Turkey Burgers ｜ Jamie Eason's LiveFit Recipe [tuJbW_okAoc].txt,995
3904,@bodybuildingcom,Variation 5 Front squat finalv3 [rlCSSiuQECU],@bodybuildingcom/Variation 5 Front squat finalv3 [rlCSSiuQECU].txt,97
3905,@bodybuildingcom,XXL Leg Workout for Mass ｜ Lawrence Ballenger [dV_3xQpUDbg],@bodybuildingcom/XXL Leg Workout for Mass ｜ Lawrence Ballenger [dV_3xQpUDbg].txt,2473
3906,@bodybuildingcom,Jamie Eason's Turkey Meatloaf Muffins - Bodybuilding.com [ug_Y454tBiQ],@bodybuildingcom/Jamie Eason's Turkey Meatloaf Muffins - Bodybuilding.com [ug_Y454tBiQ].txt,2079
3907,@bodybuildingcom,Pro MMA Radio Interview with Chael Sonnen at UFC FAN EXPO - Bodybuilding.com [FSqJESKeILw],@bodybuildingcom/Pro MMA Radio Interview with Chael Sonnen at UFC FAN EXPO - Bodybuilding.com [FSqJESKeILw].txt,1186
3908,@bodybuildingcom,Training with Scott Dorn - Bodybuilding.com [SDzteyFzZnY],@bodybuildingcom/Training with Scott Dorn - Bodybuilding.com [SDzteyFzZnY].txt,2257
3909,@bodybuildingcom,Barbell Bench Press Medium Grip - Chest Exercise - Bodybuilding.com [RsobeWfbBcY],@bodybuildingcom/Barbell Bench Press Medium Grip - Chest Exercise - Bodybuilding.com [RsobeWfbBcY].txt,136
3910,@bodybuildingcom,"MuscleTech Fit Squad Fitness Challenge： Week 1 Video - Marc Megna, Bodybuilding.com [vWfxVoMICnc]","@bodybuildingcom/MuscleTech Fit Squad Fitness Challenge： Week 1 Video - Marc Megna, Bodybuilding.com [vWfxVoMICnc].txt",53
3911,@bodybuildingcom,2014 Mr. Olympia Finals Post-Show Replay - Bodybuilding.com [rdrmhrYpWSg],@bodybuildingcom/2014 Mr. Olympia Finals Post-Show Replay - Bodybuilding.com [rdrmhrYpWSg].txt,10462
3912,@bodybuildingcom,Butt Lift Bridge - Legs ⧸ Glutes Exercise - Bodybuilding.com [MqQlfjQOmHA],@bodybuildingcom/Butt Lift Bridge - Legs ⧸ Glutes Exercise - Bodybuilding.com [MqQlfjQOmHA].txt,65
3913,@bodybuildingcom,5-Move Super-Shred Full Body Circuit Workout ｜ Sean Sarantos [AfwSbPt6TuQ],@bodybuildingcom/5-Move Super-Shred Full Body Circuit Workout ｜ Sean Sarantos [AfwSbPt6TuQ].txt,862
3914,@bodybuildingcom,Nicole Moneer Fitness Program - Bodybuilding.com [KRPcPkUZYUg],@bodybuildingcom/Nicole Moneer Fitness Program - Bodybuilding.com [KRPcPkUZYUg].txt,1622
3915,@bodybuildingcom,Ashley Conrad's 21-Day Clutch Cut Training Program - Meet Your Trainer - Bodybuilding.com [LnynxkfWZi0],@bodybuildingcom/Ashley Conrad's 21-Day Clutch Cut Training Program - Meet Your Trainer - Bodybuilding.com [LnynxkfWZi0].txt,2737
3916,@bodybuildingcom,Jamie Eason's Lemon Protein Bars - Bodybuilding.com [cu8Plo9hVdg],@bodybuildingcom/Jamie Eason's Lemon Protein Bars - Bodybuilding.com [cu8Plo9hVdg].txt,1099
3917,@bodybuildingcom,Bent Over Barbell Row - Back Exercise - Bodybuilding.com [9Xf3DqxxTBA],@bodybuildingcom/Bent Over Barbell Row - Back Exercise - Bodybuilding.com [9Xf3DqxxTBA].txt,129
3918,@bodybuildingcom,Jens Pulver's MMA ｜ 2010 Bodybuilding.com Commercial [FlrVHESe0oc],@bodybuildingcom/Jens Pulver's MMA ｜ 2010 Bodybuilding.com Commercial [FlrVHESe0oc].txt,70
3919,@bodybuildingcom,Meet the Newest Bodybuilding.com Coaches ｜ Workout with them in the new fitness app [daQIE-ZMZGk],@bodybuildingcom/Meet the Newest Bodybuilding.com Coaches ｜ Workout with them in the new fitness app [daQIE-ZMZGk].txt,117
3920,@bodybuildingcom,WORKOUT PREVIEW： Total Upper Body #1 with Coach Gabe Snow [pCp6MwxuEF8],@bodybuildingcom/WORKOUT PREVIEW： Total Upper Body #1 with Coach Gabe Snow [pCp6MwxuEF8].txt,1078
3921,@bodybuildingcom,Ph3： Layne Norton's Power And Hypertrophy Trainer ｜ Promo [qkUTDTL1o_Q],@bodybuildingcom/Ph3： Layne Norton's Power And Hypertrophy Trainer ｜ Promo [qkUTDTL1o_Q].txt,49
3922,@bodybuildingcom,Program Overview ｜ Cory Gregory's Squat Every Day Training Program [LoxV1FR0IKg],@bodybuildingcom/Program Overview ｜ Cory Gregory's Squat Every Day Training Program [LoxV1FR0IKg].txt,1648
3923,@bodybuildingcom,Craig Capurso's Fitness 360 - Bodybuilding.com [sEWBVbnV6Wg],@bodybuildingcom/Craig Capurso's Fitness 360 - Bodybuilding.com [sEWBVbnV6Wg].txt,2713
3924,@bodybuildingcom,"Wide-Back, Boulder-Shoulder Workout ｜ Chad Hollmer [kdvZ7q7M_UM]","@bodybuildingcom/Wide-Back, Boulder-Shoulder Workout ｜ Chad Hollmer [kdvZ7q7M_UM].txt",1252
3925,@bodybuildingcom,The History of the Squat ｜ Squat Every Day [m0KzGXyCzbs],@bodybuildingcom/The History of the Squat ｜ Squat Every Day [m0KzGXyCzbs].txt,1412
3926,@bodybuildingcom,Decline Reverse Crunch - Ab Exercise - Bodybuilding.com [YcMj0EEadQo],@bodybuildingcom/Decline Reverse Crunch - Ab Exercise - Bodybuilding.com [YcMj0EEadQo].txt,90
3927,@bodybuildingcom,Nutrition Overview ｜ Jim Stoppani's Shortcut to Shred Training Program [Uw5sZTlP9Xg],@bodybuildingcom/Nutrition Overview ｜ Jim Stoppani's Shortcut to Shred Training Program [Uw5sZTlP9Xg].txt,2700
3928,@bodybuildingcom,Dymatize Project Mass Promo： Jake Wilson's 14-Week Muscle-Building Trainer - Bodybuilding.com [NIBHT_DBopY],@bodybuildingcom/Dymatize Project Mass Promo： Jake Wilson's 14-Week Muscle-Building Trainer - Bodybuilding.com [NIBHT_DBopY].txt,98
3929,@bodybuildingcom,Elite by Bodybuilding.com ｜ Ultimate Pre Stim-Free ｜ The Pre Workout Pump Without Caffeine [MYEj523OmSA],@bodybuildingcom/Elite by Bodybuilding.com ｜ Ultimate Pre Stim-Free ｜ The Pre Workout Pump Without Caffeine [MYEj523OmSA].txt,2
3930,@bodybuildingcom,Steve Cook's 6-Exercise Chest-Building Workout [Sdr77zBugKc],@bodybuildingcom/Steve Cook's 6-Exercise Chest-Building Workout [Sdr77zBugKc].txt,2660
3931,@bodybuildingcom,At Home Core Workout ｜ Clutch Life： Ashley Conrad's 24⧸7 Fitness Trainer [dJlFmxiL11s],@bodybuildingcom/At Home Core Workout ｜ Clutch Life： Ashley Conrad's 24⧸7 Fitness Trainer [dJlFmxiL11s].txt,1537
3932,@bodybuildingcom,Ab Crunch Machine - Core ⧸ Abs - Bodybuilding.com [JSBuaT1tHfM],@bodybuildingcom/Ab Crunch Machine - Core ⧸ Abs - Bodybuilding.com [JSBuaT1tHfM].txt,94
3933,@bodybuildingcom,2015 True Strength Student Challenge - Let's Do This @Bodybuilding.com [EdzaJV7AnT0],@bodybuildingcom/2015 True Strength Student Challenge - Let's Do This @Bodybuilding.com [EdzaJV7AnT0].txt,220
3934,@bodybuildingcom,Training with Kelechi Opara - Bodybuilding.com [1_flhSCqfzs],@bodybuildingcom/Training with Kelechi Opara - Bodybuilding.com [1_flhSCqfzs].txt,1891
3935,@bodybuildingcom,Ross Bowman ｜ Hellraiser Training Testimonial [qPeZAJjkFMg],@bodybuildingcom/Ross Bowman ｜ Hellraiser Training Testimonial [qPeZAJjkFMg].txt,878
3936,@bodybuildingcom,Strawberry Lemonade Amino Ice Pops ｜ Lais DeLeon [EQbYr-dbuIk],@bodybuildingcom/Strawberry Lemonade Amino Ice Pops ｜ Lais DeLeon [EQbYr-dbuIk].txt,198
3937,@bodybuildingcom,Becoming The Beast ｜ Nick Scott Fitness 360 [QOYvtCTMXMQ],@bodybuildingcom/Becoming The Beast ｜ Nick Scott Fitness 360 [QOYvtCTMXMQ].txt,2113
3938,@bodybuildingcom,Kizzito Ejam - 'Lift Life' Bodybuilding.com Ad Campaign Interview [Q059a_K3InI],@bodybuildingcom/Kizzito Ejam - 'Lift Life' Bodybuilding.com Ad Campaign Interview [Q059a_K3InI].txt,182
3939,@bodybuildingcom,Movement for Pregnancy & Postpartum ｜ The Bodybuilding.com Podcast ｜ Ep. 16 ｜ Kristen Lettenberger [7J3CXV0rFzw],@bodybuildingcom/Movement for Pregnancy & Postpartum ｜ The Bodybuilding.com Podcast ｜ Ep. 16 ｜ Kristen Lettenberger [7J3CXV0rFzw].txt,4980
3940,@bodybuildingcom,Layne Norton - Competition Tips - Peak Week (SD) [DkFFcXTSYyg],@bodybuildingcom/Layne Norton - Competition Tips - Peak Week (SD) [DkFFcXTSYyg].txt,173
3941,@bodybuildingcom,20 Minute at Home Flexibility Workout： Day 14 ｜ Clutch Life： Ashley Conrad's 24⧸7 Fitness Trainer [e0B7sfEEtbk],@bodybuildingcom/20 Minute at Home Flexibility Workout： Day 14 ｜ Clutch Life： Ashley Conrad's 24⧸7 Fitness Trainer [e0B7sfEEtbk].txt,2976
3942,@bodybuildingcom,Lifting For Two： Nicole Moneer's Full-Body Pregnancy Workout - Bodybuilding.com [ALJMI4pQUbE],@bodybuildingcom/Lifting For Two： Nicole Moneer's Full-Body Pregnancy Workout - Bodybuilding.com [ALJMI4pQUbE].txt,2024
3943,@bodybuildingcom,At Home Cardio and Core Workout： Day 12 ｜ Clutch Life： Ashley Conrad's 24⧸7 Fitness Trainer [Og12jfLMrJw],@bodybuildingcom/At Home Cardio and Core Workout： Day 12 ｜ Clutch Life： Ashley Conrad's 24⧸7 Fitness Trainer [Og12jfLMrJw].txt,8383
3944,@bodybuildingcom,Cory Gregory's Squat Every Day Trainer ｜ Trailer [-9K0DD_k0yc],@bodybuildingcom/Cory Gregory's Squat Every Day Trainer ｜ Trailer [-9K0DD_k0yc].txt,312
3945,@bodybuildingcom,At Home Cardio and Core Workout： Day 16 ｜ Clutch Life： Ashley Conrad's 24⧸7 Fitness Trainer [bUV39cihylc],@bodybuildingcom/At Home Cardio and Core Workout： Day 16 ｜ Clutch Life： Ashley Conrad's 24⧸7 Fitness Trainer [bUV39cihylc].txt,10059
3946,@bodybuildingcom,2010 Military Challenge ｜ Bodybuilding.com Commercial [FbOxs6mu9N4],@bodybuildingcom/2010 Military Challenge ｜ Bodybuilding.com Commercial [FbOxs6mu9N4].txt,36
3947,@bodybuildingcom,Train Abs with Ashley Conrad - Bodybuilding.com [2g49neLSmVw],@bodybuildingcom/Train Abs with Ashley Conrad - Bodybuilding.com [2g49neLSmVw].txt,1821
3948,@bodybuildingcom,Karina Baymiller's Plyo Legs Workout - Bodybuilding.com [JQiGmNpB_-A],@bodybuildingcom/Karina Baymiller's Plyo Legs Workout - Bodybuilding.com [JQiGmNpB_-A].txt,592
3949,@bodybuildingcom,What is Bodybuilding.com？ ｜ 2010 Bodybuilding.com Commercial [sr4bBsolDa8],@bodybuildingcom/What is Bodybuilding.com？ ｜ 2010 Bodybuilding.com Commercial [sr4bBsolDa8].txt,81
3950,@bodybuildingcom,Terry Crews' Cobra Back Workout (HD) - Bodybuilding.com [7Y5Wdq_N7qM],@bodybuildingcom/Terry Crews' Cobra Back Workout (HD) - Bodybuilding.com [7Y5Wdq_N7qM].txt,1357
3951,@bodybuildingcom,Day 1 ｜ Legs and Abs Workout ｜ Kris Gethin's 12-Week Muscle-Building Trainer [QMfOJMmvS4Y],@bodybuildingcom/Day 1 ｜ Legs and Abs Workout ｜ Kris Gethin's 12-Week Muscle-Building Trainer [QMfOJMmvS4Y].txt,2566
3952,@bodybuildingcom,Mike O'Hearn's Back Workout ｜ Power Bodybuilding Training Program [t7Y-zXkPQVQ],@bodybuildingcom/Mike O'Hearn's Back Workout ｜ Power Bodybuilding Training Program [t7Y-zXkPQVQ].txt,1072
3953,@bodybuildingcom,Building Your Aerobic Base ｜ The Bodybuilding.com Podcast ｜ Ep. 21 ｜ Lance Parker [NQYniqXdaHU],@bodybuildingcom/Building Your Aerobic Base ｜ The Bodybuilding.com Podcast ｜ Ep. 21 ｜ Lance Parker [NQYniqXdaHU].txt,14806
3954,@bodybuildingcom,WORKOUT PREVIEW： Upper Body #1 with Coach Yaya Vargas [c-UIIvSUppA],@bodybuildingcom/WORKOUT PREVIEW： Upper Body #1 with Coach Yaya Vargas [c-UIIvSUppA].txt,586
3955,@bodybuildingcom,Sexy Shoulders： Ali Rosen's Shoulder Workout - Bodybuilding.com [hL6x_6Vy5oU],@bodybuildingcom/Sexy Shoulders： Ali Rosen's Shoulder Workout - Bodybuilding.com [hL6x_6Vy5oU].txt,814
3956,@bodybuildingcom,Take action today with a LetsGetChecked at-home Testosterone test. Save 25% with code BODYBUILDING25 [9NR7iqS3t8o],@bodybuildingcom/Take action today with a LetsGetChecked at-home Testosterone test. Save 25% with code BODYBUILDING25 [9NR7iqS3t8o].txt,338
3957,@bodybuildingcom,Bill Phillips BACK TO FIT 12-Week Trainer： Back To Bill History Promo - Bodybuilding.com [R9G0zdsWjKI],@bodybuildingcom/Bill Phillips BACK TO FIT 12-Week Trainer： Back To Bill History Promo - Bodybuilding.com [R9G0zdsWjKI].txt,3032
3958,@bodybuildingcom,Kris Gethin 12 Week Trainer - Bodybuilding.com [OXeUgib6t5g],@bodybuildingcom/Kris Gethin 12 Week Trainer - Bodybuilding.com [OXeUgib6t5g].txt,220
3959,@bodybuildingcom,Golden Ticket Giveaway - Bodybuilding.com [368YhcNMl-U],@bodybuildingcom/Golden Ticket Giveaway - Bodybuilding.com [368YhcNMl-U].txt,26
3960,@bodybuildingcom,Get your heart rate working with your goals 💪 [-RIRhk6ViFM],@bodybuildingcom/Get your heart rate working with your goals 💪 [-RIRhk6ViFM].txt,278
3961,@bodybuildingcom,Bodybuilding.com Military Appreciation Award [LqzrIz2_k4k],@bodybuildingcom/Bodybuilding.com Military Appreciation Award [LqzrIz2_k4k].txt,535
3962,@bodybuildingcom,26.2： The Road to Berlin ｜ EPISODE 1 [miRt92JoBpY],@bodybuildingcom/26.2： The Road to Berlin ｜ EPISODE 1 [miRt92JoBpY].txt,1092
3963,@bodybuildingcom,Myron Mielkes 2010 Mr. Olympia Preview - Bodybuilding.com [7IY4QJwlOc4],@bodybuildingcom/Myron Mielkes 2010 Mr. Olympia Preview - Bodybuilding.com [7IY4QJwlOc4].txt,1958
3964,@bodybuildingcom,Hang Clean - Shoulders ⧸ Legs ⧸ Back Exercise - Bodybuilding.com [sPrFKddxxZo],@bodybuildingcom/Hang Clean - Shoulders ⧸ Legs ⧸ Back Exercise - Bodybuilding.com [sPrFKddxxZo].txt,171
3965,@bodybuildingcom,Ben Affleck's Nutrition Plan for ＂The Town＂ by Rehan Jalali - Bodybuilding.com [Q79djTDwP2E],@bodybuildingcom/Ben Affleck's Nutrition Plan for ＂The Town＂ by Rehan Jalali - Bodybuilding.com [Q79djTDwP2E].txt,1142
3966,@bodybuildingcom,Crush Your Fitness Goals： Unleashing the Power of Diet Consistency and Preparation! [vywU7SUL8d8],@bodybuildingcom/Crush Your Fitness Goals： Unleashing the Power of Diet Consistency and Preparation! [vywU7SUL8d8].txt,212
3967,@bodybuildingcom,Barbell Shoulder Press - Shoulder Exercise - Bodybuilding.com [lPFwcHl0a2c],@bodybuildingcom/Barbell Shoulder Press - Shoulder Exercise - Bodybuilding.com [lPFwcHl0a2c].txt,81
3968,@bodybuildingcom,Living Large： Jay Cutler's 8-Week Mass-Building Training Program ｜ Trailer [DY_R-YNPuJQ],@bodybuildingcom/Living Large： Jay Cutler's 8-Week Mass-Building Training Program ｜ Trailer [DY_R-YNPuJQ].txt,151
3969,@bodybuildingcom,Reverse Flyes - Shoulder Exercise - Bodybuilding.com [WCvRMULhUVU],@bodybuildingcom/Reverse Flyes - Shoulder Exercise - Bodybuilding.com [WCvRMULhUVU].txt,138
3970,@bodybuildingcom,Kai Greene Dynamik Muscle Supplements Available At Bodybuilding.com [m0Ifqfx0KHc],@bodybuildingcom/Kai Greene Dynamik Muscle Supplements Available At Bodybuilding.com [m0Ifqfx0KHc].txt,36
3971,@bodybuildingcom,Russian Twist - Ab Exercises - Bodybuilding.com [Nl-txzo-7WQ],@bodybuildingcom/Russian Twist - Ab Exercises - Bodybuilding.com [Nl-txzo-7WQ].txt,100
3972,@bodybuildingcom,Bodybuilding.com Guide to Amino Acids [OHYzZxKcys8],@bodybuildingcom/Bodybuilding.com Guide to Amino Acids [OHYzZxKcys8].txt,426
3973,@bodybuildingcom,Body by Design Book Trailer - Full Version - Bodybuilding.com [5DTcP1BbnIU],@bodybuildingcom/Body by Design Book Trailer - Full Version - Bodybuilding.com [5DTcP1BbnIU].txt,1113
3974,@bodybuildingcom,2011 Arnold Sports Festival： Pro's Vs. Bro's Charity Lift [5KhOOj-wwx8],@bodybuildingcom/2011 Arnold Sports Festival： Pro's Vs. Bro's Charity Lift [5KhOOj-wwx8].txt,491
3975,@bodybuildingcom,Muscle Building Supplements - Bodybuilding.com [sdqEiOW8a5Q],@bodybuildingcom/Muscle Building Supplements - Bodybuilding.com [sdqEiOW8a5Q].txt,517
3976,@bodybuildingcom,Straight Arm Pulldown Technique #backday #workout [QUIB08yf_dM],@bodybuildingcom/Straight Arm Pulldown Technique #backday #workout [QUIB08yf_dM].txt,191
3977,@bodybuildingcom,40 Yard Dash： Sprint Like a Pro ｜ NFL Combine Trainer [00lM8-a2o3Y],@bodybuildingcom/40 Yard Dash： Sprint Like a Pro ｜ NFL Combine Trainer [00lM8-a2o3Y].txt,3273
3978,@bodybuildingcom,3 Months in 3 Minutes - Show Us Your Beast Body - Motivational Video Finalist [G3wqO_re2Ts],@bodybuildingcom/3 Months in 3 Minutes - Show Us Your Beast Body - Motivational Video Finalist [G3wqO_re2Ts].txt,0
3979,@bodybuildingcom,Reverse Crunch - Abs ⧸ Core Exercise - Bodybuilding.com [lmSP-c1X_iY],@bodybuildingcom/Reverse Crunch - Abs ⧸ Core Exercise - Bodybuilding.com [lmSP-c1X_iY].txt,75
3980,@bodybuildingcom,Learn how to manipulate your body weight [yuAfVg7Z9Mo],@bodybuildingcom/Learn how to manipulate your body weight [yuAfVg7Z9Mo].txt,307
3981,@bodybuildingcom,3 Things To Consider Before Cardio #cardio #gymtips [iiNAQjWG3hY],@bodybuildingcom/3 Things To Consider Before Cardio #cardio #gymtips [iiNAQjWG3hY].txt,271
3982,@bodybuildingcom,Three-move Calf Workout ｜ IFBB Pro Jake Alvarez [fRUikJ__bbg],@bodybuildingcom/Three-move Calf Workout ｜ IFBB Pro Jake Alvarez [fRUikJ__bbg].txt,640
3983,@bodybuildingcom,CT Fletcher's Commandment #8 Of Muscle Growth - Bodybuilding.com [ujTPd8itonQ],@bodybuildingcom/CT Fletcher's Commandment #8 Of Muscle Growth - Bodybuilding.com [ujTPd8itonQ].txt,210
3984,@bodybuildingcom,Erin Stern's Training & Fitness Program [b-SFEeuS2ic],@bodybuildingcom/Erin Stern's Training & Fitness Program [b-SFEeuS2ic].txt,1803
3985,@bodybuildingcom,Standing Dumbbell Calf Raises - Calf Exercise - Bodybuilding.com [wxwY7GXxL4k],@bodybuildingcom/Standing Dumbbell Calf Raises - Calf Exercise - Bodybuilding.com [wxwY7GXxL4k].txt,97
3986,@bodybuildingcom,Highlight Reel Olympia 2011 - Bodybuilding.com [7Ho5VwL2m8I],@bodybuildingcom/Highlight Reel Olympia 2011 - Bodybuilding.com [7Ho5VwL2m8I].txt,490
3987,@bodybuildingcom,2012 Mr. Olympia Highlight Reel - Bodybuilding.com [_wVMS_OYDRs],@bodybuildingcom/2012 Mr. Olympia Highlight Reel - Bodybuilding.com [_wVMS_OYDRs].txt,110
3988,@bodybuildingcom,"Olympian Shoulder Workout ｜ Nicole Wilkins, 4x Figure Olympia [9RsBXZYtBu8]","@bodybuildingcom/Olympian Shoulder Workout ｜ Nicole Wilkins, 4x Figure Olympia [9RsBXZYtBu8].txt",1731
3989,@bodybuildingcom,At Home Cardio and Core Workout： Day 23 ｜ Clutch Life： Ashley Conrad's 24⧸7 Fitness Trainer [d_VX1gtm078],@bodybuildingcom/At Home Cardio and Core Workout： Day 23 ｜ Clutch Life： Ashley Conrad's 24⧸7 Fitness Trainer [d_VX1gtm078].txt,10059
3990,@bodybuildingcom,Bodybuilding.com Fantasy Stack Challenge - Bodybuilding.com [4yT_tqi-EeU],@bodybuildingcom/Bodybuilding.com Fantasy Stack Challenge - Bodybuilding.com [4yT_tqi-EeU].txt,376
3991,@bodybuildingcom,Jim Stoppani's 6-Week Shortcut To Shred Training Program [GuWEHKGRr6g],@bodybuildingcom/Jim Stoppani's 6-Week Shortcut To Shred Training Program [GuWEHKGRr6g].txt,125
3992,@bodybuildingcom,Pushups  - Chest Exercise - Bodybuilding.com [XIHO5t_VBPQ],@bodybuildingcom/Pushups  - Chest Exercise - Bodybuilding.com [XIHO5t_VBPQ].txt,77
3993,@bodybuildingcom,Suspended Fallout - Shoulder ⧸ Core Exercise - Bodybuilding.com [0FAMdxWgFnA],@bodybuildingcom/Suspended Fallout - Shoulder ⧸ Core Exercise - Bodybuilding.com [0FAMdxWgFnA].txt,100
3994,@bodybuildingcom,Standing Calf Raises - Calves Exercise - Bodybuilding.com [MAMzF7iZNkc],@bodybuildingcom/Standing Calf Raises - Calves Exercise - Bodybuilding.com [MAMzF7iZNkc].txt,139
3995,@bodybuildingcom,Hitting New PRs + Realistic Marathon Training Week ｜ 26.2 THE ROAD TO BERLIN EP 4 [vdU4EYhz_Dg],@bodybuildingcom/Hitting New PRs + Realistic Marathon Training Week ｜ 26.2 THE ROAD TO BERLIN EP 4 [vdU4EYhz_Dg].txt,1611
3996,@bodybuildingcom,"Day In the Life of Jay Cutler, 4x Mr. Olympia Bodybuilder ｜ Living Large [hSo7yopmdcA]","@bodybuildingcom/Day In the Life of Jay Cutler, 4x Mr. Olympia Bodybuilder ｜ Living Large [hSo7yopmdcA].txt",2666
3997,@bodybuildingcom,Terminator Genisys Trailer： Arnold Schwarzenegger Interview - Bodybuilding.com [5pONVCl4Cxg],@bodybuildingcom/Terminator Genisys Trailer： Arnold Schwarzenegger Interview - Bodybuilding.com [5pONVCl4Cxg].txt,644
3998,@bodybuildingcom,"Remix Nutrition, by Bodybuilding.com ｜ Gaming Supplement Line for Focus, Energy and Sleep [S01AmL7CZAs]","@bodybuildingcom/Remix Nutrition, by Bodybuilding.com ｜ Gaming Supplement Line for Focus, Energy and Sleep [S01AmL7CZAs].txt",3
3999,@bodybuildingcom,How I Became Jamie Eason's Cart Boy -- Bodybuilding.com [Qut4OHhS_Qc],@bodybuildingcom/How I Became Jamie Eason's Cart Boy -- Bodybuilding.com [Qut4OHhS_Qc].txt,2543
4000,@bodybuildingcom,How Jay Cutler Trains Chest And Calves ｜ Bodybuilding Workout [zf5GJrwYGc8],@bodybuildingcom/How Jay Cutler Trains Chest And Calves ｜ Bodybuilding Workout [zf5GJrwYGc8].txt,4342
4001,@bodybuildingcom,Jackknife Sit Up - Core ⧸ Abs - Bodybuilding.com [GEZ8NLbtc8Q],@bodybuildingcom/Jackknife Sit Up - Core ⧸ Abs - Bodybuilding.com [GEZ8NLbtc8Q].txt,90
4002,@bodybuildingcom,Cellucor C4 Pre-Workout ｜ Science-Based Overview [_lAP0mp24gE],@bodybuildingcom/Cellucor C4 Pre-Workout ｜ Science-Based Overview [_lAP0mp24gE].txt,323
4003,@bodybuildingcom,PRO MMA RADIO with Urijah Faber - UFC FAN EXPO - Bodybuilding.com [GINOeDgYI0E],@bodybuildingcom/PRO MMA RADIO with Urijah Faber - UFC FAN EXPO - Bodybuilding.com [GINOeDgYI0E].txt,512
4004,@bodybuildingcom,CT Fletcher's Commandment #1 Of Muscle Growth - Bodybuilding.com [QtS_io6Q-Dk],@bodybuildingcom/CT Fletcher's Commandment #1 Of Muscle Growth - Bodybuilding.com [QtS_io6Q-Dk].txt,115
4005,@bodybuildingcom,Not Hungry After Workout #nutrition #hunger [vSGqMmN5CbA],@bodybuildingcom/Not Hungry After Workout #nutrition #hunger [vSGqMmN5CbA].txt,290
4006,@bodybuildingcom,"Fitness 360： Abel Albonetti, Model Behavior - Bodybuilding.com [hkMx7qd_S_E]","@bodybuildingcom/Fitness 360： Abel Albonetti, Model Behavior - Bodybuilding.com [hkMx7qd_S_E].txt",912
4007,@bodybuildingcom,"How to Eat for Mass ｜ Jay Cutler, 4x Mr. Olympia Bodybuilder [QVBign_5JxM]","@bodybuildingcom/How to Eat for Mass ｜ Jay Cutler, 4x Mr. Olympia Bodybuilder [QVBign_5JxM].txt",2129
4008,@bodybuildingcom,IFBB Pro Jessie Hilgenberg's Fitness Journey： Body By Jessie [gaSqjVRTY3A],@bodybuildingcom/IFBB Pro Jessie Hilgenberg's Fitness Journey： Body By Jessie [gaSqjVRTY3A].txt,2167
4009,@bodybuildingcom,"2013 Bodybuilding.com $100,000 Transformation Challenge [-p7WQABen1M]","@bodybuildingcom/2013 Bodybuilding.com $100,000 Transformation Challenge [-p7WQABen1M].txt",10
4010,@bodybuildingcom,Getting Ripped and Cover Ready - Part 3 - Bodybuilding.com [zefsYbIDLao],@bodybuildingcom/Getting Ripped and Cover Ready - Part 3 - Bodybuilding.com [zefsYbIDLao].txt,398
4011,@bodybuildingcom,"Fitness 360： Daniel Banks, Swole Patrol - Bodybuilding.com [205TY1nMr1Y]","@bodybuildingcom/Fitness 360： Daniel Banks, Swole Patrol - Bodybuilding.com [205TY1nMr1Y].txt",1575
4012,@bodybuildingcom,Ultimate Surprise - Bodybuilding.com's 2015 $200k Transformation Challenge Winners Full Video [DDZmLlma_Yw],@bodybuildingcom/Ultimate Surprise - Bodybuilding.com's 2015 $200k Transformation Challenge Winners Full Video [DDZmLlma_Yw].txt,2393
4013,@bodybuildingcom,Taco Potato Bowls IG：@jalalsamfit#mealprep #highprotein [wwvZ5DCn0f4],@bodybuildingcom/Taco Potato Bowls IG：@jalalsamfit#mealprep #highprotein [wwvZ5DCn0f4].txt,192
4014,@bodybuildingcom,Kendall's Kitchen： Mustard-Crusted Pork Tenderloin Recipe - Bodybuilding.com [ZHy6KzBhgDw],@bodybuildingcom/Kendall's Kitchen： Mustard-Crusted Pork Tenderloin Recipe - Bodybuilding.com [ZHy6KzBhgDw].txt,337
4015,@bodybuildingcom,Jamie Eason's Fish in Foil Recipe -- Bodybuilding.com [ZaROKDMw5_8],@bodybuildingcom/Jamie Eason's Fish in Foil Recipe -- Bodybuilding.com [ZaROKDMw5_8].txt,1247
4016,@bodybuildingcom,Bikini Shoulder Workout ｜ Amanda Latona [8RfaxqVNchI],@bodybuildingcom/Bikini Shoulder Workout ｜ Amanda Latona [8RfaxqVNchI].txt,1622
4017,@bodybuildingcom,Calum von Moger's 20-Minute Chest Blast [7gajG6Dk7Pg],@bodybuildingcom/Calum von Moger's 20-Minute Chest Blast [7gajG6Dk7Pg].txt,561
4018,@bodybuildingcom,Bench Press - Chest Exercise - Bodybuilding.com [Qjxrp9Hwv_Q],@bodybuildingcom/Bench Press - Chest Exercise - Bodybuilding.com [Qjxrp9Hwv_Q].txt,136
4019,@bodybuildingcom,"Built by Science ｜ Anatomy, Biomechanics & 6-Week Training Program [ukDf53OlKwE]","@bodybuildingcom/Built by Science ｜ Anatomy, Biomechanics & 6-Week Training Program [ukDf53OlKwE].txt",118
4020,@bodybuildingcom,Delt Demolition Workout ｜ Calum Von Moger [IfVHQKgNsuc],@bodybuildingcom/Delt Demolition Workout ｜ Calum Von Moger [IfVHQKgNsuc].txt,1293
4021,@bodybuildingcom,Ashley Conrad's 21-Day Clutch Cut Training Program - Training Overview - Bodybuilding.com [G69YMbrgVKA],@bodybuildingcom/Ashley Conrad's 21-Day Clutch Cut Training Program - Training Overview - Bodybuilding.com [G69YMbrgVKA].txt,1911
4022,@bodybuildingcom,Training at Westside Barbell After 10 Years ｜ The Westside Method EP 1 [dOy9Cu-SZBs],@bodybuildingcom/Training at Westside Barbell After 10 Years ｜ The Westside Method EP 1 [dOy9Cu-SZBs].txt,1091
4023,@bodybuildingcom,Parker Cote - 'Lift Life' Bodybuilding.com Ad Campaign Interview [em0OL6Gg0Dk],@bodybuildingcom/Parker Cote - 'Lift Life' Bodybuilding.com Ad Campaign Interview [em0OL6Gg0Dk].txt,433
4024,@bodybuildingcom,Ashley Conrad's 21-Day Clutch Cut Training Program - Supplementation Overview - Bodybuilding.com [5IbMzHUlRDo],@bodybuildingcom/Ashley Conrad's 21-Day Clutch Cut Training Program - Supplementation Overview - Bodybuilding.com [5IbMzHUlRDo].txt,1105
4025,@bodybuildingcom,At Home Cardio & Core Workout： Day 5 ｜ Clutch Life： Ashley Conrad's 24⧸7 Fitness Trainer [oCB6Cu8PEdI],@bodybuildingcom/At Home Cardio & Core Workout： Day 5 ｜ Clutch Life： Ashley Conrad's 24⧸7 Fitness Trainer [oCB6Cu8PEdI].txt,8380
4026,@bodybuildingcom,NFL Combine Trainer： Broad Jump - Bodybuilding.com [l0tGYysNYXI],@bodybuildingcom/NFL Combine Trainer： Broad Jump - Bodybuilding.com [l0tGYysNYXI].txt,2088
4027,@bodybuildingcom,Dead Bug - Abdominal ⧸ Core Exercise Guide [4XLEnwUr1d8],@bodybuildingcom/Dead Bug - Abdominal ⧸ Core Exercise Guide [4XLEnwUr1d8].txt,126
4028,@bodybuildingcom,Ronnie Coleman Upset by Jay Cutler ｜ The Undiscovered Footage [qVXfu9Vx7ug],@bodybuildingcom/Ronnie Coleman Upset by Jay Cutler ｜ The Undiscovered Footage [qVXfu9Vx7ug].txt,486
4029,@bodybuildingcom,How to Get Better Sleep ｜ The Bodybuilding.com Podcast ｜ Ep. 12 ｜ Todd Anderson ｜ [JDTBEoAkae4],@bodybuildingcom/How to Get Better Sleep ｜ The Bodybuilding.com Podcast ｜ Ep. 12 ｜ Todd Anderson ｜ [JDTBEoAkae4].txt,14999
4030,@bodybuildingcom,"Boás Oliveira Fitness 360, Brazilian Brawn! - Bodybuilding.com [pyfuMtauFaE]","@bodybuildingcom/Boás Oliveira Fitness 360, Brazilian Brawn! - Bodybuilding.com [pyfuMtauFaE].txt",541
4031,@bodybuildingcom,2013 Olympia Expo Experience - Bodybuilding.com [jqPdIDjFFCc],@bodybuildingcom/2013 Olympia Expo Experience - Bodybuilding.com [jqPdIDjFFCc].txt,84
4032,@bodybuildingcom,Bodybuilding.com- 5 Tips to Make Cardio More Fun! [Ucbfl72U-pQ],@bodybuildingcom/Bodybuilding.com- 5 Tips to Make Cardio More Fun! [Ucbfl72U-pQ].txt,536
4033,@bodybuildingcom,Jason Wheat's Big And Strong MVP Chest Workout - Bodybuilding.com [11ExAi6M2ho],@bodybuildingcom/Jason Wheat's Big And Strong MVP Chest Workout - Bodybuilding.com [11ExAi6M2ho].txt,848
4034,@bodybuildingcom,Gymtimidation & Building Community ｜ The Bodybuilding.com Podcast [pbst9pnjUQE],@bodybuildingcom/Gymtimidation & Building Community ｜ The Bodybuilding.com Podcast [pbst9pnjUQE].txt,12255
4035,@bodybuildingcom,Why You Need Creatine! - Bodybuilding.com [0UDSAhRym_M],@bodybuildingcom/Why You Need Creatine! - Bodybuilding.com [0UDSAhRym_M].txt,191
4036,@bodybuildingcom,$200K Transformation Challenge 2015 Promo (30 Sec) [9nlaYtEw9vg],@bodybuildingcom/$200K Transformation Challenge 2015 Promo (30 Sec) [9nlaYtEw9vg].txt,46
4037,@bodybuildingcom,Military Mindset in The Gym ｜ Ep. 25 ｜ Harry Vargas [1QeX1ca1MFo],@bodybuildingcom/Military Mindset in The Gym ｜ Ep. 25 ｜ Harry Vargas [1QeX1ca1MFo].txt,3031
4038,@bodybuildingcom,Halid Shokunbi Fitness 360： Taking Charge - Bodybuilding.com [uGHwKj7xfUA],@bodybuildingcom/Halid Shokunbi Fitness 360： Taking Charge - Bodybuilding.com [uGHwKj7xfUA].txt,2567
4039,@bodybuildingcom,Bodybuilding.com CEO Takes The ALS Ice Bucket Challenge - Bodybuilding.com [Bz8VrpKlLZI],@bodybuildingcom/Bodybuilding.com CEO Takes The ALS Ice Bucket Challenge - Bodybuilding.com [Bz8VrpKlLZI].txt,158
4040,@bodybuildingcom,20 Minute at Home Flexibility Workout ｜ Clutch Life： Ashley Conrad's 24⧸7 Fitness Trainer - Day 4 [03JKamVnbfs],@bodybuildingcom/20 Minute at Home Flexibility Workout ｜ Clutch Life： Ashley Conrad's 24⧸7 Fitness Trainer - Day 4 [03JKamVnbfs].txt,3236
4041,@bodybuildingcom,Fighting Shape - Ryan Bader MMA Workout - Bodybuilding.com [QMAnTmCatVM],@bodybuildingcom/Fighting Shape - Ryan Bader MMA Workout - Bodybuilding.com [QMAnTmCatVM].txt,1265
4042,@bodybuildingcom,Kettlebell One-Legged Deadlift - Leg Exercise - Bodybuilding.com [JOoc07_Xkls],@bodybuildingcom/Kettlebell One-Legged Deadlift - Leg Exercise - Bodybuilding.com [JOoc07_Xkls].txt,63
4043,@bodybuildingcom,The Top Health Benefits of Sauna Therapy ｜ Ep. 20 ｜ Peter Nelson ｜ The Bodybuilding.com Podcast [R5nZx7-vvfY],@bodybuildingcom/The Top Health Benefits of Sauna Therapy ｜ Ep. 20 ｜ Peter Nelson ｜ The Bodybuilding.com Podcast [R5nZx7-vvfY].txt,10431
4044,@bodybuildingcom,"Meet the Bodybuilding.com Master Coaches ｜ GABE SNOW, CPT [tB2X07ExVrM]","@bodybuildingcom/Meet the Bodybuilding.com Master Coaches ｜ GABE SNOW, CPT [tB2X07ExVrM].txt",128
4045,@bodybuildingcom,Triceps Pushdown - Tricep Exercise - Bodybuilding.com [HIKzvHkibWc],@bodybuildingcom/Triceps Pushdown - Tricep Exercise - Bodybuilding.com [HIKzvHkibWc].txt,122
4046,@bodybuildingcom,19-Minute Gladiator Workout ｜ Tyrone Bell： Spartacus War Of The Damned [a7Te20vMnY8],@bodybuildingcom/19-Minute Gladiator Workout ｜ Tyrone Bell： Spartacus War Of The Damned [a7Te20vMnY8].txt,2591
4047,@bodybuildingcom,Standing Cable Wood Chop  - Core ⧸ Abs - Bodybuilding.com [iTmMPyDzeYA],@bodybuildingcom/Standing Cable Wood Chop  - Core ⧸ Abs - Bodybuilding.com [iTmMPyDzeYA].txt,162
4048,@bodybuildingcom,Ab Roller - Ab Exercises - Bodybuilding.com [Q5MT5omGNJI],@bodybuildingcom/Ab Roller - Ab Exercises - Bodybuilding.com [Q5MT5omGNJI].txt,94
4049,@bodybuildingcom,Standing Military Press - Shoulder Exercise - Bodybuilding.com [8E4oWpi0RkA],@bodybuildingcom/Standing Military Press - Shoulder Exercise - Bodybuilding.com [8E4oWpi0RkA].txt,67
4050,@bodybuildingcom,Dumbbell Triceps Extension - Tricep Exercise - Bodybuilding.com [ntBjdnckWgo],@bodybuildingcom/Dumbbell Triceps Extension - Tricep Exercise - Bodybuilding.com [ntBjdnckWgo].txt,127
4051,@bodybuildingcom,"Bodybuilding.com Spokesmodel Search 2016, presented by Train Magazine [gh6xXq3u9lA]","@bodybuildingcom/Bodybuilding.com Spokesmodel Search 2016, presented by Train Magazine [gh6xXq3u9lA].txt",6
4052,@bodybuildingcom,Marc Megna's Lifting Lessons： Lat Pull-Down - Bodybuilding.com [PfgnL5FaFLs],@bodybuildingcom/Marc Megna's Lifting Lessons： Lat Pull-Down - Bodybuilding.com [PfgnL5FaFLs].txt,1095
4053,@bodybuildingcom,Hammer Curl - Biceps Exercise - Bodybuilding.com [0IAM2YtviQY],@bodybuildingcom/Hammer Curl - Biceps Exercise - Bodybuilding.com [0IAM2YtviQY].txt,111
4054,@bodybuildingcom,Jamie Eason 3-Bean Turkey Chili Recipe -- Bodybuilding.com [GIQGI7CGhWw],@bodybuildingcom/Jamie Eason 3-Bean Turkey Chili Recipe -- Bodybuilding.com [GIQGI7CGhWw].txt,1268
4055,@bodybuildingcom,Total Upper-Body Workout ｜ Kathleen Tesori [3RcDkEOJV8c],@bodybuildingcom/Total Upper-Body Workout ｜ Kathleen Tesori [3RcDkEOJV8c].txt,1749
4056,@bodybuildingcom,Shoulder-Gains Workout ｜ IFBB Pro Jake Alvarez [6EqI5V8AUp8],@bodybuildingcom/Shoulder-Gains Workout ｜ IFBB Pro Jake Alvarez [6EqI5V8AUp8].txt,882
4057,@bodybuildingcom,Seated Barbell Military Press - Shoulder Exercise - Bodybuilding.com [AFC-_Ka8nY4],@bodybuildingcom/Seated Barbell Military Press - Shoulder Exercise - Bodybuilding.com [AFC-_Ka8nY4].txt,66
4058,@bodybuildingcom,Amanda Latona's Fitness Program [Y6pBO6Rsx2I],@bodybuildingcom/Amanda Latona's Fitness Program [Y6pBO6Rsx2I].txt,2419
4059,@bodybuildingcom,One Arm Dumbbell Preacher Curls - Biceps Exercise - Bodybuilding.com [WK5yZMlgMb4],@bodybuildingcom/One Arm Dumbbell Preacher Curls - Biceps Exercise - Bodybuilding.com [WK5yZMlgMb4].txt,9
4060,@bodybuildingcom,Ava Cowan： Naturally Driven - Ava's Story - Bodybuilding.com [A3l3vxEnacQ],@bodybuildingcom/Ava Cowan： Naturally Driven - Ava's Story - Bodybuilding.com [A3l3vxEnacQ].txt,1219
4061,@bodybuildingcom,5 Moves To Mile-Wide Lats ｜ Hunter Labrada's Back Workout [ZHQIZ6xKQtM],@bodybuildingcom/5 Moves To Mile-Wide Lats ｜ Hunter Labrada's Back Workout [ZHQIZ6xKQtM].txt,2231
4062,@bodybuildingcom,Straight Arm Pulldown - Back Exercise - Bodybuilding.com [wcVDItawocI],@bodybuildingcom/Straight Arm Pulldown - Back Exercise - Bodybuilding.com [wcVDItawocI].txt,126
4063,@bodybuildingcom,Leg Crushing Workout Part 1 ｜ Dorian Yates' Blood & Guts [ctYNk-UF1B4],@bodybuildingcom/Leg Crushing Workout Part 1 ｜ Dorian Yates' Blood & Guts [ctYNk-UF1B4].txt,1055
4064,@bodybuildingcom,It's Your Life (MMA) ｜ 2010 Bodybuilding.com Commercial [69ssMxGifaA],@bodybuildingcom/It's Your Life (MMA) ｜ 2010 Bodybuilding.com Commercial [69ssMxGifaA].txt,194
4065,@bodybuildingcom,5 Moves To Massive Shoulders ｜ Hunter Labrada [SeJJBCOi96k],@bodybuildingcom/5 Moves To Massive Shoulders ｜ Hunter Labrada [SeJJBCOi96k].txt,1262
4066,@bodybuildingcom,Marc Megna's Lifting Lessons： Barbell Back Squat - Bodybuilding.com [Lql-QZMpu38],@bodybuildingcom/Marc Megna's Lifting Lessons： Barbell Back Squat - Bodybuilding.com [Lql-QZMpu38].txt,1239
4067,@bodybuildingcom,master_transcript,@bodybuildingcom/master_transcript.txt,973067
4068,@bodybuildingcom,12-Week Hardcore Daily Video Trainer With Kris Gethin ｜ Trailer [uWyaPkt-VOI],@bodybuildingcom/12-Week Hardcore Daily Video Trainer With Kris Gethin ｜ Trailer [uWyaPkt-VOI].txt,234
4069,@bodybuildingcom,Jen Jewell's Training & Fitness Program - Bodybuilding.com [LUPqpUFgsT0],@bodybuildingcom/Jen Jewell's Training & Fitness Program - Bodybuilding.com [LUPqpUFgsT0].txt,2481
4070,@bodybuildingcom,Samantha Leete's Shoulder-Sculpting Workout - Bodybuilding.com [DgySVAabbrg],@bodybuildingcom/Samantha Leete's Shoulder-Sculpting Workout - Bodybuilding.com [DgySVAabbrg].txt,1216
4071,@bodybuildingcom,Training With Kathleen Tesori - Bodybuilding.com [XWLSPx6oDfg],@bodybuildingcom/Training With Kathleen Tesori - Bodybuilding.com [XWLSPx6oDfg].txt,2542
4072,@bodybuildingcom,Dorian Yates Answers Bodybuilding.com Fans Top 5 Questions [VTU58aTj00g],@bodybuildingcom/Dorian Yates Answers Bodybuilding.com Fans Top 5 Questions [VTU58aTj00g].txt,1043
4073,@bodybuildingcom,"Meet Bodybuilding.com Master Coach ｜ KRISTEN LETTENBERGER, DPT, CSCS [HkSXHQRPzt0]","@bodybuildingcom/Meet Bodybuilding.com Master Coach ｜ KRISTEN LETTENBERGER, DPT, CSCS [HkSXHQRPzt0].txt",147
4074,@bodybuildingcom,Jessie Hilgenberg's 6 Reasons Women Should Lift - Bodybuilding.com [e_zKn7H3v4w],@bodybuildingcom/Jessie Hilgenberg's 6 Reasons Women Should Lift - Bodybuilding.com [e_zKn7H3v4w].txt,1368
4075,@bodybuildingcom,Bodybuilding.com Guide to Glucosamine [r4LMGQOjCTE],@bodybuildingcom/Bodybuilding.com Guide to Glucosamine [r4LMGQOjCTE].txt,338
4076,@bodybuildingcom,Cory Gregory's Training & Fitness Program - Bodybuilding.com [MW-th8Mj1K8],@bodybuildingcom/Cory Gregory's Training & Fitness Program - Bodybuilding.com [MW-th8Mj1K8].txt,2424
4077,@bodybuildingcom,Wrist Roller - Forearm Exercise - Bodybuilding.com [-lOFG0U_rlY],@bodybuildingcom/Wrist Roller - Forearm Exercise - Bodybuilding.com [-lOFG0U_rlY].txt,78
4078,@bodybuildingcom,5 Moves To Powerful Pecs ｜ Hunter Labrada's Chest Workout [upzg7m75jek],@bodybuildingcom/5 Moves To Powerful Pecs ｜ Hunter Labrada's Chest Workout [upzg7m75jek].txt,1141
4079,@bodybuildingcom,Barbell Shrug - Shoulder Exercise - Bodybuilding.com [9xGqgGFAtiM],@bodybuildingcom/Barbell Shrug - Shoulder Exercise - Bodybuilding.com [9xGqgGFAtiM].txt,74
4080,@bodybuildingcom,Triceps Dumbbell Kickback - Triceps Exercise - Bodybuilding.com [ypJA34CWr78],@bodybuildingcom/Triceps Dumbbell Kickback - Triceps Exercise - Bodybuilding.com [ypJA34CWr78].txt,152
4081,@bodybuildingcom,NFL Combine Trainer： Cone Drill - Bodybuilding.com [MxvSr20JAUM],@bodybuildingcom/NFL Combine Trainer： Cone Drill - Bodybuilding.com [MxvSr20JAUM].txt,1471
4082,@bodybuildingcom,"Train Large ｜ Jay Cutler Living Large ｜ Mass-Building Workouts, Training Tips, Nutrition Plan ｜ Ep 2 [aBQ09FUdZW8]","@bodybuildingcom/Train Large ｜ Jay Cutler Living Large ｜ Mass-Building Workouts, Training Tips, Nutrition Plan ｜ Ep 2 [aBQ09FUdZW8].txt",2433
4083,@bodybuildingcom,Training with Neil Hill - Bodybuilding.com [Lm1tcVvWXz0],@bodybuildingcom/Training with Neil Hill - Bodybuilding.com [Lm1tcVvWXz0].txt,2955
4084,@bodybuildingcom,Transformation Inspiration： Don't Fail In Week 3! - Bodybuilding.com [SpmlX13vyyg],@bodybuildingcom/Transformation Inspiration： Don't Fail In Week 3! - Bodybuilding.com [SpmlX13vyyg].txt,664
4085,@bodybuildingcom,BSN's MMA 101 with Forrest Griffin - Episode 1 - Bodybuilding.com [0e-v6Qt3sTw],@bodybuildingcom/BSN's MMA 101 with Forrest Griffin - Episode 1 - Bodybuilding.com [0e-v6Qt3sTw].txt,1074
4086,@bodybuildingcom,Ashley Conrad's High-Intensity Leg Circuit Workout - Bodybuilding.com [uG0d6mmZF7U],@bodybuildingcom/Ashley Conrad's High-Intensity Leg Circuit Workout - Bodybuilding.com [uG0d6mmZF7U].txt,1019
4087,@bodybuildingcom,How To Bench Press： Layne Norton's Complete Guide [esQi683XR44],@bodybuildingcom/How To Bench Press： Layne Norton's Complete Guide [esQi683XR44].txt,2348
4088,@bodybuildingcom,Picture Your Perfect Body： Melody Wyatt Fitness 360 - Bodybuilding.com [I839YhIr_zA],@bodybuildingcom/Picture Your Perfect Body： Melody Wyatt Fitness 360 - Bodybuilding.com [I839YhIr_zA].txt,1544
4089,@bodybuildingcom,Kris Gethin's Quad Radical Equation Workout - Leg Workout - Bodybuilding.com [G3dBxBZso8w],@bodybuildingcom/Kris Gethin's Quad Radical Equation Workout - Leg Workout - Bodybuilding.com [G3dBxBZso8w].txt,3554
4090,@bodybuildingcom,Gladiator Circuit Workout ｜ Spartacus： Gods of the Arena [OJVs7pCBPYc],@bodybuildingcom/Gladiator Circuit Workout ｜ Spartacus： Gods of the Arena [OJVs7pCBPYc].txt,1172
4091,@bodybuildingcom,30 Minute at Home Full-Body Workout： Day 6 ｜ Clutch Life： Ashley Conrad's 24⧸7 Fitness Trainer [hfdtAWY4YD0],@bodybuildingcom/30 Minute at Home Full-Body Workout： Day 6 ｜ Clutch Life： Ashley Conrad's 24⧸7 Fitness Trainer [hfdtAWY4YD0].txt,5571
4092,@bodybuildingcom,Kendall's Kitchen： Thai Turkey Satay Skewers - Bodybuilding.com [JMifj1g24FY],@bodybuildingcom/Kendall's Kitchen： Thai Turkey Satay Skewers - Bodybuilding.com [JMifj1g24FY].txt,443
4093,@bodybuildingcom,Bodybuilding.com Content Highlight Reel 2010 [IjejPOax-uU],@bodybuildingcom/Bodybuilding.com Content Highlight Reel 2010 [IjejPOax-uU].txt,443
4094,@bodybuildingcom,Cajun Chicken and Sausage Meal Prep IG： lisabrunolli #mealprep #healthyeating #dinnerrecipe #fitness [mPk_88rwyLE],@bodybuildingcom/Cajun Chicken and Sausage Meal Prep IG： lisabrunolli #mealprep #healthyeating #dinnerrecipe #fitness [mPk_88rwyLE].txt,363
4095,@bodybuildingcom,Hanging Leg Raise - Core ⧸ Abs - Bodybuilding.com [uaxEVt2z4CE],@bodybuildingcom/Hanging Leg Raise - Core ⧸ Abs - Bodybuilding.com [uaxEVt2z4CE].txt,77
4096,@bodybuildingcom,Hunter Labrada's 3 Moves To Bigger Calves - Bodybuilding.com [r7HmshZvys8],@bodybuildingcom/Hunter Labrada's 3 Moves To Bigger Calves - Bodybuilding.com [r7HmshZvys8].txt,1438
4097,@bodybuildingcom,Air Bike - Ab Exercises - Bodybuilding.com [i6mPCVUrtNk],@bodybuildingcom/Air Bike - Ab Exercises - Bodybuilding.com [i6mPCVUrtNk].txt,116
4098,@bodybuildingcom,Barbell Side Bend - Core ⧸ Abs - Bodybuilding.com [9_kAFDM6l6o],@bodybuildingcom/Barbell Side Bend - Core ⧸ Abs - Bodybuilding.com [9_kAFDM6l6o].txt,78
4099,@bodybuildingcom,Wide-Grip Lat Pulldown ｜ Back Exercise Guide [lueEJGjTuPQ],@bodybuildingcom/Wide-Grip Lat Pulldown ｜ Back Exercise Guide [lueEJGjTuPQ].txt,147
4100,@bodybuildingcom,Marc Megna's Lifting Lessons： Single-Arm Dumbbell Row - Bodybuilding.com [G36XhWnHXmc],@bodybuildingcom/Marc Megna's Lifting Lessons： Single-Arm Dumbbell Row - Bodybuilding.com [G36XhWnHXmc].txt,771
4101,@bodybuildingcom,Abel Albonetti's Ultimate Back Workout [lA7dbOmxs5I],@bodybuildingcom/Abel Albonetti's Ultimate Back Workout [lA7dbOmxs5I].txt,1316
4102,@bodybuildingcom,Dumbbell Flyes - Chest Exercise - Bodybuilding.com [QwuUZ5wgQOk],@bodybuildingcom/Dumbbell Flyes - Chest Exercise - Bodybuilding.com [QwuUZ5wgQOk].txt,162
4103,@bodybuildingcom,Formulating Signature™ Supplements ｜ Ep. 29： ｜ Steve Marada [3md0-SZfO2Y],@bodybuildingcom/Formulating Signature™ Supplements ｜ Ep. 29： ｜ Steve Marada [3md0-SZfO2Y].txt,11570
4104,@bodybuildingcom,Military Challenge 2011 [cN3JTf9tlys],@bodybuildingcom/Military Challenge 2011 [cN3JTf9tlys].txt,31
4105,@bodybuildingcom,David Otunga's Training & Fitness Program - Bodybuilding.com [zoINGk8gZQI],@bodybuildingcom/David Otunga's Training & Fitness Program - Bodybuilding.com [zoINGk8gZQI].txt,3484
4106,@bodybuildingcom,CT Fletcher's Commandment #10 Of Muscle Growth - Bodybuilding.com [TZWRJPSYJNE],@bodybuildingcom/CT Fletcher's Commandment #10 Of Muscle Growth - Bodybuilding.com [TZWRJPSYJNE].txt,116
4107,@bodybuildingcom,"Fitness 360： Kendall Lou Schmidt, Model Instructor - Bodybuilding.com [uMuf5_VNfEI]","@bodybuildingcom/Fitness 360： Kendall Lou Schmidt, Model Instructor - Bodybuilding.com [uMuf5_VNfEI].txt",1134
4108,@bodybuildingcom,Your Transformation Is Our Passion ｜ 2010 Bodybuilding.com Commercial [l7cYizwUdm8],@bodybuildingcom/Your Transformation Is Our Passion ｜ 2010 Bodybuilding.com Commercial [l7cYizwUdm8].txt,704
4109,@bodybuildingcom,The Bodybuilding.com Podcast ｜ Episode 05 ｜ Rachel Mariotti [M_F8jQW3M-w],@bodybuildingcom/The Bodybuilding.com Podcast ｜ Episode 05 ｜ Rachel Mariotti [M_F8jQW3M-w].txt,11779
4110,@bodybuildingcom,Promo ｜ Kris Gethin's 12-Week Muscle-Building Trainer [vUK1B9wCGko],@bodybuildingcom/Promo ｜ Kris Gethin's 12-Week Muscle-Building Trainer [vUK1B9wCGko].txt,239
4111,@bodybuildingcom,Jamie Eason's Cinnamon Swirl Protein Bread Recipe (SD) [oVBnFiIgZ44],@bodybuildingcom/Jamie Eason's Cinnamon Swirl Protein Bread Recipe (SD) [oVBnFiIgZ44].txt,2012
4112,@bodybuildingcom,At Home Cardio and Core Workout： Day 19 ｜ Clutch Life： Ashley Conrad's 24⧸7 Fitness Trainer [e9LD7HoJONg],@bodybuildingcom/At Home Cardio and Core Workout： Day 19 ｜ Clutch Life： Ashley Conrad's 24⧸7 Fitness Trainer [e9LD7HoJONg].txt,10059
4113,@bodybuildingcom,Jamie Eason's Tips & Techniques - Bodybuilding.com [LQXNZiyqu6k],@bodybuildingcom/Jamie Eason's Tips & Techniques - Bodybuilding.com [LQXNZiyqu6k].txt,1145
4114,@bodybuildingcom,Dumbbell Side Bend - Core ⧸ Abs - Bodybuilding.com [UUQHeBRE_Wo],@bodybuildingcom/Dumbbell Side Bend - Core ⧸ Abs - Bodybuilding.com [UUQHeBRE_Wo].txt,76
4115,@bodybuildingcom,Shoulder Smash Workout ｜ IFBB Pro Jessie Hilgenberg's [0zQUhK1V4qY],@bodybuildingcom/Shoulder Smash Workout ｜ IFBB Pro Jessie Hilgenberg's [0zQUhK1V4qY].txt,2002
4116,@bodybuildingcom,Playboy Model Ready - Heidi Montag - Part 2 - Bodybuilding.com [BFI0mXWjjFo],@bodybuildingcom/Playboy Model Ready - Heidi Montag - Part 2 - Bodybuilding.com [BFI0mXWjjFo].txt,692
4117,@bodybuildingcom,Alicia Harris' Training & Fitness Program - Bodybuilding.com [7G8-19-hxNw],@bodybuildingcom/Alicia Harris' Training & Fitness Program - Bodybuilding.com [7G8-19-hxNw].txt,2283
4118,@bodybuildingcom,Bodybuilding.com： Train Like the Striking Truth Star Georges St Pierre [iCHOQGUra38],@bodybuildingcom/Bodybuilding.com： Train Like the Striking Truth Star Georges St Pierre [iCHOQGUra38].txt,965
4119,@bodybuildingcom,Meet Your Trainers - Bodybuilding.com [2YJmbsyJZrM],@bodybuildingcom/Meet Your Trainers - Bodybuilding.com [2YJmbsyJZrM].txt,369
4120,@bodybuildingcom,"Meet the Bodybuilding.com Master Coaches ｜ YADIRA ＂YAYA＂ VARGAS, CPT [gDTB2fAg89Y]","@bodybuildingcom/Meet the Bodybuilding.com Master Coaches ｜ YADIRA ＂YAYA＂ VARGAS, CPT [gDTB2fAg89Y].txt",135
4121,@bodybuildingcom,Back Anatomy & Training Program ｜ Built By Science [VHWgPPDENMo],@bodybuildingcom/Back Anatomy & Training Program ｜ Built By Science [VHWgPPDENMo].txt,2709
4122,@bodybuildingcom,Palloff Press - Shoulder ⧸ Core Exercise - Bodybuilding.com [pgYNSUWUJOs],@bodybuildingcom/Palloff Press - Shoulder ⧸ Core Exercise - Bodybuilding.com [pgYNSUWUJOs].txt,127
4123,@bodybuildingcom,CT Fletcher's Commandment #6 Of Muscle Growth - Bodybuilding.com [NoenDJI5e1g],@bodybuildingcom/CT Fletcher's Commandment #6 Of Muscle Growth - Bodybuilding.com [NoenDJI5e1g].txt,132
4124,@bodybuildingcom,Bodybuilding.com Guide to Leucine [zFfwfcEl7tg],@bodybuildingcom/Bodybuilding.com Guide to Leucine [zFfwfcEl7tg].txt,274
4125,@bodybuildingcom,Barbell Deadlift - Leg & Back Exercise - Bodybuilding.com [G13343CGcPs],@bodybuildingcom/Barbell Deadlift - Leg & Back Exercise - Bodybuilding.com [G13343CGcPs].txt,170
4126,@bodybuildingcom,"BodySpace Demo Part 4： BodyStats, General Photo Upload, and Final Overview [pyYhc6ehjR8]","@bodybuildingcom/BodySpace Demo Part 4： BodyStats, General Photo Upload, and Final Overview [pyYhc6ehjR8].txt",1446
4127,@bodybuildingcom,Waxy Maize Guide - Bodybuilding.com [wOxsxymqcNk],@bodybuildingcom/Waxy Maize Guide - Bodybuilding.com [wOxsxymqcNk].txt,197
4128,@bodybuildingcom,Mike O'Hearn's Chest Workout ｜ Power Bodybuilding Training Program [YR7qswt8aPo],@bodybuildingcom/Mike O'Hearn's Chest Workout ｜ Power Bodybuilding Training Program [YR7qswt8aPo].txt,1027
4129,@bodybuildingcom,Seth Feroce's Training & Fitness Program - Bodybuilding.com [Gwb7MeUrMdw],@bodybuildingcom/Seth Feroce's Training & Fitness Program - Bodybuilding.com [Gwb7MeUrMdw].txt,2414
4130,@bodybuildingcom,Transformation ｜ Bodybuilding.com Commercial [YF6unqL_Rpw],@bodybuildingcom/Transformation ｜ Bodybuilding.com Commercial [YF6unqL_Rpw].txt,75
4131,@bodybuildingcom,EP. 30 ｜ Craig Bongelli ｜ Building Muscle Mass and Finding Your One Rep Max [Jf7bBApGjW4],@bodybuildingcom/EP. 30 ｜ Craig Bongelli ｜ Building Muscle Mass and Finding Your One Rep Max [Jf7bBApGjW4].txt,8523
4132,@bodybuildingcom,Ashley Horner's Stronger-Legs Workout [qJUy5QRbmD0],@bodybuildingcom/Ashley Horner's Stronger-Legs Workout [qJUy5QRbmD0].txt,833
4133,@bodybuildingcom,Cable Rope Overhead Tricep Extension - Tricep Exercise - Bodybuilding.com [mRozZKkGIfg],@bodybuildingcom/Cable Rope Overhead Tricep Extension - Tricep Exercise - Bodybuilding.com [mRozZKkGIfg].txt,108
4134,@bodybuildingcom,Jamie Eason's Chocolate Protein Bars - Bodybuilding.com [1fNZT-ShOnI],@bodybuildingcom/Jamie Eason's Chocolate Protein Bars - Bodybuilding.com [1fNZT-ShOnI].txt,1275
4135,@bodybuildingcom,20 Minute at Home Flexibility Workout： Day 28 ｜ Clutch Life： Ashley Conrad's 24⧸7 Fitness Trainer [mQVw701Ta8E],@bodybuildingcom/20 Minute at Home Flexibility Workout： Day 28 ｜ Clutch Life： Ashley Conrad's 24⧸7 Fitness Trainer [mQVw701Ta8E].txt,2972
4136,@bodybuildingcom,Celebrity Trainer Gunnar Peterson Trains Sly for the Expendables - Bodybuilding.com [8ePMb16DBpA],@bodybuildingcom/Celebrity Trainer Gunnar Peterson Trains Sly for the Expendables - Bodybuilding.com [8ePMb16DBpA].txt,1237
4137,@bodybuildingcom,Steve Nash Explains Why He Uses OneBode - Bodybuilding.com [75BopILPPZs],@bodybuildingcom/Steve Nash Explains Why He Uses OneBode - Bodybuilding.com [75BopILPPZs].txt,67
4138,@bodybuildingcom,Side Lateral Raise - Shoulder Exercise - Bodybuilding.com [LT1Eo-q58yg],@bodybuildingcom/Side Lateral Raise - Shoulder Exercise - Bodybuilding.com [LT1Eo-q58yg].txt,103
4139,@bodybuildingcom,How To Squat： Layne Norton's Squat Tutorial [t2b8UdqmlFs],@bodybuildingcom/How To Squat： Layne Norton's Squat Tutorial [t2b8UdqmlFs].txt,3199
4140,@bodybuildingcom,45 Minute at Home Strength Workout： Day 17 ｜ Clutch Life： Ashley Conrad's 24⧸7 Fitness Trainer [GD_RXZRA5Jo],@bodybuildingcom/45 Minute at Home Strength Workout： Day 17 ｜ Clutch Life： Ashley Conrad's 24⧸7 Fitness Trainer [GD_RXZRA5Jo].txt,6677
4141,@bodybuildingcom,Shoulder Anatomy & Training Program ｜ Built by Science [dOQ2RRP0euE],@bodybuildingcom/Shoulder Anatomy & Training Program ｜ Built by Science [dOQ2RRP0euE].txt,2997
4142,@bodybuildingcom,Steve Cook's Shoulders & Traps Workout ｜ Big Man on Campus [pwHqEfIuGMQ],@bodybuildingcom/Steve Cook's Shoulders & Traps Workout ｜ Big Man on Campus [pwHqEfIuGMQ].txt,1212
4143,@bodybuildingcom,Final Approach To Fitness： Cellucor's Dan Lourenco Interview - Bodybuilding.com [iKvjzHN2bNE],@bodybuildingcom/Final Approach To Fitness： Cellucor's Dan Lourenco Interview - Bodybuilding.com [iKvjzHN2bNE].txt,1554
4144,@bodybuildingcom,"AMP： Marc Megna's 8-Week Aesthetics Meets Performance Trainer, Promo - Bodybuilding.com [IAG-lnVvUhw]","@bodybuildingcom/AMP： Marc Megna's 8-Week Aesthetics Meets Performance Trainer, Promo - Bodybuilding.com [IAG-lnVvUhw].txt",1420
4145,@bodybuildingcom,Becoming OldSuperman [aBcsjgktEzU],@bodybuildingcom/Becoming OldSuperman [aBcsjgktEzU].txt,1203
4146,@bodybuildingcom,Jay Cutler Curls in the Elevator ｜ We Lift This [DUlnlzjhUe4],@bodybuildingcom/Jay Cutler Curls in the Elevator ｜ We Lift This [DUlnlzjhUe4].txt,8
4147,@bodybuildingcom,Jamie Eason's Training & Nutriiton Plan [LsMcVT7CPJ4],@bodybuildingcom/Jamie Eason's Training & Nutriiton Plan [LsMcVT7CPJ4].txt,3027
4148,@bodybuildingcom,Chest and Triceps Workout ｜ Kris Gethin's 12-Week Muscle-Building Trainer ｜ Day 2 [sFlvqkAy-D0],@bodybuildingcom/Chest and Triceps Workout ｜ Kris Gethin's 12-Week Muscle-Building Trainer ｜ Day 2 [sFlvqkAy-D0].txt,2088
4149,@bodybuildingcom,Butt Lift (Bridge) - Leg Exercise - Bodybuilding.com [URhjZLFfKMs],@bodybuildingcom/Butt Lift (Bridge) - Leg Exercise - Bodybuilding.com [URhjZLFfKMs].txt,64
4150,@bodybuildingcom,Multivitamins & Vitamins Guide - Bodybuilding.com [4-p2z5xnSds],@bodybuildingcom/Multivitamins & Vitamins Guide - Bodybuilding.com [4-p2z5xnSds].txt,197
4151,@bodybuildingcom,The Bodybuilding.com Podcast ｜ Ep. 04 ｜ Dan Giordano ｜ How to Lower the Risk of Injury [GjNmBJ6M5HI],@bodybuildingcom/The Bodybuilding.com Podcast ｜ Ep. 04 ｜ Dan Giordano ｜ How to Lower the Risk of Injury [GjNmBJ6M5HI].txt,15688
4152,@bodybuildingcom,At Home Training Program ｜ Clutch Life： Ashley Conrad's 24⧸7 Fitness Trainer [h1QD9BDkhcc],@bodybuildingcom/At Home Training Program ｜ Clutch Life： Ashley Conrad's 24⧸7 Fitness Trainer [h1QD9BDkhcc].txt,648
4153,@bodybuildingcom,CT Fletcher's Commandment #2 Of Muscle Growth - Bodybuilding.com [_ZDW8aONSNA],@bodybuildingcom/CT Fletcher's Commandment #2 Of Muscle Growth - Bodybuilding.com [_ZDW8aONSNA].txt,116
4154,@bodybuildingcom,Tricep Dumbbell Kickback - Tricep Exercise - Bodybuilding.com [HyqTb_jE_oI],@bodybuildingcom/Tricep Dumbbell Kickback - Tricep Exercise - Bodybuilding.com [HyqTb_jE_oI].txt,154
4155,@bodybuildingcom,Barbell Deadlift - Leg & Back Exercise - Bodybuilding.com [a5zhnubunoE],@bodybuildingcom/Barbell Deadlift - Leg & Back Exercise - Bodybuilding.com [a5zhnubunoE].txt,135
4156,@bodybuildingcom,Training with Sean Hardge - Bodybuilding.com [1z74wvAN9f8],@bodybuildingcom/Training with Sean Hardge - Bodybuilding.com [1z74wvAN9f8].txt,2018
4157,@bodybuildingcom,Mario Lopez - Extra Lean Family - Bodybuilding.com [gr-cVqo4S20],@bodybuildingcom/Mario Lopez - Extra Lean Family - Bodybuilding.com [gr-cVqo4S20].txt,876
4158,@bodybuildingcom,Bodybuilding.com Guide to Caffeine [lorG05owNso],@bodybuildingcom/Bodybuilding.com Guide to Caffeine [lorG05owNso].txt,427
4159,@bodybuildingcom,45 Minute at Home Bodyweight Workout： Day 13 ｜ Clutch Life： Ashley Conrad's 24⧸7 Fitness Trainer [fFTdY8SOZJE],@bodybuildingcom/45 Minute at Home Bodyweight Workout： Day 13 ｜ Clutch Life： Ashley Conrad's 24⧸7 Fitness Trainer [fFTdY8SOZJE].txt,4567
4160,@bodybuildingcom,At Home Cardio and Core Workout： Day 26 ｜ Clutch Life： Ashley Conrad's 24⧸7 Fitness Trainer [LuQlWcb4vcc],@bodybuildingcom/At Home Cardio and Core Workout： Day 26 ｜ Clutch Life： Ashley Conrad's 24⧸7 Fitness Trainer [LuQlWcb4vcc].txt,10059
4161,@bodybuildingcom,Kris Gethin & Team Grenade Ab Workout - Bodybuilding.com [MDVfD1KjQ7U],@bodybuildingcom/Kris Gethin & Team Grenade Ab Workout - Bodybuilding.com [MDVfD1KjQ7U].txt,3069
4162,@bodybuildingcom,Plank ⧸ Planking - Ab Exercises - Bodybuilding.com [tgbrMdfuGJA],@bodybuildingcom/Plank ⧸ Planking - Ab Exercises - Bodybuilding.com [tgbrMdfuGJA].txt,58
4163,@bodybuildingcom,Live to Lift - Show Us Your Beast Body - Motivational Video Finalist [8ISn_UnmWxE],@bodybuildingcom/Live to Lift - Show Us Your Beast Body - Motivational Video Finalist [8ISn_UnmWxE].txt,10
4164,@bodybuildingcom,Incline Dumbbell Press - Chest Exercise - Bodybuilding.com [DnV3R4vp3K0],@bodybuildingcom/Incline Dumbbell Press - Chest Exercise - Bodybuilding.com [DnV3R4vp3K0].txt,102
4165,@bodybuildingcom,James Grage's Training & Fitness Program - Bodybuilding.com [zwhAKRUhRI8],@bodybuildingcom/James Grage's Training & Fitness Program - Bodybuilding.com [zwhAKRUhRI8].txt,2900
4166,@bodybuildingcom,Jerome Mayberry's 10 Commandments Of The Weight Room - Part 1 - Bodybuilding.com [w6ReaQW44CI],@bodybuildingcom/Jerome Mayberry's 10 Commandments Of The Weight Room - Part 1 - Bodybuilding.com [w6ReaQW44CI].txt,558
4167,@bodybuildingcom,Blast Your Back And Biceps! James Grage & Whitney Reid Video Workout - Bodybuilding.com [nSBezjmYvd8],@bodybuildingcom/Blast Your Back And Biceps! James Grage & Whitney Reid Video Workout - Bodybuilding.com [nSBezjmYvd8].txt,2424
4168,@bodybuildingcom,5 Back-Busting Exercises ｜ Dorian Yates' Blood & Guts [Fe7pzbZQ0Gs],@bodybuildingcom/5 Back-Busting Exercises ｜ Dorian Yates' Blood & Guts [Fe7pzbZQ0Gs].txt,1039
4169,@bodybuildingcom,The Bodybuilding.com Podcast ｜ Ep. 15 ｜ Kristina Centenari ｜ The Power in The Pause [RqMEBD5lm9c],@bodybuildingcom/The Bodybuilding.com Podcast ｜ Ep. 15 ｜ Kristina Centenari ｜ The Power in The Pause [RqMEBD5lm9c].txt,12581
4170,@bodybuildingcom,Seated Barbell Military Press - Shoulder Exercise - Bodybuilding.com [uiYOYMDiA44],@bodybuildingcom/Seated Barbell Military Press - Shoulder Exercise - Bodybuilding.com [uiYOYMDiA44].txt,66
4171,@bodybuildingcom,Perfect Booty Home Workout ｜ Lais DeLeon [jeNHGz3pGsU],@bodybuildingcom/Perfect Booty Home Workout ｜ Lais DeLeon [jeNHGz3pGsU].txt,675
4172,@bodybuildingcom,The Bodybuilding.com Podcast ｜ Ep. 06 ｜ Ebenezer Samuel ｜ Building Muscle & Training for Your Decade [UmnC_lYVP6s],@bodybuildingcom/The Bodybuilding.com Podcast ｜ Ep. 06 ｜ Ebenezer Samuel ｜ Building Muscle & Training for Your Decade [UmnC_lYVP6s].txt,14949
4173,@bodybuildingcom,Chest Workout with Derek Charlebois - Bodybuilding.com [DCrCny0_ync],@bodybuildingcom/Chest Workout with Derek Charlebois - Bodybuilding.com [DCrCny0_ync].txt,1321
4174,@bodybuildingcom,Cobra Back Workout ｜ Terry Crews [K_m2ECqiE9o],@bodybuildingcom/Cobra Back Workout ｜ Terry Crews [K_m2ECqiE9o].txt,1349
4175,@bodybuildingcom,Ask The Expert Panel： Dr. Jacob Wilson And Dr. Robert Wildman - Bodybuilding.com [oWuBB8_n3lw],@bodybuildingcom/Ask The Expert Panel： Dr. Jacob Wilson And Dr. Robert Wildman - Bodybuilding.com [oWuBB8_n3lw].txt,9408
4176,@bodybuildingcom,Bodybuilding.com Core Values [FtdJm4db9JU],@bodybuildingcom/Bodybuilding.com Core Values [FtdJm4db9JU].txt,4480
4177,@bodybuildingcom,2013 Arnold Classic ⧸ Sports Festival Highlight Reel - Bodybuilding.com [_F7JmdRpAk8],@bodybuildingcom/2013 Arnold Classic ⧸ Sports Festival Highlight Reel - Bodybuilding.com [_F7JmdRpAk8].txt,75
4178,@bodybuildingcom,Bodybuilding.com Guide to Creatine Monohydrate [GrnABXhE2D8],@bodybuildingcom/Bodybuilding.com Guide to Creatine Monohydrate [GrnABXhE2D8].txt,152
4179,@bodybuildingcom,Becoming a Professional Strongman & Drilling Discipline ｜ Ep. 22 ｜ Craig Bongelli ｜ Bodybuilding.com [cVU4nTIyN_I],@bodybuildingcom/Becoming a Professional Strongman & Drilling Discipline ｜ Ep. 22 ｜ Craig Bongelli ｜ Bodybuilding.com [cVU4nTIyN_I].txt,10457
4180,@bodybuildingcom,Kizzito Ejam's Power Up Your Muscle-Up! - Bodybuilding.com [dP7zB3weV7U],@bodybuildingcom/Kizzito Ejam's Power Up Your Muscle-Up! - Bodybuilding.com [dP7zB3weV7U].txt,2047
4181,@bodybuildingcom,"2015 MuscleTech Fit Squad 6-Week Challenge - Getting Started - Marc Megna, Bodybuilding.com [EI3LCETi2uo]","@bodybuildingcom/2015 MuscleTech Fit Squad 6-Week Challenge - Getting Started - Marc Megna, Bodybuilding.com [EI3LCETi2uo].txt",175
4182,@bodybuildingcom,10 Essential Bodybuilding Tips ｜ Dorian Yates' Blood & Guts [hggkrZF-Bpw],@bodybuildingcom/10 Essential Bodybuilding Tips ｜ Dorian Yates' Blood & Guts [hggkrZF-Bpw].txt,2911
4183,@bodybuildingcom,Race for the Cure 2011 News Clip - Bodybuilding.com [vLxXsGs08hk],@bodybuildingcom/Race for the Cure 2011 News Clip - Bodybuilding.com [vLxXsGs08hk].txt,309
4184,@bodybuildingcom,The Bodybuilding.com Fitness App ｜ Everyone Starts Somewhere [Oft8gc6hCS8],@bodybuildingcom/The Bodybuilding.com Fitness App ｜ Everyone Starts Somewhere [Oft8gc6hCS8].txt,75
4185,@bodybuildingcom,"Look Strong, Lift Strong： Layne Norton's Legs And Arms Blast - Bodybuilding.com [O2XyvcB4XY0]","@bodybuildingcom/Look Strong, Lift Strong： Layne Norton's Legs And Arms Blast - Bodybuilding.com [O2XyvcB4XY0].txt",2140
4186,@bodybuildingcom,The Expendables 2 Behind The Scenes -- Bodybuilding.com [8fPC1HKhaM0],@bodybuildingcom/The Expendables 2 Behind The Scenes -- Bodybuilding.com [8fPC1HKhaM0].txt,1720
4187,@bodybuildingcom,Power Clean - Back & Legs Exercise - Bodybuilding.com [zCEj0d3TatI],@bodybuildingcom/Power Clean - Back & Legs Exercise - Bodybuilding.com [zCEj0d3TatI].txt,257
4188,@bodybuildingcom,Steve Sherer ｜ Hellraiser Training Testimonial [0BOcmr58f04],@bodybuildingcom/Steve Sherer ｜ Hellraiser Training Testimonial [0BOcmr58f04].txt,668
4189,@bodybuildingcom,Stomach Vacuum ｜ Ab Exercises Guide [f2PliOQHQ4c],@bodybuildingcom/Stomach Vacuum ｜ Ab Exercises Guide [f2PliOQHQ4c].txt,91
4190,@bodybuildingcom,The Last Stand： An Interview With Arnold Schwarzenegger - Bodybuilding.com [T_Xz6x-QTDU],@bodybuildingcom/The Last Stand： An Interview With Arnold Schwarzenegger - Bodybuilding.com [T_Xz6x-QTDU].txt,1377
4191,@bodybuildingcom,Ben Booker - Training Saved My Life - Bodybuilding.com [nlg-W9VFWVA],@bodybuildingcom/Ben Booker - Training Saved My Life - Bodybuilding.com [nlg-W9VFWVA].txt,1663
4192,@bodybuildingcom,Running Sub 3_30 at The Berlin Marathon ｜ 26.2 THE ROAD TO BERLIN EP 6 [Hj_6kuxG3HA],@bodybuildingcom/Running Sub 3_30 at The Berlin Marathon ｜ 26.2 THE ROAD TO BERLIN EP 6 [Hj_6kuxG3HA].txt,1416
4193,@bodybuildingcom,5 Natural Ways To Burn More Calories [eN2VhWxLgvg],@bodybuildingcom/5 Natural Ways To Burn More Calories [eN2VhWxLgvg].txt,530
4194,@bodybuildingcom,Ultimate 30-Day Beginner's Guide To Fitness ｜ Training Program [yBMGtuUBAbI],@bodybuildingcom/Ultimate 30-Day Beginner's Guide To Fitness ｜ Training Program [yBMGtuUBAbI].txt,766
4195,@bodybuildingcom,World's #1 Online Supplement Store ｜ Bodybuilding.com Commercial [U_dCJtMaAQs],@bodybuildingcom/World's #1 Online Supplement Store ｜ Bodybuilding.com Commercial [U_dCJtMaAQs].txt,63
4196,@bodybuildingcom,One-Legged Cable Kickback - Leg Exercise - Bodybuilding.com [xO5WVJGVJ2w],@bodybuildingcom/One-Legged Cable Kickback - Leg Exercise - Bodybuilding.com [xO5WVJGVJ2w].txt,101
4197,@bodybuildingcom,Bodybuilding.com 2023： Year In Review [D-WlosWGHzw],@bodybuildingcom/Bodybuilding.com 2023： Year In Review [D-WlosWGHzw].txt,33
4198,@bodybuildingcom,Bill Phillips & Ryan DeLuca： Titans Of Transformation - Bodybuilding.com [5S9gTyqzbVU],@bodybuildingcom/Bill Phillips & Ryan DeLuca： Titans Of Transformation - Bodybuilding.com [5S9gTyqzbVU].txt,2457
4199,@bodybuildingcom,"The Bodybuilding.com Podcast ｜ Ep. 10 ｜ Josh Whalen ｜ Sex, Drugs & Testosterone [HqqULr7C2n8]","@bodybuildingcom/The Bodybuilding.com Podcast ｜ Ep. 10 ｜ Josh Whalen ｜ Sex, Drugs & Testosterone [HqqULr7C2n8].txt",8056
4200,@bodybuildingcom,Training Overview ｜ Kris Gethin's 12-Week Muscle-Building Trainer [Wy5QECAbCyA],@bodybuildingcom/Training Overview ｜ Kris Gethin's 12-Week Muscle-Building Trainer [Wy5QECAbCyA].txt,1100
4201,@bodybuildingcom,5 Steps to Bigger Arms [rwCpMjfoc-8],@bodybuildingcom/5 Steps to Bigger Arms [rwCpMjfoc-8].txt,1193
4202,@bodybuildingcom,Building Boulder Shoulders ｜ Lawrence Ballenger Shoulder Workout [GFqh6Q_zhK4],@bodybuildingcom/Building Boulder Shoulders ｜ Lawrence Ballenger Shoulder Workout [GFqh6Q_zhK4].txt,1550
4203,@bodybuildingcom,Smith Machine Squat - Leg Exercise - Bodybuilding.com [_jcAAqMMtnc],@bodybuildingcom/Smith Machine Squat - Leg Exercise - Bodybuilding.com [_jcAAqMMtnc].txt,202
4204,@bodybuildingcom,"2013 Bodybuilding.com $100,000 Transformation Challenge - 30 sec [pLv47KTDwIw]","@bodybuildingcom/2013 Bodybuilding.com $100,000 Transformation Challenge - 30 sec [pLv47KTDwIw].txt",30
4205,@bodybuildingcom,Training with Brian Stann - Bodybuilding.com [zSgmDjbP1UY],@bodybuildingcom/Training with Brian Stann - Bodybuilding.com [zSgmDjbP1UY].txt,2519
4206,@bodybuildingcom,Split Squat - Legs Exercise - Bodybuilding.com [UJWLxHAYxx4],@bodybuildingcom/Split Squat - Legs Exercise - Bodybuilding.com [UJWLxHAYxx4].txt,91
4207,@bodybuildingcom,MTV Makes Brooke Dragon Into A Bikini Model - Bodybuilding.com [hw5wPjDHAE8],@bodybuildingcom/MTV Makes Brooke Dragon Into A Bikini Model - Bodybuilding.com [hw5wPjDHAE8].txt,1821
4208,@bodybuildingcom,2014 Mr  Olympia Finals Pre Show Replay - Bodybuilding.com [6hQY3TSxFuM],@bodybuildingcom/2014 Mr  Olympia Finals Pre Show Replay - Bodybuilding.com [6hQY3TSxFuM].txt,5917
4209,@bodybuildingcom,CT Fletcher's Commandment #4 Of Muscle Growth - Bodybuilding.com [ueR4uPw42O8],@bodybuildingcom/CT Fletcher's Commandment #4 Of Muscle Growth - Bodybuilding.com [ueR4uPw42O8].txt,207
4210,@bodybuildingcom,Shane Raymond's Full Fitness Plan -  Fitness 360： British Beast - Bodybuilding.com [otbn8yOJbb0],@bodybuildingcom/Shane Raymond's Full Fitness Plan -  Fitness 360： British Beast - Bodybuilding.com [otbn8yOJbb0].txt,1789
4211,@bodybuildingcom,Train with Preston Noble - Bodybuilding.com [oUQ1pLnrFDQ],@bodybuildingcom/Train with Preston Noble - Bodybuilding.com [oUQ1pLnrFDQ].txt,1680
4212,@bodybuildingcom,Running 20 Miles + Recovery ｜ 26.2 THE ROAD TO BERLIN EP 2 [MHAu2GTfYPw],@bodybuildingcom/Running 20 Miles + Recovery ｜ 26.2 THE ROAD TO BERLIN EP 2 [MHAu2GTfYPw].txt,1493
4213,@bodybuildingcom,Celebrating 26 Years of Bodybuilding.com ｜ An Annual Look Back [UgKxh8kj9x8],@bodybuildingcom/Celebrating 26 Years of Bodybuilding.com ｜ An Annual Look Back [UgKxh8kj9x8].txt,1
4214,@bodybuildingcom,Close Grip Front Lat Pulldown - Back Exercise - Bodybuilding.com [ecRF8ERf2q4],@bodybuildingcom/Close Grip Front Lat Pulldown - Back Exercise - Bodybuilding.com [ecRF8ERf2q4].txt,201
4215,@bodybuildingcom,Whey Protein Guide - Bodybuilding.com [R82JYr8fmgo],@bodybuildingcom/Whey Protein Guide - Bodybuilding.com [R82JYr8fmgo].txt,281
4216,@bodybuildingcom,Barbell Incline Bench - Chest Exercise - Bodybuilding.com [8YgkJN0gmNM],@bodybuildingcom/Barbell Incline Bench - Chest Exercise - Bodybuilding.com [8YgkJN0gmNM].txt,86
4217,@bodybuildingcom,Unlock Flexibility： Dynamic Stretches Using a Box! [CluME_Fk8fI],@bodybuildingcom/Unlock Flexibility： Dynamic Stretches Using a Box! [CluME_Fk8fI].txt,304
4218,@bodybuildingcom,Orange Almond Biscotti Cookies Recipe ｜ Jamie Eason [IwYqWMoGHPQ],@bodybuildingcom/Orange Almond Biscotti Cookies Recipe ｜ Jamie Eason [IwYqWMoGHPQ].txt,1887
4219,@bodybuildingcom,Ashley Schutz  - 'Lift Life' Bodybuilding.com Ad Campaign Interview [jb8BN2kr1-0],@bodybuildingcom/Ashley Schutz  - 'Lift Life' Bodybuilding.com Ad Campaign Interview [jb8BN2kr1-0].txt,233
4220,@bodybuildingcom,What Is Testosterone？ [CFMYc1Ynl_M],@bodybuildingcom/What Is Testosterone？ [CFMYc1Ynl_M].txt,183
4221,@bodybuildingcom,Getting Ripped and Cover Ready - Part 2 - Bodybuilding.com [cEXL9rXpvaE],@bodybuildingcom/Getting Ripped and Cover Ready - Part 2 - Bodybuilding.com [cEXL9rXpvaE].txt,660
4222,@bodybuildingcom,45 Minute at Home Strength Workout： Day 24 ｜ Clutch Life： Ashley Conrad's 24⧸7 Fitness Trainer [Mt_XZjSqbEk],@bodybuildingcom/45 Minute at Home Strength Workout： Day 24 ｜ Clutch Life： Ashley Conrad's 24⧸7 Fitness Trainer [Mt_XZjSqbEk].txt,6623
4223,@bodybuildingcom,Jerome Mayberry's 10 Commandments Of The Weight Room - Part 2 - Bodybuilding.com [2wFUFQSf--s],@bodybuildingcom/Jerome Mayberry's 10 Commandments Of The Weight Room - Part 2 - Bodybuilding.com [2wFUFQSf--s].txt,532
4224,@bodybuildingcom,7 Must-Do Hacks For Huge Arms ｜ Hunter Labrada [v7FYHOUK3Po],@bodybuildingcom/7 Must-Do Hacks For Huge Arms ｜ Hunter Labrada [v7FYHOUK3Po].txt,1432
4225,@bodybuildingcom,Meal Prep For All Meals of The Day #recipes #mealprep [9HIV3f-EgaY],@bodybuildingcom/Meal Prep For All Meals of The Day #recipes #mealprep [9HIV3f-EgaY].txt,0
4226,@bodybuildingcom,Bodybuilding.com B-Elite Apparel [7h6mxW6USxg],@bodybuildingcom/Bodybuilding.com B-Elite Apparel [7h6mxW6USxg].txt,1
4227,@bodybuildingcom,Ronnie Milo's MVP Leg Workout [rOxlw2VMSDw],@bodybuildingcom/Ronnie Milo's MVP Leg Workout [rOxlw2VMSDw].txt,1373
4228,@bodybuildingcom,Program Overview ｜ 12-Week Hardcore Daily Video Trainer With Kris Gethin [jtrltr-uIvw],@bodybuildingcom/Program Overview ｜ 12-Week Hardcore Daily Video Trainer With Kris Gethin [jtrltr-uIvw].txt,1900
4229,@bodybuildingcom,BSN Transformation Winners Announced! - Bodybuilding.com [e5jo9vDOIdE],@bodybuildingcom/BSN Transformation Winners Announced! - Bodybuilding.com [e5jo9vDOIdE].txt,133
4230,@bodybuildingcom,Ashley Conrad's Upper-Body Circuit Workout - Bodybuilding.com [56H7_r3IgSw],@bodybuildingcom/Ashley Conrad's Upper-Body Circuit Workout - Bodybuilding.com [56H7_r3IgSw].txt,1105
4231,@bodybuildingcom,How To Deadlift： Layne Norton's Complete Guide [d5eGGZXb0Is],@bodybuildingcom/How To Deadlift： Layne Norton's Complete Guide [d5eGGZXb0Is].txt,2106
4232,@bodybuildingcom,Courtney Prather's Fitness Program - Bodybuilding.com [LVK-v-xP290],@bodybuildingcom/Courtney Prather's Fitness Program - Bodybuilding.com [LVK-v-xP290].txt,1943
4233,@bodybuildingcom,Optimum Back： Daniel Banks' Lat Workout [zfyXVALi2T8],@bodybuildingcom/Optimum Back： Daniel Banks' Lat Workout [zfyXVALi2T8].txt,915
4234,@bodybuildingcom,Train Hard & Eat Right For One Solid Year： Louis Sheppard Testimonial (3.5 Min) [cuI40oZtAFw],@bodybuildingcom/Train Hard & Eat Right For One Solid Year： Louis Sheppard Testimonial (3.5 Min) [cuI40oZtAFw].txt,504
4235,@bodybuildingcom,Training with Felicia Romero -- Bodybuilding.com [wmYURM-_YfI],@bodybuildingcom/Training with Felicia Romero -- Bodybuilding.com [wmYURM-_YfI].txt,2525
4236,@bodybuildingcom,Lee Labrada announces Transformation Winners [6UMYGxKPWpw],@bodybuildingcom/Lee Labrada announces Transformation Winners [6UMYGxKPWpw].txt,213
4237,@bodybuildingcom,Abs Exercises with Alec Musser - Bodybuilding.com [FWZoLDM5Iz4],@bodybuildingcom/Abs Exercises with Alec Musser - Bodybuilding.com [FWZoLDM5Iz4].txt,743
4238,@bodybuildingcom,Decline Dumbbell Bench Press  - Chest Exercise - Bodybuilding.com [Pf1nDoqx_1A],@bodybuildingcom/Decline Dumbbell Bench Press  - Chest Exercise - Bodybuilding.com [Pf1nDoqx_1A].txt,86
4239,@bodybuildingcom,Muscle-Building Shoulder Workout + Abs： Day 3 ｜ Kris Gethin's 12-Week Muscle-Building Trainer [WfTJabJL1-w],@bodybuildingcom/Muscle-Building Shoulder Workout + Abs： Day 3 ｜ Kris Gethin's 12-Week Muscle-Building Trainer [WfTJabJL1-w].txt,1299
4240,@bodybuildingcom,RSP Chiseled Trainer： Promo - Bodybuilding.com [P2RnxsT6j-E],@bodybuildingcom/RSP Chiseled Trainer： Promo - Bodybuilding.com [P2RnxsT6j-E].txt,51
4241,@bodybuildingcom,CT Fletcher's Commandment #3 Of Muscle Growth - Bodybuilding.com [9KyZE1GJNyU],@bodybuildingcom/CT Fletcher's Commandment #3 Of Muscle Growth - Bodybuilding.com [9KyZE1GJNyU].txt,109
4242,@bodybuildingcom,NFL Combine Trainer： Shuttle Run - Bodybuilding.com [mEefpeCL1ks],@bodybuildingcom/NFL Combine Trainer： Shuttle Run - Bodybuilding.com [mEefpeCL1ks].txt,1694
4243,@bodybuildingcom,Bent Over Two Arm Long Bar Row - Back Exercise - Bodybuilding.com [e8YF8Z_N0-4],@bodybuildingcom/Bent Over Two Arm Long Bar Row - Back Exercise - Bodybuilding.com [e8YF8Z_N0-4].txt,183
4244,@bodybuildingcom,"Fit Dreams Come True With Diana Chaloux Series, Episode #1, Introduction - Bodybuilding.com [MUJOFLWUjoQ]","@bodybuildingcom/Fit Dreams Come True With Diana Chaloux Series, Episode #1, Introduction - Bodybuilding.com [MUJOFLWUjoQ].txt",1727
4245,@bodybuildingcom,Bodybuilding.com Guide to Green Tea [0UXzmvhxFds],@bodybuildingcom/Bodybuilding.com Guide to Green Tea [0UXzmvhxFds].txt,298
4246,@bodybuildingcom,Cable Crossover - Chest Exercise - Bodybuilding.com [aoP0s_MjN-g],@bodybuildingcom/Cable Crossover - Chest Exercise - Bodybuilding.com [aoP0s_MjN-g].txt,148
4247,@bodybuildingcom,Abdominal Anatomy & Training Program ｜ Built By Science [RVigLkx4Tz0],@bodybuildingcom/Abdominal Anatomy & Training Program ｜ Built By Science [RVigLkx4Tz0].txt,2935
4248,@bodybuildingcom,Jamie Eason Trainer Blooper - Bodybuilding.com [2HQ7sHmbotI],@bodybuildingcom/Jamie Eason Trainer Blooper - Bodybuilding.com [2HQ7sHmbotI].txt,72
4249,@bodybuildingcom,Push Your Strength Chest Workout ｜ Jim Stoppani [-EwCdPfHziw],@bodybuildingcom/Push Your Strength Chest Workout ｜ Jim Stoppani [-EwCdPfHziw].txt,1049
4250,@bodybuildingcom,Olympia 2011 Backstage Pass - Bodybuilding.com [FjHZ4j5LDfQ],@bodybuildingcom/Olympia 2011 Backstage Pass - Bodybuilding.com [FjHZ4j5LDfQ].txt,1
4251,@bodybuildingcom,CT Fletcher's Armed Warfare Arm Workout [fsPKfahw-B0],@bodybuildingcom/CT Fletcher's Armed Warfare Arm Workout [fsPKfahw-B0].txt,1765
4252,@bodybuildingcom,Hellcentric Training Will Kick Your Ass ｜ Mike Van Wyck Testimonial [rCd64GrmoG0],@bodybuildingcom/Hellcentric Training Will Kick Your Ass ｜ Mike Van Wyck Testimonial [rCd64GrmoG0].txt,809
4253,@bodybuildingcom,Dumbbell Shrug - Shoulder Exercise - Bodybuilding.com [8lP_eJvClSA],@bodybuildingcom/Dumbbell Shrug - Shoulder Exercise - Bodybuilding.com [8lP_eJvClSA].txt,92
4254,@bodybuildingcom,Figure Dynasty： How Nicole Wilkins Won Her Fourth Olympia - Bodybuilding.com [xV6G3-HNfMg],@bodybuildingcom/Figure Dynasty： How Nicole Wilkins Won Her Fourth Olympia - Bodybuilding.com [xV6G3-HNfMg].txt,2400
4255,@bodybuildingcom,Elite by Bodybuilding.com ｜ Energy + BCAA [cDucT7-zq7k],@bodybuildingcom/Elite by Bodybuilding.com ｜ Energy + BCAA [cDucT7-zq7k].txt,6
4256,@bodybuildingcom,FST-7 Chest & Biceps Workout ｜ Hany Rambod's Ultimate Guide to FST-7 [pZZzyBKH-GY],@bodybuildingcom/FST-7 Chest & Biceps Workout ｜ Hany Rambod's Ultimate Guide to FST-7 [pZZzyBKH-GY].txt,4776
