/Users/bryanantonelli/Library/Python/3.9/lib/python/site-packages/urllib3/__init__.py:35: NotOpenSSLWarning: urllib3 v2 only supports OpenSSL 1.1.1+, currently the 'ssl' module is compiled with 'LibreSSL 2.8.3'. See: https://github.com/urllib3/urllib3/issues/3020
  warnings.warn(

🔍 INGEST STARTUP
• CHANNELS_DIR: /Users/bryanantonelli/forged-by-freedom/ingest/channels
• Pinecone index: forged-freedom-ai
• Embedding model: text-embedding-3-large
• Chunk tokens: 3000
• Episodes to ingest: 4184
🚀 BEGIN INGEST

✅ [1/4184] @FoundMyFitness | How Micronutrients & Exercise Ameliorate Aging ｜ D... | 4 chunks
✅ [2/4184] @FoundMyFitness | The Truth About Alcohol： Risks, Benefits, and Ever... | 13 chunks
✅ [3/4184] @FoundMyFitness | Dr. Brad Schoenfeld： Resistance Training for Time ... | 9 chunks
✅ [4/4184] @FoundMyFitness | Dr. Ben Bikman： How To Reverse Insulin Resistance ... | 13 chunks
✅ [5/4184] @FoundMyFitness | How Heat Therapy Improves Slow Wave Sleep... | 1 chunks
✅ [6/4184] @FoundMyFitness | Chris McGlory, PhD, on the Anabolic Potential of O... | 8 chunks
✅ [7/4184] @FoundMyFitness | Dr. Bill Harris on the Omega-3 Index： Increasing O... | 8 chunks
✅ [8/4184] @FoundMyFitness | Dr. Benjamin Levine： How Exercise Prevents & Rever... | 9 chunks
✅ [9/4184] @FoundMyFitness | Dr. Andy Galpin： The Optimal Diet, Supplement, & R... | 19 chunks
✅ [10/4184] @FoundMyFitness | Dr. Peter Attia on Mastering Longevity – Insights ... | 16 chunks
✅ [11/4184] @FoundMyFitness | How to Improve Metabolic Health with HIIT, Circadi... | 4 chunks
✅ [12/4184] @FoundMyFitness | Ask Me Anything When You Sign Up as a FoundMyFitne... | 1 chunks
✅ [13/4184] @FoundMyFitness | What Microplastics Are Doing to the Brain, Body, a... | 5 chunks
✅ [14/4184] @FoundMyFitness | The Science of Protein and Its Role in Longevity, ... | 3 chunks
✅ [15/4184] @FoundMyFitness | Stuart Phillips, PhD, on Building Muscle with Resi... | 8 chunks
✅ [16/4184] @FoundMyFitness | How To Increase Your Testosterone Levels Naturally... | 13 chunks
✅ [17/4184] @FoundMyFitness | The Brain and Social Impacts of Early Device Expos... | 1 chunks
✅ [18/4184] @FoundMyFitness | George Church, PhD： Rewriting Genomes to Eradicate... | 7 chunks
✅ [19/4184] @FoundMyFitness | Can Psilocybin Treat Depression？... | 1 chunks
✅ [20/4184] @FoundMyFitness | This Supplement Could Cut Your Dementia Risk By 40... | 2 chunks
✅ [21/4184] @FoundMyFitness | Get the Free 9-Page BDNF Protocol Guide： The Cogni... | 1 chunks
✅ [22/4184] @FoundMyFitness | Morgan Levine, PhD, on PhenoAge and the Epigenetic... | 6 chunks
✅ [23/4184] @FoundMyFitness | The Science of Magnesium and Its Role in Aging and... | 5 chunks
✅ [24/4184] @FoundMyFitness | Why You Can’t Sleep (and How to Fix It) ｜  Dr. Mic... | 17 chunks
✅ [25/4184] @FoundMyFitness | Peter Diamandis and Tony Robbins on strategies tha... | 7 chunks
✅ [26/4184] @FoundMyFitness | Dr. Martin Gibala： The Science of Vigorous Exercis... | 11 chunks
✅ [27/4184] @FoundMyFitness | Is there a limit to human longevity？... | 1 chunks
✅ [28/4184] @FoundMyFitness | Dr. Rhonda Patrick： Optimizing Longevity with Micr... | 4 chunks
✅ [29/4184] @FoundMyFitness | Why Exercise Intensity Matters for Longevity ｜ Cro... | 4 chunks
✅ [30/4184] @FoundMyFitness | How to Train According to the Experts... | 14 chunks
✅ [31/4184] @FoundMyFitness | The Longevity & Brain Benefits of Vigorous Exercis... | 4 chunks
✅ [32/4184] @FoundMyFitness | Axel Montagne, PhD, on Solving Alzheimer’s and Dem... | 6 chunks
✅ [33/4184] @FoundMyFitness | Dr. Luc Van Loon： Optimizing Protein Intake & Dist... | 9 chunks
✅ [34/4184] @FoundMyFitness | How to Solve Aging in America (US Senate Testimony... | 1 chunks
✅ [35/4184] @FoundMyFitness | The Optimal Creatine Protocol for Strength, Brain,... | 9 chunks
✅ [36/4184] @FoundMyFitness | Dr. Layne Norton on Building Muscle – Insights on ... | 16 chunks
✅ [37/4184] @FoundMyFitness | Intestinal Permeability： the Bacterial link to Agi... | 4 chunks
✅ [38/4184] @FoundMyFitness | How To Use Coffee To Live Longer (Full Guide & Res... | 4 chunks
✅ [39/4184] @FoundMyFitness | How Vitamin D, Omega-3s, & Exercise May Increase L... | 5 chunks
✅ [40/4184] @FoundMyFitness | Andrew Huberman, PhD： How to Improve Motivation & ... | 16 chunks
✅ [41/4184] @FoundMyFitness | Dr. Ashley Mason on Sauna Use for Depression, Conq... | 8 chunks
✅ [42/4184] @FoundMyFitness | Dr. Eran Elinav on Microbiome Insights into Person... | 7 chunks
✅ [43/4184] @FoundMyFitness | Cold-Water Immersion and Cryotherapy： Neuroendocri... | 1 chunks
✅ [44/4184] @FoundMyFitness | The Science of Exercise for Cancer ｜ Kerry Courney... | 8 chunks
✅ [45/4184] @FoundMyFitness | Try FoundMyFitness Premium for 30-days for free... | 1 chunks
✅ [46/4184] @FoundMyFitness | Can exercise replace alcohol cravings？... | 1 chunks
✅ [47/4184] @FoundMyFitness | Dr. Dominic D'Agostino on Developing a Well-Design... | 12 chunks
✅ [48/4184] @bodybuildingcom | Dead Bug - Abdominal ⧸ Core Exercise Guide... | 1 chunks
✅ [49/4184] @bodybuildingcom | Getting Ripped And Cover Ready - Part 1 - Bodybuil... | 1 chunks
✅ [50/4184] @bodybuildingcom | Define Your Greatness - Show Us Your Beast Body - ... | 1 chunks
✅ [51/4184] @bodybuildingcom | Ava Cowan： Naturally Driven - Ava's Story - Bodybu... | 1 chunks
✅ [52/4184] @bodybuildingcom | 5 Moves To Powerful Pecs ｜ Hunter Labrada's Chest ... | 1 chunks
✅ [53/4184] @bodybuildingcom | Cable Crunch - Abs ⧸ Core Exercise - Bodybuilding.... | 1 chunks
✅ [54/4184] @bodybuildingcom | Ashley Hoffmann Legs Workout ｜ Build Legs You'll L... | 1 chunks
✅ [55/4184] @bodybuildingcom | How To Bench Press： Layne Norton's Complete Guide... | 1 chunks
✅ [56/4184] @bodybuildingcom | NFL Combine Trainer： Shuttle Run - Bodybuilding.co... | 1 chunks
✅ [57/4184] @bodybuildingcom | Train Abs with Ashley Conrad - Bodybuilding.com... | 1 chunks
✅ [58/4184] @bodybuildingcom | Soy Protein Guide - Bodybuilding.com... | 1 chunks
✅ [59/4184] @bodybuildingcom | 5 Moves To Massive Shoulders ｜ Hunter Labrada... | 1 chunks
✅ [60/4184] @bodybuildingcom | Train with Vinny Russo - Bodybuilding.com... | 2 chunks
✅ [61/4184] @bodybuildingcom | Crunches - Ab Exercises - Bodybuilding.com... | 1 chunks
✅ [62/4184] @bodybuildingcom | Gladiator Circuit Workout ｜ Spartacus： Gods of the... | 1 chunks
✅ [63/4184] @bodybuildingcom | Upper-Body Dorm Room Workout ｜ Katie Chung Hua... | 1 chunks
✅ [64/4184] @bodybuildingcom | Ross Bowman ｜ Hellraiser Training Testimonial... | 1 chunks
✅ [65/4184] @bodybuildingcom | Jackknife Sit Up - Core ⧸ Abs - Bodybuilding.com... | 1 chunks
✅ [66/4184] @bodybuildingcom | Ab Roller - Ab Exercises - Bodybuilding.com... | 1 chunks
✅ [67/4184] @bodybuildingcom | MuscleTech Fit Squad Fitness Challenge： Week 1 Vid... | 1 chunks
✅ [68/4184] @bodybuildingcom | Meet the Bodybuilding.com Master Coaches ｜ GABE SN... | 1 chunks
✅ [69/4184] @bodybuildingcom | Back & Biceps With Sonya Vecchiarelli - Bodybuildi... | 1 chunks
✅ [70/4184] @bodybuildingcom | One Arm Dumbbell Row - Back Exercise - Bodybuildin... | 1 chunks
✅ [71/4184] @bodybuildingcom | Jennifer Nicole Lee -- Fitness for Women  - Bodybu... | 1 chunks
✅ [72/4184] @bodybuildingcom | Train Hard & Eat Right For One Solid Year： Louis S... | 1 chunks
✅ [73/4184] @bodybuildingcom | Take a T-levels test to gain health insights with ... | 1 chunks
✅ [74/4184] @bodybuildingcom | James Grage's Rewired Fitness Trainer - Bodybuildi... | 1 chunks
✅ [75/4184] @bodybuildingcom | Standing Calf Raises - Calves Exercise - Bodybuild... | 1 chunks
✅ [76/4184] @bodybuildingcom | Breaking Down the Westside Method ｜ The Westside M... | 1 chunks
✅ [77/4184] @bodybuildingcom | This is Bodybuilding.com： Athletes Version - Bodyb... | 1 chunks
✅ [78/4184] @bodybuildingcom | Power Clean - Back & Legs Exercise - Bodybuilding.... | 1 chunks
✅ [79/4184] @bodybuildingcom | Butt Lift Bridge - Legs ⧸ Glutes Exercise - Bodybu... | 1 chunks
✅ [80/4184] @bodybuildingcom | Jim Stoppani's 6-Week Shortcut To Shred Training P... | 1 chunks
✅ [81/4184] @bodybuildingcom | Ashley Conrad's 21-Day Clutch Cut Training Program... | 1 chunks
✅ [82/4184] @bodybuildingcom | Laura McGraw Fitness 360： Survivor Strong - Bodybu... | 1 chunks
✅ [83/4184] @bodybuildingcom | Jamie Eason's Fish in Foil Recipe -- Bodybuilding.... | 1 chunks
✅ [84/4184] @bodybuildingcom | Bench Press - Chest Exercise - Bodybuilding.com... | 1 chunks
✅ [85/4184] @bodybuildingcom | Seated Cable Rows - Back Exercise - Bodybuilding.c... | 1 chunks
✅ [86/4184] @bodybuildingcom | Seated Bent Over Rear Delt Raise - Shoulder Exerci... | 1 chunks
✅ [87/4184] @bodybuildingcom | Taco Potato Bowls IG：@jalalsamfit#mealprep #highpr... | 1 chunks
✅ [88/4184] @bodybuildingcom | Steve Cook Leg Workout for Strength ｜ Big Man on C... | 1 chunks
✅ [89/4184] @bodybuildingcom | 2011 Employee Transformation Challenge... | 1 chunks
✅ [90/4184] @bodybuildingcom | Ashley Conrad's Upper-Body Circuit Workout - Bodyb... | 1 chunks
✅ [91/4184] @bodybuildingcom | Romanian Deadlift - Leg Exercise - Bodybuilding.co... | 1 chunks
✅ [92/4184] @bodybuildingcom | 25 Years of Bodybuilding.com ｜ The Original Online... | 1 chunks
✅ [93/4184] @bodybuildingcom | #FREAKMODE Alex Savva's 12-Week Fitness Plan ｜ 1-M... | 1 chunks
✅ [94/4184] @bodybuildingcom | Training with Scott Dorn - Bodybuilding.com... | 1 chunks
✅ [95/4184] @bodybuildingcom | Reverse Crunch - Abs ⧸ Core Exercise - Bodybuildin... | 1 chunks
✅ [96/4184] @bodybuildingcom | Becoming a Professional Strongman & Drilling Disci... | 4 chunks
✅ [97/4184] @bodybuildingcom | Building Your Aerobic Base ｜ The Bodybuilding.com ... | 6 chunks
✅ [98/4184] @bodybuildingcom | Kizzito Ejam - 'Lift Life' Bodybuilding.com Ad Cam... | 1 chunks
✅ [99/4184] @bodybuildingcom | WORKOUT PREVIEW： Total Upper Body #1 with Coach Ga... | 1 chunks
✅ [100/4184] @bodybuildingcom | Highlight Reel Olympia 2011 - Bodybuilding.com... | 1 chunks
✅ [101/4184] @bodybuildingcom | 5 Lessons After Running the Berlin Marathon ｜ 26.2... | 1 chunks
✅ [102/4184] @bodybuildingcom | Dips - Triceps Version - Tricep Exercise - Bodybui... | 1 chunks
✅ [103/4184] @bodybuildingcom | Close Grip Bench Press - Tricep ⧸ Chest Exercise -... | 1 chunks
✅ [104/4184] @bodybuildingcom | Fitness 360： Daniel Banks, Swole Patrol - Bodybuil... | 1 chunks
✅ [105/4184] @bodybuildingcom | Fitness, Bikini And Ms  Olympia Finals Post Show R... | 2 chunks
✅ [106/4184] @bodybuildingcom | Barbell Side Bend - Core ⧸ Abs - Bodybuilding.com... | 1 chunks
✅ [107/4184] @bodybuildingcom | David Otunga's Training & Fitness Program - Bodybu... | 2 chunks
✅ [108/4184] @bodybuildingcom | Jamie Eason - Big 'Ol Butt Video - Bodybuilding.co... | 1 chunks
✅ [109/4184] @bodybuildingcom | One-Legged Cable Kickback - Leg Exercise - Bodybui... | 1 chunks
✅ [110/4184] @bodybuildingcom | Meet Your Trainers - Bodybuilding.com... | 1 chunks
✅ [111/4184] @bodybuildingcom | Barbell Hip Thrust - Legs ⧸ Glutes Exercise - Body... | 1 chunks
✅ [112/4184] @bodybuildingcom | Air Bike - Ab Exercises - Bodybuilding.com... | 1 chunks
✅ [113/4184] @bodybuildingcom | The Bodybuilding.com Podcast ｜ Ep. 06 ｜ Ebenezer S... | 6 chunks
✅ [114/4184] @bodybuildingcom | Incline Dumbbell Press - Chest Exercise - Bodybuil... | 1 chunks
✅ [115/4184] @bodybuildingcom | Dips   Chest Version - Chest Exercise - Bodybuildi... | 1 chunks
✅ [116/4184] @bodybuildingcom | CT Fletcher's Armed Warfare Arm Workout... | 1 chunks
✅ [117/4184] @bodybuildingcom | Spartacus War Of The Damned - Arm Workout Intervie... | 2 chunks
✅ [118/4184] @bodybuildingcom | Day 18 ｜ 20 Minute at Home Flexibility Workout ｜ C... | 2 chunks
✅ [119/4184] @bodybuildingcom | Dumbbell Side Bend - Core ⧸ Abs - Bodybuilding.com... | 1 chunks
✅ [120/4184] @bodybuildingcom | IFBB Pro Jessie Hilgenberg's Fitness Journey： Body... | 1 chunks
✅ [121/4184] @bodybuildingcom | From Rebuilding Homes to Rebuilding Bodies ｜ EP 26... | 2 chunks
✅ [122/4184] @bodybuildingcom | Nicole Moneer Fitness Program - Bodybuilding.com... | 1 chunks
✅ [123/4184] @bodybuildingcom | Marc Megna's Lifting Lessons： Barbell Back Squat -... | 1 chunks
✅ [124/4184] @bodybuildingcom | PRO MMA RADIO with Urijah Faber - UFC FAN EXPO - B... | 1 chunks
✅ [125/4184] @bodybuildingcom | Side Lateral Raise - Shoulder Exercise - Bodybuild... | 1 chunks
✅ [126/4184] @bodybuildingcom | How to Get Better Sleep ｜ The Bodybuilding.com Pod... | 6 chunks
✅ [127/4184] @bodybuildingcom | Amanda Latona's Fitness Program... | 1 chunks
✅ [128/4184] @bodybuildingcom | Bodybuilding.com 2023： Year In Review... | 1 chunks
✅ [129/4184] @bodybuildingcom | Julien Greaux's 365 Circuit Trainer - Bodybuilding... | 1 chunks
✅ [130/4184] @bodybuildingcom | Figure Dynasty： How Nicole Wilkins Won Her Fourth ... | 1 chunks
✅ [131/4184] @bodybuildingcom | Nutrition & Shopping ｜ Day 3_12-Week Hardcore Dail... | 1 chunks
✅ [132/4184] @bodybuildingcom | Terminator Genisys Trailer： Arnold Schwarzenegger ... | 1 chunks
✅ [133/4184] @bodybuildingcom | Pullups -  Back Exercise - Bodybuilding.com... | 1 chunks
✅ [134/4184] @bodybuildingcom | Your Transformation Is Our Passion ｜ 2010 Bodybuil... | 1 chunks
✅ [135/4184] @bodybuildingcom | Jaquelyn Kastelic's Training & Fitness Program - B... | 1 chunks
✅ [136/4184] @bodybuildingcom | Lee Labrada announces Transformation Winners... | 1 chunks
✅ [137/4184] @bodybuildingcom | 30 Minute at Home Strength Workout： Day 8 ｜ Clutch... | 3 chunks
✅ [138/4184] @bodybuildingcom | CT Fletcher's Commandment #7 Of Muscle Growth - Bo... | 1 chunks
✅ [139/4184] @bodybuildingcom | The Top Health Benefits of Sauna Therapy ｜ Ep. 20 ... | 5 chunks
✅ [140/4184] @bodybuildingcom | Spider Curl - Biceps Exercise - Bodybuilding.com... | 1 chunks
✅ [141/4184] @bodybuildingcom | Meet the Newest Bodybuilding.com Coaches ｜ Workout... | 1 chunks
✅ [142/4184] @bodybuildingcom | Train Abs with Mario Lopez - Bodybuilding.com... | 1 chunks
✅ [143/4184] @bodybuildingcom | How I Became Jamie Eason's Cart Boy -- Bodybuildin... | 1 chunks
✅ [144/4184] @bodybuildingcom | Ashley Conrad's 7-Day Clutch Cleanse - Bodybuildin... | 1 chunks
✅ [145/4184] @bodybuildingcom | 2011 Arnold Classic Rap - Bodybuilding.com... | 1 chunks
✅ [146/4184] @bodybuildingcom | Becoming The Beast ｜ Nick Scott Fitness 360... | 1 chunks
✅ [147/4184] @bodybuildingcom | Getting Ripped and Cover Ready - Part 2 - Bodybuil... | 1 chunks
✅ [148/4184] @bodybuildingcom | Look Strong, Lift Strong： Layne Norton's Legs And ... | 1 chunks
✅ [149/4184] @bodybuildingcom | Plank ⧸ Planking - Ab Exercises - Bodybuilding.com... | 1 chunks
✅ [150/4184] @bodybuildingcom | Training With Nikia Dyson -- Bodybuilding.com... | 1 chunks
✅ [151/4184] @bodybuildingcom | Testosterone Replacement Therapy (TRT)： What You N... | 1 chunks
✅ [152/4184] @bodybuildingcom | BodySpace Demo Part 2： Dashboard Introduction and ... | 1 chunks
✅ [153/4184] @bodybuildingcom | Ashley Horner's Full-Body Tabata Workout... | 1 chunks
✅ [154/4184] @bodybuildingcom | Fit Dreams Come True With Diana Chaloux Series, Ep... | 1 chunks
✅ [155/4184] @bodybuildingcom | Natural Ways To Boost Testosterone... | 1 chunks
✅ [156/4184] @bodybuildingcom | Stop Doing Leg Extensions Like This!!! #legextensi... | 1 chunks
✅ [157/4184] @bodybuildingcom | Dorian Yates Answers Bodybuilding.com Fans Top 5 Q... | 1 chunks
✅ [158/4184] @bodybuildingcom | Tricep Dumbbell Kickback - Tricep Exercise - Bodyb... | 1 chunks
✅ [159/4184] @bodybuildingcom | Kris Gethin & Team Grenade Ab Workout - Bodybuildi... | 2 chunks
✅ [160/4184] @bodybuildingcom | Throwback Shoulder Workout with James Grage and Wh... | 2 chunks
✅ [161/4184] @bodybuildingcom | Standing Dumbbell Upright Row - Shoulder Exercise ... | 1 chunks
✅ [162/4184] @bodybuildingcom | Seth Feroce's Training & Fitness Program - Bodybui... | 1 chunks
✅ [163/4184] @bodybuildingcom | WORKOUT PREVIEW： Strength for Athletes #1 with Coa... | 1 chunks
✅ [164/4184] @bodybuildingcom | Arnold Dumbbell Press - Shoulder Exercise - Bodybu... | 1 chunks
✅ [165/4184] @bodybuildingcom | Ashley Conrad's High-Intensity Leg Circuit Workout... | 1 chunks
✅ [166/4184] @bodybuildingcom | 20 Minute at Home Flexibility Workout ｜ Clutch Lif... | 2 chunks
✅ [167/4184] @bodybuildingcom | Meet Bodybuilding.com Master Coach ｜ CRAIG BONGELL... | 1 chunks
✅ [168/4184] @bodybuildingcom | 2012 Mr. Olympia Highlight Reel - Bodybuilding.com... | 1 chunks
✅ [169/4184] @bodybuildingcom | Bodybuilding.com Spokesmodel Search 2016, presente... | 1 chunks
✅ [170/4184] @bodybuildingcom | Rodney Razor's Training, Diet, and Nutrition Progr... | 1 chunks
✅ [171/4184] @bodybuildingcom | Ashley Schutz  - 'Lift Life' Bodybuilding.com Ad C... | 1 chunks
✅ [172/4184] @bodybuildingcom | Program Overview ｜ Cory Gregory's Squat Every Day ... | 1 chunks
✅ [173/4184] @bodybuildingcom | Get Mile Wide - Brandan Fokken's Mile-Wide-Shoulde... | 1 chunks
✅ [174/4184] @bodybuildingcom | Intentional Movement Theories & Finding Spirituali... | 4 chunks
✅ [175/4184] @bodybuildingcom | CT Fletcher's Commandment #1 Of Muscle Growth - Bo... | 1 chunks
✅ [176/4184] @bodybuildingcom | Breaking Down the Results of Four Weeks Training a... | 1 chunks
✅ [177/4184] @bodybuildingcom | Marc Megna's Lifting Lessons： Barbell Biceps Curl ... | 1 chunks
✅ [178/4184] @bodybuildingcom | Elite by Bodybuilding.com ｜ Thermo + BCAA... | 1 chunks
✅ [179/4184] @bodybuildingcom | Day 1 ｜ 30 Minute at Home Strength Workout ｜ Clutc... | 3 chunks
✅ [180/4184] @bodybuildingcom | Clean and Jerk - Shoulders ⧸ Legs ⧸ Back Exercise ... | 1 chunks
✅ [181/4184] @bodybuildingcom | Kris Gethin's Quad Radical Equation Workout - Leg ... | 2 chunks
✅ [182/4184] @bodybuildingcom | One-Arm Dumbbell Row - Back Exercise - Bodybuildin... | 1 chunks
✅ [183/4184] @bodybuildingcom | Back Anatomy & Training Program ｜ Built By Science... | 2 chunks
✅ [184/4184] @bodybuildingcom | NFL Combine Trainer： Vertical Jump - Bodybuilding.... | 1 chunks
✅ [185/4184] @bodybuildingcom | Living Large： Jay Cutler's 8-Week Mass-Building Tr... | 1 chunks
✅ [186/4184] @bodybuildingcom | Add Strength & Size With Mike O'Hearn's Power Body... | 1 chunks
✅ [187/4184] @bodybuildingcom | At Home Cardio and Core Workout ｜ Clutch Life： Ash... | 4 chunks
✅ [188/4184] @bodybuildingcom | The Bodybuilding.com Podcast ｜ Ep. 08 ｜ Kristen Le... | 5 chunks
✅ [189/4184] @bodybuildingcom | Abel Albonetti's Ultimate Back Workout... | 1 chunks
✅ [190/4184] @bodybuildingcom | Ben Affleck's Nutrition Plan for ＂The Town＂ by Reh... | 1 chunks
✅ [191/4184] @bodybuildingcom | Smith Machine Squat - Leg Exercise - Bodybuilding.... | 1 chunks
✅ [192/4184] @bodybuildingcom | Lee Labrada 12-Week Lean Body Workout & Diet - Bod... | 1 chunks
✅ [193/4184] @bodybuildingcom | Bill Phillips & Ryan DeLuca： Titans Of Transformat... | 1 chunks
✅ [194/4184] @bodybuildingcom | Wide-Back, Boulder-Shoulder Workout ｜ Chad Hollmer... | 1 chunks
✅ [195/4184] @bodybuildingcom | NFL Combine Trainer： Overview - Bodybuilding.com... | 1 chunks
✅ [196/4184] @bodybuildingcom | 2015 True Strength Student Challenge - Let's Do Th... | 1 chunks
✅ [197/4184] @bodybuildingcom | Ashley Conrad's 21-Day Clutch Cut Training Program... | 2 chunks
✅ [198/4184] @bodybuildingcom | Ben Affleck's Training  For ＂The Town＂ by Rehan Ja... | 1 chunks
✅ [199/4184] @bodybuildingcom | Orange Almond Biscotti Cookies Recipe ｜ Jamie Easo... | 1 chunks
✅ [200/4184] @bodybuildingcom | Brendy Scheerer's Training & Fitness Program - Bod... | 1 chunks
✅ [201/4184] @bodybuildingcom | WORKOUT PREVIEW： Lower Body #2 with Kristen Letten... | 1 chunks
✅ [202/4184] @bodybuildingcom | It's Your Life (Motocross) ｜ 2010 Bodybuilding.com... | 1 chunks
✅ [203/4184] @bodybuildingcom | How to Increase Mile Splits with 5K Blocks ｜ 26.2 ... | 1 chunks
✅ [204/4184] @bodybuildingcom | Steve Cook's Big Man On Campus Training Program ｜ ... | 1 chunks
✅ [205/4184] @bodybuildingcom | Arm Building Superset Workout ｜ Brian Casad... | 1 chunks
✅ [206/4184] @bodybuildingcom | Push Press - Shoulder Exercise - Bodybuilding.com... | 1 chunks
✅ [207/4184] @bodybuildingcom | 40 Minute at Home Full-Body Workout： Day 20 ｜ Clut... | 3 chunks
✅ [208/4184] @bodybuildingcom | Push Your Strength Chest Workout ｜ Jim Stoppani... | 1 chunks
✅ [209/4184] @bodybuildingcom | Week 2 Prep Contest - $200,000 Transformation Chal... | 1 chunks
✅ [210/4184] @bodybuildingcom | Remix Nutrition, by Bodybuilding.com ｜ Gaming Supp... | 1 chunks
✅ [211/4184] @bodybuildingcom | Train Large ｜ Jay Cutler Living Large ｜ Mass-Build... | 2 chunks
✅ [212/4184] @bodybuildingcom | The 21-Day Bizzy Diet Trainer： Trailer - Bodybuild... | 1 chunks
✅ [213/4184] @bodybuildingcom | Stiff Legged Dumbbell Deadlift - Legs ⧸ Glutes Exe... | 1 chunks
✅ [214/4184] @bodybuildingcom | Seated Barbell Military Press - Shoulder Exercise ... | 1 chunks
✅ [215/4184] @bodybuildingcom | Jimmy Peña's Power Rack Training Episode 2： Partia... | 1 chunks
✅ [216/4184] @bodybuildingcom | High-Volume Leg Workout： 12-Week Hardcore Daily Vi... | 1 chunks
✅ [217/4184] @bodybuildingcom | Mike O'Hearn's Chest Workout ｜ Power Bodybuilding ... | 1 chunks
✅ [218/4184] @bodybuildingcom | Jamie Eason's Tips & Techniques - Bodybuilding.com... | 1 chunks
✅ [219/4184] @bodybuildingcom | Not Hungry After Workout #nutrition #hunger... | 1 chunks
✅ [220/4184] @bodybuildingcom | Glute Ham Raise - Legs ⧸ Glutes Exercise - Bodybui... | 1 chunks
✅ [221/4184] @bodybuildingcom | Erin Stern's Training & Fitness Program... | 1 chunks
✅ [222/4184] @bodybuildingcom | EP. 30 ｜ Craig Bongelli ｜ Building Muscle Mass and... | 4 chunks
✅ [223/4184] @bodybuildingcom | Cory Gregory's Squat Every Day Trainer ｜ Trailer... | 1 chunks
✅ [224/4184] @bodybuildingcom | Legs Like Jessie's： Hilgenberg's 7-Move Lower Body... | 1 chunks
✅ [225/4184] @bodybuildingcom | Alicia Harris' Training & Fitness Program - Bodybu... | 1 chunks
✅ [226/4184] @bodybuildingcom | Dumbbell Workout Inspo IG： alexabergfit #upperbody... | 1 chunks
✅ [227/4184] @bodybuildingcom | CT Fletcher's Commandment #3 Of Muscle Growth - Bo... | 1 chunks
✅ [228/4184] @bodybuildingcom | Whey Protein Guide - Bodybuilding.com... | 1 chunks
✅ [229/4184] @bodybuildingcom | Dumbbell Triceps Extension - Tricep Exercise - Bod... | 1 chunks
✅ [230/4184] @bodybuildingcom | Finding Inspiration In Nature! Watch the entire se... | 1 chunks
✅ [231/4184] @bodybuildingcom | Rachel Flint's Training & Fitness Program - Bodybu... | 1 chunks
✅ [232/4184] @bodybuildingcom | Chest and Triceps Workout ｜ Kris Gethin's 12-Week ... | 1 chunks
✅ [233/4184] @bodybuildingcom | 2013 Arnold Classic ⧸ Sports Festival Highlight Re... | 1 chunks
✅ [234/4184] @bodybuildingcom | Butt Lift (Bridge) - Leg Exercise - Bodybuilding.c... | 1 chunks
✅ [235/4184] @bodybuildingcom | Barbell Shoulder Press - Shoulder Exercise - Bodyb... | 1 chunks
✅ [236/4184] @bodybuildingcom | Ashley Horner's Stronger-Legs Workout... | 1 chunks
✅ [237/4184] @bodybuildingcom | At Home Training Program ｜ Clutch Life： Ashley Con... | 1 chunks
✅ [238/4184] @bodybuildingcom | Lower-Body Dorm Room Workout ｜ Katie Chung Hua... | 1 chunks
✅ [239/4184] @bodybuildingcom | Behind The Back Wrist Curl - Forearm Exercise - Bo... | 1 chunks
✅ [240/4184] @bodybuildingcom | Three-move Calf Workout ｜ IFBB Pro Jake Alvarez... | 1 chunks
✅ [241/4184] @bodybuildingcom | Straight Arm Pulldown Technique #backday #workout... | 1 chunks
✅ [242/4184] @bodybuildingcom | Bill Phillips BACK TO FIT 12-Week Trainer： Back To... | 2 chunks
✅ [243/4184] @bodybuildingcom | Sean Sarantos Fitness Program - Bodybuilding.com... | 1 chunks
✅ [244/4184] @bodybuildingcom | Glutes Training Guide ｜ IFBB Bikini Pro Amanda Lat... | 1 chunks
✅ [245/4184] @bodybuildingcom | Race for the Cure 2011 News Clip - Bodybuilding.co... | 1 chunks
✅ [246/4184] @bodybuildingcom | Clay Guida's Fitness Program - Bodybuilding.com... | 2 chunks
✅ [247/4184] @bodybuildingcom | Final Approach To Fitness： Cellucor's Dan Lourenco... | 1 chunks
✅ [248/4184] @bodybuildingcom | Leg Press - Leg Exercise - Bodybuilding.com... | 1 chunks
✅ [249/4184] @bodybuildingcom | 2014 Olympia Webcast Highlights Reel... | 1 chunks
✅ [250/4184] @bodybuildingcom | Waxy Maize Guide - Bodybuilding.com... | 1 chunks
✅ [251/4184] @bodybuildingcom | Elite by Bodybuilding.com ｜ Ultimate Pre Stim-Free... | 1 chunks
✅ [252/4184] @bodybuildingcom | At Home Cardio and Core Workout： Day 9 ｜ Clutch Li... | 4 chunks
✅ [253/4184] @bodybuildingcom | Built by Science ｜ Anatomy, Biomechanics & 6-Week ... | 1 chunks
✅ [254/4184] @bodybuildingcom | 12-Week Hardcore Daily Video Trainer With Kris Get... | 1 chunks
✅ [255/4184] @bodybuildingcom | 40 Minute at Home Strength Workout： Day 10 ｜ Clutc... | 3 chunks
✅ [256/4184] @bodybuildingcom | Bodybuilding.com Guide to Glutamine... | 1 chunks
✅ [257/4184] @bodybuildingcom | Hanging Leg Raise - Core ⧸ Abs - Bodybuilding.com... | 1 chunks
✅ [258/4184] @bodybuildingcom | Ronnie Milo's MVP Leg Workout... | 1 chunks
✅ [259/4184] @bodybuildingcom | Steve Cook's Shoulders & Traps Workout ｜ Big Man o... | 1 chunks
✅ [260/4184] @bodybuildingcom | Farmer's Walk - Forearm Exercise - Bodybuilding.co... | 1 chunks
✅ [261/4184] @bodybuildingcom | At Home Cardio and Core Workout： Day 23 ｜ Clutch L... | 5 chunks
✅ [262/4184] @bodybuildingcom | How To Deadlift： Layne Norton's Complete Guide... | 1 chunks
✅ [263/4184] @bodybuildingcom | 2010 Joe Weider Interview - The Father of Modern B... | 1 chunks
✅ [264/4184] @bodybuildingcom | Nutrition Overview ｜ Jim Stoppani's Shortcut to Sh... | 2 chunks
✅ [265/4184] @bodybuildingcom | Give Yourself One Good Year! Louis Sheppard Testim... | 1 chunks
✅ [266/4184] @bodybuildingcom | It's Your Life (Football) ｜ 2010 Bodybuilding.com ... | 1 chunks
✅ [267/4184] @bodybuildingcom | $200,000 Transformation Challenge - Week 8 Challen... | 1 chunks
✅ [268/4184] @bodybuildingcom | Jamie Eason's Post-Pregnancy Trainer： Program Over... | 1 chunks
✅ [269/4184] @bodybuildingcom | Triceps Dumbbell Kickback - Triceps Exercise - Bod... | 1 chunks
✅ [270/4184] @bodybuildingcom | Bodybuilding.com Guide to Glucosamine... | 1 chunks
✅ [271/4184] @bodybuildingcom | 45 Minute at Home Strength Workout： Day 17 ｜ Clutc... | 3 chunks
✅ [272/4184] @bodybuildingcom | Concentration Curls - Biceps Exercise - Bodybuildi... | 1 chunks
✅ [273/4184] @bodybuildingcom | Straight Arm Pulldown - Back Exercise - Bodybuildi... | 1 chunks
✅ [274/4184] @bodybuildingcom | 19-Minute Gladiator Workout ｜ Tyrone Bell： Spartac... | 1 chunks
✅ [275/4184] @bodybuildingcom | Leg Crushing Workout Part 1 ｜ Dorian Yates' Blood ... | 1 chunks
✅ [276/4184] @bodybuildingcom | Fighting Shape - Ryan Bader MMA Workout - Bodybuil... | 1 chunks
✅ [277/4184] @bodybuildingcom | CT Fletcher's Commandment #5 Of Muscle Growth - Bo... | 1 chunks
✅ [278/4184] @bodybuildingcom | Jen Jewell's Training & Fitness Program - Bodybuil... | 1 chunks
✅ [279/4184] @bodybuildingcom | 45 Minute at Home Strength Workout： Day 24 ｜ Clutc... | 3 chunks
✅ [280/4184] @bodybuildingcom | Putting Community First & The Rise of Run Clubs ｜ ... | 3 chunks
✅ [281/4184] @bodybuildingcom | It's Your Life (MMA) ｜ 2010 Bodybuilding.com Comme... | 1 chunks
✅ [282/4184] @bodybuildingcom | Barbell Deadlift - Leg & Back Exercise - Bodybuild... | 1 chunks
✅ [283/4184] @bodybuildingcom | Jamie Eason's Lemon Protein Bars - Bodybuilding.co... | 1 chunks
✅ [284/4184] @bodybuildingcom | Marc Megna's Lifting Lessons： Single-Arm Dumbbell ... | 1 chunks
✅ [285/4184] @bodybuildingcom | Bodybuilding.com Guide to Green Tea... | 1 chunks
✅ [286/4184] @bodybuildingcom | Jamie Eason 3-Bean Turkey Chili Recipe -- Bodybuil... | 1 chunks
✅ [287/4184] @bodybuildingcom | Chest Workout with Derek Charlebois - Bodybuilding... | 1 chunks
✅ [288/4184] @bodybuildingcom | Athlete ｜ Bodybuilding.com Commercial... | 1 chunks
✅ [289/4184] @bodybuildingcom | Carl Roberts' Training & Fitness Program - Bodybui... | 1 chunks
✅ [290/4184] @bodybuildingcom | Chin-Up - Back Exercise - Bodybuilding.com... | 1 chunks
✅ [291/4184] @bodybuildingcom | Jamie Eason's Turkey Meatloaf Muffins - Bodybuildi... | 1 chunks
✅ [292/4184] @bodybuildingcom | 2011 Arnold Sports Festival： Pro's Vs. Bro's Chari... | 1 chunks
✅ [293/4184] @bodybuildingcom | Training at Westside Barbell After 10 Years ｜ The ... | 1 chunks
✅ [294/4184] @bodybuildingcom | Bodybuilding.com Core Values... | 2 chunks
✅ [295/4184] @bodybuildingcom | CT Fletcher's Commandment #8 Of Muscle Growth - Bo... | 1 chunks
✅ [296/4184] @bodybuildingcom | Running Sub 3_30 at The Berlin Marathon ｜ 26.2 THE... | 1 chunks
✅ [297/4184] @bodybuildingcom | New Workout Clothes - B-Elite Series from Bodybuil... | 1 chunks
✅ [298/4184] @bodybuildingcom | Standing Cable Wood Chop  - Core ⧸ Abs - Bodybuild... | 1 chunks
✅ [299/4184] @bodybuildingcom | Choosing the Right Footwear For Movement ｜ The Bod... | 5 chunks
✅ [300/4184] @bodybuildingcom | World's #1 Online Supplement Store ｜ Bodybuilding.... | 1 chunks
✅ [301/4184] @bodybuildingcom | Italian Turkey Burgers ｜ Jamie Eason's LiveFit Rec... | 1 chunks
✅ [302/4184] @bodybuildingcom | CT Fletcher's Commandment #2 Of Muscle Growth - Bo... | 1 chunks
✅ [303/4184] @bodybuildingcom | Bodybuilding.com Guide to Amino Acids... | 1 chunks
✅ [304/4184] @bodybuildingcom | Ultimate Surprise - Bodybuilding.com's 2015 $200k ... | 2 chunks
✅ [305/4184] @bodybuildingcom | Hang Clean - Shoulders ⧸ Legs ⧸ Back Exercise - Bo... | 1 chunks
✅ [306/4184] @bodybuildingcom | Meet the Bodybuilding.com Master Coaches ｜ YADIRA ... | 1 chunks
✅ [307/4184] @bodybuildingcom | Transformation ｜ Bodybuilding.com Commercial... | 1 chunks
✅ [308/4184] @bodybuildingcom | Close Grip Front Lat Pulldown - Back Exercise - Bo... | 1 chunks
✅ [309/4184] @bodybuildingcom | Meet the Bodybuilding.com Master Coaches ｜ HARRY V... | 1 chunks
✅ [310/4184] @bodybuildingcom | Cajun Chicken and Sausage Meal Prep IG： lisabrunol... | 1 chunks
✅ [311/4184] @bodybuildingcom | How to Heal Through Full Body Acupuncture ｜ The Bo... | 4 chunks
✅ [312/4184] @bodybuildingcom | Rack Pulls - Back Exercise - Bodybuilding.com... | 1 chunks
✅ [313/4184] @bodybuildingcom | WORKOUT PREVIEW： Upper Body #1 with Coach Yaya Var... | 1 chunks
✅ [314/4184] @bodybuildingcom | $200K Transformation Challenge 2015 Promo (30 Sec)... | 1 chunks
✅ [315/4184] @bodybuildingcom | Colton Leonard's Training & Fitness Program - Body... | 1 chunks
✅ [316/4184] @bodybuildingcom | Training With Kizzito Ejam - Bodybuilding.com... | 2 chunks
✅ [317/4184] @bodybuildingcom | The 21-Day Bizzy Diet Trainer： Workout B - Bodybui... | 1 chunks
✅ [318/4184] @bodybuildingcom | Kendall's Kitchen： Thai Turkey Satay Skewers - Bod... | 1 chunks
✅ [319/4184] @bodybuildingcom | Strawberry Lemonade Amino Ice Pops ｜ Lais DeLeon... | 1 chunks
✅ [320/4184] @bodybuildingcom | Terry Crews' Cobra Back Workout (HD) - Bodybuildin... | 1 chunks
✅ [321/4184] @bodybuildingcom | Fitness 360： Abel Albonetti, Model Behavior - Body... | 1 chunks
✅ [322/4184] @bodybuildingcom | Kris Gethin's DTP Trailer - Bodybuilding.com... | 1 chunks
✅ [323/4184] @bodybuildingcom | Layne Norton - Competition Tips - Peak Week (SD)... | 1 chunks
✅ [324/4184] @bodybuildingcom | Bodybuilding.com Guide to Flax Seed Oil... | 1 chunks
✅ [325/4184] @bodybuildingcom | Unlock Flexibility： Dynamic Stretches Using a Box!... | 1 chunks
✅ [326/4184] @bodybuildingcom | Jesse Norris ｜ 800 Deadlift in the Animal Cage... | 1 chunks
✅ [327/4184] @bodybuildingcom | CT Fletcher's 10 Commandments Of Muscle Growth - B... | 1 chunks
✅ [328/4184] @bodybuildingcom | Bodybuilding.com $100,000 Transformation Challenge... | 1 chunks
✅ [329/4184] @bodybuildingcom | Calum von Moger's 20-Minute Chest Blast... | 1 chunks
✅ [330/4184] @bodybuildingcom | Brooke Erickson's Fitness Program - Bodybuilding.c... | 1 chunks
✅ [331/4184] @bodybuildingcom | Carbon by Layne Norton Now Available On Bodybuildi... | 1 chunks
✅ [332/4184] @bodybuildingcom | Marc Megna's Training & Fitness Program - Bodybuil... | 2 chunks
✅ [333/4184] @bodybuildingcom | Steve Nash Explains Why He Uses OneBode - Bodybuil... | 1 chunks
✅ [334/4184] @bodybuildingcom | Learn how to manipulate your body weight... | 1 chunks
✅ [335/4184] @bodybuildingcom | Leg Extensions - Leg Exercise - Bodybuilding.com... | 1 chunks
✅ [336/4184] @bodybuildingcom | Bodybuilding.com CEO Takes The ALS Ice Bucket Chal... | 1 chunks
✅ [337/4184] @bodybuildingcom | Get your heart rate working with your goals 💪... | 1 chunks
✅ [338/4184] @bodybuildingcom | Ashley Horner's Sucking-Wind Stair Workout! ｜ Outd... | 1 chunks
✅ [339/4184] @bodybuildingcom | Delt Demolition Workout ｜ Calum Von Moger... | 1 chunks
✅ [340/4184] @bodybuildingcom | ESPN ｜ 2010 Bodybuilding.com Commercial... | 1 chunks
✅ [341/4184] @bodybuildingcom | Decline Reverse Crunch - Ab Exercise - Bodybuildin... | 1 chunks
✅ [342/4184] @bodybuildingcom | 30 Minute at Home Strength Workout： Day 15 ｜ Clutc... | 3 chunks
✅ [343/4184] @bodybuildingcom | Ab Crunch Machine - Core ⧸ Abs - Bodybuilding.com... | 1 chunks
✅ [344/4184] @bodybuildingcom | Jay Cutler Curls in the Elevator ｜ We Lift This... | 1 chunks
✅ [345/4184] @bodybuildingcom | MuscleTech Fit Squad Fitness Challenge： Week 2 Vid... | 1 chunks
✅ [346/4184] @bodybuildingcom | Adam Meyer  & Billy Beck Workout - Bodybuilding.co... | 1 chunks
✅ [347/4184] @bodybuildingcom | How To Make Progress in The Gym #gymtips... | 1 chunks
✅ [348/4184] @bodybuildingcom | Craig Capurso's Fitness 360 - Bodybuilding.com... | 2 chunks
✅ [349/4184] @bodybuildingcom | 5 Back-Busting Exercises ｜ Dorian Yates' Blood & G... | 1 chunks
✅ [350/4184] @bodybuildingcom | Jamie Eason's Pumpkin Bar Recipe - Bodybuilding.co... | 1 chunks
✅ [351/4184] @bodybuildingcom | The Incredible Shrinking Man ｜ Jesse Shand Lost 35... | 2 chunks
✅ [352/4184] @bodybuildingcom | Ashley Conrad's 21-Day Clutch Cut Training Program... | 1 chunks
✅ [353/4184] @bodybuildingcom | Bodybuilding.com Guide to Casein Protein... | 1 chunks
✅ [354/4184] @bodybuildingcom | Fitness 360： Kendall Lou Schmidt, Model Instructor... | 1 chunks
✅ [355/4184] @bodybuildingcom | Terry Crews Workout for Expendables... | 1 chunks
✅ [356/4184] @bodybuildingcom | Kris Gethin's Shoulder Annihilation Workout - Body... | 1 chunks
✅ [357/4184] @bodybuildingcom | Bodybuilding.com Guide to Arginine... | 1 chunks
✅ [358/4184] @bodybuildingcom | Stomach Vacuum ｜ Ab Exercises Guide... | 1 chunks
✅ [359/4184] @bodybuildingcom | Abs, Hybrid Training & Menopause Training ｜ The Bo... | 9 chunks
✅ [360/4184] @bodybuildingcom | Mike O'Hearn's Back Workout ｜ Power Bodybuilding T... | 1 chunks
✅ [361/4184] @bodybuildingcom | 2012 Bodybuilding.com Employee Transformations... | 1 chunks
✅ [362/4184] @bodybuildingcom | Running 20 Miles + Recovery ｜ 26.2 THE ROAD TO BER... | 1 chunks
✅ [363/4184] @bodybuildingcom | Variation 5 Front squat finalv3... | 1 chunks
✅ [364/4184] @bodybuildingcom | Shoulder-Gains Workout ｜ IFBB Pro Jake Alvarez... | 1 chunks
✅ [365/4184] @bodybuildingcom | Search For The Golden Shaker - Bodybuilding.com... | 1 chunks
✅ [366/4184] @bodybuildingcom | Cable Crossover - Chest Exercise - Bodybuilding.co... | 1 chunks
✅ [367/4184] @bodybuildingcom | Funny entrance at BodySpace Spokesmodel Search - V... | 1 chunks
✅ [368/4184] @bodybuildingcom | Bodybuilding Delts & Triceps Workout ｜ Dorian Yate... | 1 chunks
✅ [369/4184] @bodybuildingcom | Jens Pulver's MMA ｜ 2010 Bodybuilding.com Commerci... | 1 chunks
✅ [370/4184] @bodybuildingcom | 5 Move Leg Workout for Mass ｜ Hunter Labrada... | 1 chunks
✅ [371/4184] @bodybuildingcom | Jamie Eason's Chocolate Protein Bars - Bodybuildin... | 1 chunks
✅ [372/4184] @bodybuildingcom | Upright Barbell Row - Shoulder Exercise - Bodybuil... | 1 chunks
✅ [373/4184] @bodybuildingcom | Chest Anatomy & Training Program ｜ Built By Scienc... | 2 chunks
✅ [374/4184] @bodybuildingcom | 45 Minute at Home Bodyweight Workout： Day 27 ｜ Clu... | 2 chunks
✅ [375/4184] @bodybuildingcom | What is Bodybuilding.com？ ｜ 2010 Bodybuilding.com ... | 1 chunks
✅ [376/4184] @bodybuildingcom | 5 Natural Ways To Burn More Calories... | 1 chunks
✅ [377/4184] @bodybuildingcom | Train with Preston Noble - Bodybuilding.com... | 1 chunks
✅ [378/4184] @bodybuildingcom | Bodybuilding.com Guide to Fish Oil... | 1 chunks
✅ [379/4184] @bodybuildingcom | Training with Felicia Romero -- Bodybuilding.com... | 2 chunks
✅ [380/4184] @bodybuildingcom | 2013 Bodybuilding.com $100,000 Transformation Chal... | 1 chunks
✅ [381/4184] @bodybuildingcom | Dumbbell Shrug - Shoulder Exercise - Bodybuilding.... | 1 chunks
✅ [382/4184] @bodybuildingcom | How To： Lat Pull Down #latpulldown #workouttips... | 1 chunks
✅ [383/4184] @bodybuildingcom | Ashley Conrad's 21-Day Clutch Cut Training Program... | 1 chunks
✅ [384/4184] @bodybuildingcom | Kai Greene： A New Breed - Vol 2 Redemption - Bodyb... | 1 chunks
✅ [385/4184] @bodybuildingcom | Jamie Eason 12 Week Trainer Intro - Bodybuilding.c... | 1 chunks
✅ [386/4184] @bodybuildingcom | Jerome Mayberry's 10 Commandments Of The Weight Ro... | 1 chunks
✅ [387/4184] @bodybuildingcom | Kai Greene Dynamik Muscle Supplements Available At... | 1 chunks
✅ [388/4184] @bodybuildingcom | Shane Raymond's Full Fitness Plan -  Fitness 360： ... | 1 chunks
✅ [389/4184] @bodybuildingcom | Duel： Marc Megna's 6-Week Partner-Based Muscle-Bui... | 1 chunks
✅ [390/4184] @bodybuildingcom | Ph3： Layne Norton's Power And Hypertrophy Trainer ... | 1 chunks
✅ [391/4184] @bodybuildingcom | Bodybuilding.com： Train Like the Striking Truth St... | 1 chunks
✅ [392/4184] @bodybuildingcom | Triceps Pushdown - Tricep Exercise - Bodybuilding.... | 1 chunks
✅ [393/4184] @bodybuildingcom | The BEST Shoulders & Triceps Workout... | 1 chunks
✅ [394/4184] @bodybuildingcom | Change Your Life - Goal, Plan, Track, & Motivate w... | 1 chunks
✅ [395/4184] @bodybuildingcom | Reverse Flyes - Shoulder Exercise - Bodybuilding.c... | 1 chunks
✅ [396/4184] @bodybuildingcom | CT Fletcher's Commandment #4 Of Muscle Growth - Bo... | 1 chunks
✅ [397/4184] @bodybuildingcom | Milk Thistle Guide - Bodybuilding.com... | 1 chunks
✅ [398/4184] @bodybuildingcom | Bent Over Two Arm Long Bar Row - Back Exercise - B... | 1 chunks
✅ [399/4184] @bodybuildingcom | The Daily Buzz Interviews Jamie Eason - 2013 Bodyb... | 1 chunks
✅ [400/4184] @bodybuildingcom | Jamie Eason's Carrot Cake Protein Bars - Bodybuild... | 1 chunks
✅ [401/4184] @bodybuildingcom | Fitness 360： Alex Savva, Fit Freak - Bodybuilding.... | 1 chunks
✅ [402/4184] @bodybuildingcom | $100,000 Transformation Challenge by ON & Bodybuil... | 1 chunks
✅ [403/4184] @bodybuildingcom | Bodybuilding.com Military Appreciation Award... | 1 chunks
✅ [404/4184] @bodybuildingcom | 7 Must-Do Hacks For Huge Arms ｜ Hunter Labrada... | 1 chunks
✅ [405/4184] @bodybuildingcom | Seated Barbell Military Press - Shoulder Exercise ... | 1 chunks
✅ [406/4184] @bodybuildingcom | Preacher Curl - Biceps Exercise - Bodybuilding.com... | 1 chunks
✅ [407/4184] @bodybuildingcom | Training with Lindsay Kaye - Bodybuilding.com... | 1 chunks
✅ [408/4184] @bodybuildingcom | Jamie Eason Trainer Blooper - Bodybuilding.com... | 1 chunks
✅ [409/4184] @bodybuildingcom | Picture Your Perfect Body： Melody Wyatt Fitness 36... | 1 chunks
✅ [410/4184] @bodybuildingcom | 3 Hip Thrust Fixes For Glute Size and Strength... | 1 chunks
✅ [411/4184] @bodybuildingcom | Hitting New PRs + Realistic Marathon Training Week... | 1 chunks
✅ [412/4184] @bodybuildingcom | Day In the Life of Jay Cutler, 4x Mr. Olympia Body... | 2 chunks
✅ [413/4184] @bodybuildingcom | Marc Megna's Lifting Lessons： Lat Pull-Down - Body... | 1 chunks
✅ [414/4184] @bodybuildingcom | Karina Baymiller's Plyo Legs Workout - Bodybuildin... | 1 chunks
✅ [415/4184] @bodybuildingcom | Kristina Olson Fitness 360： Driven To Succeed - Bo... | 1 chunks
✅ [416/4184] @bodybuildingcom | Kendall's Kitchen： Gluten-Free Garlic And Herb Shr... | 1 chunks
✅ [417/4184] @bodybuildingcom | 2014 Mr. Olympia Finals Post-Show Replay - Bodybui... | 5 chunks
✅ [418/4184] @bodybuildingcom | CT Fletcher's Commandment #6 Of Muscle Growth - Bo... | 1 chunks
✅ [419/4184] @bodybuildingcom | 5 Steps to Bigger Arms... | 1 chunks
✅ [420/4184] @bodybuildingcom | Ask the Expert Panel： Nutrition and Diet Roundtabl... | 5 chunks
✅ [421/4184] @bodybuildingcom | True Muscle Trainer： 9 Weeks To Elite Fitness ｜ Pr... | 1 chunks
✅ [422/4184] @bodybuildingcom | Full-Body Squat Rack Workout ｜ Ashley Horner... | 1 chunks
✅ [423/4184] @bodybuildingcom | Dumbbell Bench Press - Chest Exercise - Bodybuildi... | 1 chunks
✅ [424/4184] @bodybuildingcom | The Top Features of the New Bodybuilding.com App... | 1 chunks
✅ [425/4184] @bodybuildingcom | Abdominal Anatomy & Training Program ｜ Built By Sc... | 2 chunks
✅ [426/4184] @bodybuildingcom | Ultimate Fat-Burning Workout ｜ Brian Casad... | 1 chunks
✅ [427/4184] @bodybuildingcom | Kizzito Ejam's Power Up Your Muscle-Up! - Bodybuil... | 1 chunks
✅ [428/4184] @bodybuildingcom | The History of the Squat ｜ Squat Every Day... | 1 chunks
✅ [429/4184] @bodybuildingcom | 2012 $100k Transformation Challenge - Bodybuilding... | 1 chunks
✅ [430/4184] @bodybuildingcom | Steve Cook's 6-Exercise Chest-Building Workout... | 2 chunks
✅ [431/4184] @bodybuildingcom | Cable Rope Overhead Tricep Extension - Tricep Exer... | 1 chunks
✅ [432/4184] @bodybuildingcom | Rich Froning CrossFit Workout ｜ WOD... | 1 chunks
✅ [433/4184] @bodybuildingcom | AMP： Marc Megna's 8-Week Aesthetics Meets Performa... | 1 chunks
✅ [434/4184] @bodybuildingcom | Leg Press Guide #legday #legpress... | 1 chunks
✅ [435/4184] @bodybuildingcom | 20 Minute at Home Flexibility Workout： Day 14 ｜ Cl... | 2 chunks
✅ [436/4184] @bodybuildingcom | Cobra Back Workout ｜ Terry Crews... | 1 chunks
✅ [437/4184] @bodybuildingcom | EPIC Reaction - $100k Winners Surprised with $50,0... | 1 chunks
✅ [438/4184] @bodybuildingcom | Hammer Curl - Biceps Exercise - Bodybuilding.com... | 1 chunks
✅ [439/4184] @bodybuildingcom | Jamie Eason's Cinnamon Swirl Protein Bread Recipe ... | 1 chunks
✅ [440/4184] @bodybuildingcom | Surviving the Toughest Workout at Westside Barbell... | 1 chunks
✅ [441/4184] @bodybuildingcom | Ronnie Coleman Upset by Jay Cutler ｜ The Undiscove... | 1 chunks
✅ [442/4184] @bodybuildingcom | Training Overview ｜ Kris Gethin's 12-Week Muscle-B... | 1 chunks
✅ [443/4184] @bodybuildingcom | Jamie Eason's Training & Nutriiton Plan... | 2 chunks
✅ [444/4184] @bodybuildingcom | Barbell Shrug - Shoulder Exercise - Bodybuilding.c... | 1 chunks
✅ [445/4184] @bodybuildingcom | Kris Gethin 12 Week Trainer - Bodybuilding.com... | 1 chunks
✅ [446/4184] @bodybuildingcom | Samantha Leete's Shoulder-Sculpting Workout - Body... | 1 chunks
✅ [447/4184] @bodybuildingcom | 20 Minute at Home Flexibility Workout： Day 25 ｜ Cl... | 2 chunks
✅ [448/4184] @bodybuildingcom | Golden Ticket Giveaway - Bodybuilding.com... | 1 chunks
✅ [449/4184] @bodybuildingcom | Body by Design Book Trailer - 2 min. version - Bod... | 1 chunks
✅ [450/4184] @bodybuildingcom | 2013 Bodybuilding.com $100,000 Transformation Chal... | 1 chunks
✅ [451/4184] @bodybuildingcom | Dumbbell Shoulder Press - Shoulder Exercise - Body... | 1 chunks
✅ [452/4184] @bodybuildingcom | Ashley Johns Fitness Program - Bodybuilding.com... | 1 chunks
✅ [453/4184] @bodybuildingcom | NFL Combine Trainer - Bodybuilding.com... | 1 chunks
✅ [454/4184] @bodybuildingcom | Celebrity Trainer Gunnar Peterson Trains Sly for t... | 1 chunks
✅ [455/4184] @bodybuildingcom | Cellucor C4 Pre-Workout ｜ Science-Based Overview... | 1 chunks
✅ [456/4184] @bodybuildingcom | The Bodybuilding.com Podcast ｜ Ep. 10 ｜ Josh Whale... | 4 chunks
✅ [457/4184] @bodybuildingcom | Meet Bodybuilding.com Master Coach ｜ KRISTEN LETTE... | 1 chunks
✅ [458/4184] @bodybuildingcom | Bent Over Two Dumbbell Row - Back Exercise - Bodyb... | 1 chunks
✅ [459/4184] @bodybuildingcom | Training With Kathleen Tesori - Bodybuilding.com... | 1 chunks
✅ [460/4184] @bodybuildingcom | 20 Minute at Home Flexibility Workout： Day 21 ｜ Cl... | 2 chunks
✅ [461/4184] @bodybuildingcom | Front Barbell Squat - Leg Exercise - Bodybuilding.... | 1 chunks
✅ [462/4184] @bodybuildingcom | Pushup - Chest Exercise - Bodybuilding.com... | 1 chunks
✅ [463/4184] @bodybuildingcom | What Is Testosterone？... | 1 chunks
✅ [464/4184] @bodybuildingcom | Bodybuilding.com Guide to HMB... | 1 chunks
✅ [465/4184] @bodybuildingcom | Ultimate 30-Day Beginner's Guide To Fitness ｜ Trai... | 1 chunks
✅ [466/4184] @bodybuildingcom | Chassidy Smothers' Training, Diet, and Nutrition P... | 1 chunks
✅ [467/4184] @bodybuildingcom | Standing Dumbbell Calf Raises - Calf Exercise - Bo... | 1 chunks
✅ [468/4184] @bodybuildingcom | 2010 Military Challenge ｜ Bodybuilding.com Commerc... | 1 chunks
✅ [469/4184] @bodybuildingcom | Meet the Bodybuilding.com Master Coaches ｜ KEN YU,... | 1 chunks
✅ [470/4184] @bodybuildingcom | Hellraiser Training Program ｜ Trailer... | 1 chunks
✅ [471/4184] @bodybuildingcom | Bent Over Barbell Row - Back Exercise - Bodybuildi... | 1 chunks
✅ [472/4184] @bodybuildingcom | Barbell Rear Delt Row - Shoulder Exercise - Bodybu... | 1 chunks
✅ [473/4184] @bodybuildingcom | The MASSter of Growth ｜ CT Fletcher Motivation... | 1 chunks
✅ [474/4184] @bodybuildingcom | Elite by Bodybuilding.com ｜ Power + BCAA ｜ Boost P... | 1 chunks
✅ [475/4184] @bodybuildingcom | 4 Cable Lat Pulldown Mistakes. IG： sigourney.jane ... | 1 chunks
✅ [476/4184] @bodybuildingcom | Training With Jen Rankin - Bodybuilding.com... | 1 chunks
✅ [477/4184] @bodybuildingcom | Nutrition Plan and Supplementation Guide ｜ Clutch ... | 1 chunks
✅ [478/4184] @bodybuildingcom | Barbell Curl - Biceps Exercise - Bodybuilding.com... | 1 chunks
✅ [479/4184] @bodybuildingcom | Russian Twist - Ab Exercises - Bodybuilding.com... | 1 chunks
✅ [480/4184] @bodybuildingcom | Total Upper-Body Workout ｜ Kathleen Tesori... | 1 chunks
✅ [481/4184] @bodybuildingcom | Hack Squat - Leg Exercise - Bodybuilding.com... | 1 chunks
✅ [482/4184] @bodybuildingcom | Fittest at 40 ｜ The Bodybuilding.com Podcast ｜ Ep.... | 2 chunks
✅ [483/4184] @bodybuildingcom | CT Fletcher's Commandment #9 Of Muscle Growth - Bo... | 1 chunks
✅ [484/4184] @bodybuildingcom | Sculpt Monster Abs With Just 4 Moves ｜ Rodney Razo... | 1 chunks
✅ [485/4184] @bodybuildingcom | Dumbbell Step Ups - Leg Exercise - Bodybuilding.co... | 1 chunks
✅ [486/4184] @bodybuildingcom | Clutch Life： Ashley Conrad's 24⧸7 Fitness Trainer ... | 1 chunks
✅ [487/4184] @bodybuildingcom | BodySpace Demo Part 1： Activate Your Account... | 1 chunks
✅ [488/4184] @bodybuildingcom | Dumbbell Squat - Leg Exercise - Bodybuilding.com... | 1 chunks
✅ [489/4184] @bodybuildingcom | Body by Design Book Trailer - Full Version - Bodyb... | 1 chunks
✅ [490/4184] @bodybuildingcom | 40 Yard Dash： Sprint Like a Pro ｜ NFL Combine Trai... | 2 chunks
✅ [491/4184] @bodybuildingcom | Split Squat - Legs Exercise - Bodybuilding.com... | 1 chunks
✅ [492/4184] @bodybuildingcom | 30 Minute at Home Strength Workout ｜ Clutch Life： ... | 3 chunks
✅ [493/4184] @bodybuildingcom | FST-7 Chest & Biceps Workout ｜ Hany Rambod's Ultim... | 3 chunks
✅ [494/4184] @bodybuildingcom | 30 Minute at Home Full-Body Workout： Day 6 ｜ Clutc... | 3 chunks
✅ [495/4184] @bodybuildingcom | Standing Military Press - Shoulder Exercise - Body... | 1 chunks
✅ [496/4184] @bodybuildingcom | 2013 Olympia Expo Experience - Bodybuilding.com... | 1 chunks
✅ [497/4184] @bodybuildingcom | Leg Anatomy & Training Program ｜ Built By Science... | 2 chunks
✅ [498/4184] @bodybuildingcom | Olympian Shoulder Workout ｜ Nicole Wilkins, 4x Fig... | 1 chunks
✅ [499/4184] @bodybuildingcom | Jessie Hilgenberg's 6 Reasons Women Should Lift - ... | 1 chunks
✅ [500/4184] @bodybuildingcom | Muscle Building Supplements - Bodybuilding.com... | 1 chunks
✅ [501/4184] @bodybuildingcom | Shoulder Smash Workout ｜ IFBB Pro Jessie Hilgenber... | 1 chunks
✅ [502/4184] @bodybuildingcom | Playboy Model Ready - Heidi Montag - Part 2 - Body... | 1 chunks
✅ [503/4184] @bodybuildingcom | Shoulder Anatomy & Training Program ｜ Built by Sci... | 2 chunks
✅ [504/4184] @bodybuildingcom | Face Pull - Shoulder Exercise - Bodybuilding.com... | 1 chunks
✅ [505/4184] @bodybuildingcom | Multivitamins & Vitamins Guide - Bodybuilding.com... | 1 chunks
✅ [506/4184] @bodybuildingcom | Why You Need Creatine! - Bodybuilding.com... | 1 chunks
✅ [507/4184] @bodybuildingcom | Barbell Deadlift - Leg & Back Exercise - Bodybuild... | 1 chunks
✅ [508/4184] @bodybuildingcom | 2014 Mr. Olympia Prejudging Pre-Show Replay - Body... | 3 chunks
✅ [509/4184] @bodybuildingcom | Pro MMA Radio Interview with Chael Sonnen at UFC F... | 1 chunks
✅ [510/4184] @bodybuildingcom | Barbell Bench Press Medium Grip - Chest Exercise -... | 1 chunks
✅ [511/4184] @bodybuildingcom | The Last Stand： An Interview With Arnold Schwarzen... | 1 chunks
✅ [512/4184] @bodybuildingcom | How To： Single Arm Row... | 1 chunks
✅ [513/4184] @bodybuildingcom | This is My Life - Show Us Your Beast Body - Motiva... | 1 chunks
✅ [514/4184] @bodybuildingcom | 30 Minute at Home Strength Workout ｜ Clutch Life： ... | 3 chunks
✅ [515/4184] @bodybuildingcom | Arnold Schwarzenegger's Blueprint Training Program... | 1 chunks
✅ [516/4184] @bodybuildingcom | Ask The Expert Panel： Dr. Jacob Wilson And Dr. Rob... | 4 chunks
✅ [517/4184] @bodybuildingcom | Blast Your Back And Biceps! James Grage & Whitney ... | 2 chunks
✅ [518/4184] @bodybuildingcom | Ashley Conrad's 21-Day Clutch Cut Training Program... | 1 chunks
✅ [519/4184] @bodybuildingcom | Weight Loss 101 ｜ Ep. 18 ｜ The Bodybuilding.com Po... | 6 chunks
✅ [520/4184] @bodybuildingcom | RSP Chiseled Trainer： Promo - Bodybuilding.com... | 1 chunks
✅ [521/4184] @bodybuildingcom | Cory Gregory's Training & Fitness Program - Bodybu... | 1 chunks
✅ [522/4184] @bodybuildingcom | The Bodybuilding.com Podcast ｜ Ep. 04 ｜ Dan Giorda... | 6 chunks
✅ [523/4184] @bodybuildingcom | Bikini Shoulder Workout ｜ Amanda Latona... | 1 chunks
✅ [524/4184] @bodybuildingcom | Body by Design Book Trailer - 30 sec. version - Bo... | 1 chunks
✅ [525/4184] @bodybuildingcom | Lunges - Leg Exercise - Bodybuilding.com... | 1 chunks
✅ [526/4184] @bodybuildingcom | Straight-Arm Pulldown - Back Exercise - Bodybuildi... | 1 chunks
✅ [527/4184] @bodybuildingcom | Superman - Back Exercise - Bodybuilding.com... | 1 chunks
✅ [528/4184] @bodybuildingcom | Peanut Butter Protein Pancakes ｜ Lais DeLeon... | 1 chunks
✅ [529/4184] @bodybuildingcom | 5-Move Super-Shred Full Body Circuit Workout ｜ Sea... | 1 chunks
✅ [530/4184] @bodybuildingcom | Mario Lopez - Extra Lean Family - Bodybuilding.com... | 1 chunks
✅ [531/4184] @bodybuildingcom | Bodybuilding.com Fantasy Stack Challenge - Bodybui... | 1 chunks
✅ [532/4184] @bodybuildingcom | Optimum Back： Daniel Banks' Lat Workout... | 1 chunks
✅ [533/4184] @bodybuildingcom | $200,000 Transformation Challenge 2015 - Bodybuild... | 1 chunks
✅ [534/4184] @bodybuildingcom | Stiff-Legged Deadlift - Leg Exercise - Bodybuildin... | 1 chunks
✅ [535/4184] @bodybuildingcom | Kris Gethin 12 Week Video Trainer  - From Apprenti... | 1 chunks
✅ [536/4184] @bodybuildingcom | Dumbbell Flyes - Chest Exercise - Bodybuilding.com... | 1 chunks
✅ [537/4184] @bodybuildingcom | XXL Leg Workout for Mass ｜ Lawrence Ballenger... | 1 chunks
✅ [538/4184] @bodybuildingcom | Alex Savva’s Must-Do Arm Exercises! - Bodybuilding... | 1 chunks
✅ [539/4184] @bodybuildingcom | Tips to Lose Weight #weightloss #fitness... | 1 chunks
✅ [540/4184] @bodybuildingcom | 26.2： The Road to Berlin ｜ EPISODE 1... | 1 chunks
✅ [541/4184] @bodybuildingcom | Palloff Press - Shoulder ⧸ Core Exercise - Bodybui... | 1 chunks
✅ [542/4184] @bodybuildingcom | Building Boulder Shoulders ｜ Lawrence Ballenger Sh... | 1 chunks
✅ [543/4184] @bodybuildingcom | Absolute Ava Series： Perfecting Your Figure! Episo... | 1 chunks
✅ [544/4184] @bodybuildingcom | Branch Warren Shoulder Workout ｜ 2012 Road To The ... | 1 chunks
✅ [545/4184] @bodybuildingcom | The power of positioning 💪 Are your rows optimized... | 1 chunks
✅ [546/4184] @bodybuildingcom | Lying T-Bar Row - Back Exercise - Bodybuilding.com... | 1 chunks
✅ [547/4184] @bodybuildingcom | Marathon Training Reflections + Race Day Preparati... | 1 chunks
✅ [548/4184] @bodybuildingcom | 3 Tips For Massive Shoulders... | 1 chunks
✅ [549/4184] @bodybuildingcom | Train with Laura Bailey - Bodybuilding.com... | 1 chunks
✅ [550/4184] @bodybuildingcom | Formulating Signature™ Supplements ｜ Ep. 29： ｜ Ste... | 5 chunks
✅ [551/4184] @bodybuildingcom | 10 Essential Bodybuilding Tips ｜ Dorian Yates' Blo... | 2 chunks
✅ [552/4184] @bodybuildingcom | Hanging Leg Raise - Ab Exercise - Bodybuilding.com... | 1 chunks
✅ [553/4184] @bodybuildingcom | MTV Makes Brooke Dragon Into A Bikini Model - Body... | 1 chunks
✅ [554/4184] @bodybuildingcom | NFL Combine Trainer： 225 Bench Press - Bodybuildin... | 1 chunks
✅ [555/4184] @bodybuildingcom | One Arm Dumbbell Preacher Curls - Biceps Exercise ... | 1 chunks
✅ [556/4184] @bodybuildingcom | Wrist Roller - Forearm Exercise - Bodybuilding.com... | 1 chunks
✅ [557/4184] @bodybuildingcom | Dymatize Project Mass Promo： Jake Wilson's 14-Week... | 1 chunks
✅ [558/4184] @bodybuildingcom | Steve Cook's Chest and Triceps Workout ｜ Big Man o... | 1 chunks
✅ [559/4184] @bodybuildingcom | James Grage's Training & Fitness Program - Bodybui... | 2 chunks
✅ [560/4184] @bodybuildingcom | WORKOUT PREVIEW： Lower Body #1 with Coach Craig Bo... | 1 chunks
✅ [561/4184] @bodybuildingcom | Front-To-Back Squat With Belt - Bodybuilding.com... | 1 chunks
✅ [562/4184] @bodybuildingcom | 3 Things To Consider Before Cardio #cardio #gymtip... | 1 chunks
✅ [563/4184] @bodybuildingcom | Training with Neil Hill - Bodybuilding.com... | 2 chunks
✅ [564/4184] @bodybuildingcom | Bodybuilding.com B-Elite Apparel... | 1 chunks
✅ [565/4184] @bodybuildingcom | Celebrating 26 Years of Bodybuilding.com ｜ An Annu... | 1 chunks
✅ [566/4184] @bodybuildingcom | The Bodybuilding.com Podcast ｜ Episode 05 ｜ Rachel... | 5 chunks
✅ [567/4184] @bodybuildingcom | Mike O'Hearn's Power Bodybuilding Training Program... | 1 chunks
✅ [568/4184] @bodybuildingcom | Transformation Inspiration： Don't Fail In Week 3! ... | 1 chunks
✅ [569/4184] @bodybuildingcom | Body Fat Measurements ｜ Ultimate 30-Day Beginners ... | 1 chunks
✅ [570/4184] @bodybuildingcom | B-Elite Fuel Healthy Meals - Bodybuilding.com... | 1 chunks
✅ [571/4184] @bodybuildingcom | Chris Thompson's No Excuses MVP Arm Workout - Body... | 1 chunks
✅ [572/4184] @bodybuildingcom | At Home Core Workout ｜ Clutch Life： Ashley Conrad'... | 1 chunks
✅ [573/4184] @bodybuildingcom | Parker Cote - 'Lift Life' Bodybuilding.com Ad Camp... | 1 chunks
✅ [574/4184] @bodybuildingcom | 2015 MuscleTech Fit Squad 6-Week Challenge - Getti... | 1 chunks
✅ [575/4184] @bodybuildingcom | Athlete ｜ Bodybuilding.com Commercial... | 1 chunks
✅ [576/4184] @bodybuildingcom | Perfect Booty Home Workout ｜ Lais DeLeon... | 1 chunks
✅ [577/4184] @bodybuildingcom | Craig Capurso Back Workout： Loaded To The Max - Bo... | 1 chunks
✅ [578/4184] @bodybuildingcom | 2013 Bodybuilding.com $100,000 Transformation Chal... | 1 chunks
✅ [579/4184] @bodybuildingcom | Sit Up - Core ⧸ Abs - Bodybuilding.com... | 1 chunks
✅ [580/4184] @bodybuildingcom | The Bodybuilding.com Podcast ｜ Ep. 07 ｜ Gabe Snow ... | 6 chunks
✅ [581/4184] @bodybuildingcom | BodySpace Demo Part 3： Progress Pics and Personal ... | 1 chunks
✅ [582/4184] @bodybuildingcom | NFL Combine Trainer： Cone Drill - Bodybuilding.com... | 1 chunks
✅ [583/4184] @bodybuildingcom | Butterfly - Chest Exercise - Bodybuilding.com... | 1 chunks
✅ [584/4184] @bodybuildingcom | The Expendables 2 Behind The Scenes -- Bodybuildin... | 1 chunks
✅ [585/4184] @bodybuildingcom | Lying Leg Curls - Leg Exercise - Bodybuilding.com... | 1 chunks
✅ [586/4184] @bodybuildingcom | The Bodybuilding.com Podcast ｜ Ep. 15 ｜ Kristina C... | 5 chunks
✅ [587/4184] @bodybuildingcom | Decline Dumbbell Bench Press  - Chest Exercise - B... | 1 chunks
✅ [588/4184] @bodybuildingcom | Marc Megna's Lifting Lessons： Abdominal Crunch - B... | 1 chunks
✅ [589/4184] @bodybuildingcom | Squat - Leg Exercise - Bodybuilding.com... | 1 chunks
✅ [590/4184] @bodybuildingcom | Elite by Bodybuilding.com ｜ New Sports Performance... | 1 chunks
✅ [591/4184] @bodybuildingcom | Dymatize Project Mass： Mesocycle 2 Update - Bodybu... | 1 chunks
✅ [592/4184] @bodybuildingcom | Stephanie Toomey's Training & Fitness Program - Bo... | 2 chunks
✅ [593/4184] @bodybuildingcom | Training with Brian Stann - Bodybuilding.com... | 2 chunks
✅ [594/4184] @bodybuildingcom | Steve Cook Back and Biceps Workout ｜ Big Man on Ca... | 1 chunks
✅ [595/4184] @bodybuildingcom | Training with 8x Mr. Olympia Ronnie Coleman... | 1 chunks
✅ [596/4184] @bodybuildingcom | How Jay Cutler Trains Chest And Calves ｜ Bodybuild... | 2 chunks
✅ [597/4184] @bodybuildingcom | WORKOUT PREVIEW： Upper Body EMOM and AMRAP #1 with... | 1 chunks
✅ [598/4184] @bodybuildingcom | Day 1 ｜ Legs and Abs Workout ｜ Kris Gethin's 12-We... | 2 chunks
✅ [599/4184] @bodybuildingcom | Bodybuilding.com Guide to Leucine... | 1 chunks
✅ [600/4184] @bodybuildingcom | 20 Minute at Home Flexibility Workout： Day 7 ｜ Clu... | 2 chunks
✅ [601/4184] @bodybuildingcom | Wide Grip Lat Pulldown - Back Exercise - Bodybuild... | 1 chunks
✅ [602/4184] @bodybuildingcom | How To Test Your One-Rep Max ｜ Ph3： Layne Norton's... | 1 chunks
✅ [603/4184] @bodybuildingcom | Promo ｜ Kris Gethin's 12-Week Muscle-Building Trai... | 1 chunks
✅ [604/4184] @bodybuildingcom | Bent Over Barbell Row - Back Exercise - Bodybuildi... | 1 chunks
✅ [605/4184] @bodybuildingcom | Abs Exercises with Alec Musser - Bodybuilding.com... | 1 chunks
✅ [606/4184] @bodybuildingcom | Myron Mielkes 2010 Mr. Olympia Preview - Bodybuild... | 1 chunks
✅ [607/4184] @bodybuildingcom | 2014 Mr  Olympia Finals Pre Show Replay - Bodybuil... | 3 chunks
✅ [608/4184] @bodybuildingcom | Pushups  - Chest Exercise - Bodybuilding.com... | 1 chunks
✅ [609/4184] @bodybuildingcom | Becoming Bodybuilding.com ｜ Founder's Story with R... | 1 chunks
✅ [610/4184] @bodybuildingcom | Training with Sean Hardge - Bodybuilding.com... | 1 chunks
✅ [611/4184] @bodybuildingcom | Hyperextensions (Back Extensions) - Core ⧸ Back Ex... | 1 chunks
✅ [612/4184] @bodybuildingcom | Wide-Grip Lat Pulldown ｜ Back Exercise Guide... | 1 chunks
✅ [613/4184] @bodybuildingcom | Ultimate Surprise - Bodybuilding.com's 2015 $200k ... | 1 chunks
✅ [614/4184] @bodybuildingcom | Bill Phillips BACK TO FIT 12-Week Trainer： 30 Seco... | 1 chunks
✅ [615/4184] @bodybuildingcom | Lifting For Two： Nicole Moneer's Full-Body Pregnan... | 1 chunks
✅ [616/4184] @bodybuildingcom | Bodybuilding.com Intro... | 1 chunks
✅ [617/4184] @bodybuildingcom | 5 Ways to Create a Perfect Workout... | 1 chunks
✅ [618/4184] @bodybuildingcom | BodySpace Demo Part 4： BodyStats, General Photo Up... | 1 chunks
✅ [619/4184] @bodybuildingcom | NFL Combine Trainer： Nutrition - Bodybuilding.com... | 1 chunks
✅ [620/4184] @bodybuildingcom | CT Fletcher's Commandment #10 Of Muscle Growth - B... | 1 chunks
✅ [621/4184] @bodybuildingcom | Erin Stern's Figure Olympia Prep... | 1 chunks
✅ [622/4184] @bodybuildingcom | Military Challenge 2011... | 1 chunks
✅ [623/4184] @bodybuildingcom | Week 1 Prep Contest - $200,000 Transformation Chal... | 1 chunks
✅ [624/4184] @bodybuildingcom | Hellcentric Training Will Kick Your Ass ｜ Mike Van... | 1 chunks
✅ [625/4184] @bodybuildingcom | Bodybuilding.com Content Highlight Reel 2010... | 1 chunks
✅ [626/4184] @bodybuildingcom | Barbell Incline Bench - Chest Exercise - Bodybuild... | 1 chunks
✅ [627/4184] @bodybuildingcom | NFL Combine Trainer： Broad Jump - Bodybuilding.com... | 1 chunks
✅ [628/4184] @bodybuildingcom | Randy Couture Expendables Training... | 1 chunks
✅ [629/4184] @bodybuildingcom | At Home Cardio and Core Workout： Day 26 ｜ Clutch L... | 5 chunks
✅ [630/4184] @bodybuildingcom | Ben Booker - Training Saved My Life - Bodybuilding... | 1 chunks
✅ [631/4184] @bodybuildingcom | There's always that one guy. IG：brodieshredz #gym ... | 1 chunks
✅ [632/4184] @bodybuildingcom | The 21-Day Bizzy Diet Trainer： Workout A (SD)... | 1 chunks
✅ [633/4184] @bodybuildingcom | Elite by Bodybuilding.com ｜ Ultimate Pre-Workout... | 1 chunks
✅ [634/4184] @bodybuildingcom | At Home Cardio and Core Workout： Day 12 ｜ Clutch L... | 4 chunks
✅ [635/4184] @bodybuildingcom | EP 28 ｜ Craig Bongelli ｜ Meet The Coach... | 2 chunks
✅ [636/4184] @bodybuildingcom | The Bizzy Diet Trainer： Promo - Bodybuilding.com (... | 1 chunks
✅ [637/4184] @bodybuildingcom | EZ-Bar Curl - Biceps Exercise - Bodybuilding.com... | 1 chunks
✅ [638/4184] @bodybuildingcom | Olympia 2011 Backstage Pass - Bodybuilding.com... | 1 chunks
✅ [639/4184] @bodybuildingcom | Live to Lift - Show Us Your Beast Body - Motivatio... | 1 chunks
✅ [640/4184] @bodybuildingcom | Harlem Shake at Arnold Sports Festival - Bodybuild... | 1 chunks
✅ [641/4184] @bodybuildingcom | Training with Kelechi Opara - Bodybuilding.com... | 1 chunks
✅ [642/4184] @bodybuildingcom | At Home Cardio & Core Workout： Day 5 ｜ Clutch Life... | 4 chunks
✅ [643/4184] @bodybuildingcom | Donkey Calf Raises - Calf Exercise - Bodybuilding.... | 1 chunks
✅ [644/4184] @bodybuildingcom | Building Collegiate Athletes & Sport Training ｜ Ep... | 5 chunks
✅ [645/4184] @bodybuildingcom | Jason Wheat's Big And Strong MVP Chest Workout - B... | 1 chunks
✅ [646/4184] @bodybuildingcom | Bodybuilding.com- 5 Tips to Make Cardio More Fun!... | 1 chunks
✅ [647/4184] @bodybuildingcom | Ashley Conrad's Fat-Torching Circuit Workout - Bod... | 1 chunks
✅ [648/4184] @bodybuildingcom | Crush Your Fitness Goals： Unleashing the Power of ... | 1 chunks
✅ [649/4184] @bodybuildingcom | At Home Cardio and Core Workout： Day 16 ｜ Clutch L... | 5 chunks
✅ [650/4184] @bodybuildingcom | $200,000 Transformation Challenge - Week 3 Tips fr... | 1 chunks
✅ [651/4184] @bodybuildingcom | 5 Moves To Mile-Wide Lats ｜ Hunter Labrada's Back ... | 1 chunks
✅ [652/4184] @bodybuildingcom | Something New is Coming to Bodybuilding.com... | 1 chunks
✅ [653/4184] @bodybuildingcom | Get Swole ｜ Cory Gregory's 16-Week Muscle-Building... | 1 chunks
✅ [654/4184] @bodybuildingcom | April Fools Bloopers - Bodybuilding.com... | 1 chunks
✅ [655/4184] @bodybuildingcom | Training with Mary Murphy - Bodybuilding.com... | 1 chunks
✅ [656/4184] @bodybuildingcom | Courtney Prather's Fitness Program - Bodybuilding.... | 1 chunks
✅ [657/4184] @bodybuildingcom | Program Overview ｜ 12-Week Hardcore Daily Video Tr... | 1 chunks
✅ [658/4184] @bodybuildingcom | Steve Sherer ｜ Hellraiser Training Testimonial... | 1 chunks
✅ [659/4184] @bodybuildingcom | How to Eat for Mass ｜ Jay Cutler, 4x Mr. Olympia B... | 1 chunks
✅ [660/4184] @bodybuildingcom | Bodybuilding.com Guide to Creatine Monohydrate... | 1 chunks
✅ [661/4184] @bodybuildingcom | Take action today with a LetsGetChecked at-home Te... | 1 chunks
✅ [662/4184] @bodybuildingcom | Bent Arm Dumbbell Pullover - Chest ⧸ Back Exercise... | 1 chunks
✅ [663/4184] @bodybuildingcom | Jerome Mayberry's 10 Commandments Of The Weight Ro... | 1 chunks
✅ [664/4184] @bodybuildingcom | Hunter Labrada's 3 Moves To Bigger Calves - Bodybu... | 1 chunks
✅ [665/4184] @bodybuildingcom | Jamie Eason's Pumpkin Spice Pancakes - Bodybuildin... | 1 chunks
✅ [666/4184] @bodybuildingcom | Bodybuilding.com Guide to Caffeine... | 1 chunks
✅ [667/4184] @bodybuildingcom | Boás Oliveira Fitness 360, Brazilian Brawn! - Body... | 1 chunks
✅ [668/4184] @bodybuildingcom | Muscle-Building Shoulder Workout + Abs： Day 3 ｜ Kr... | 1 chunks
✅ [669/4184] @bodybuildingcom | Military Mindset in The Gym ｜ Ep. 25 ｜ Harry Varga... | 2 chunks
✅ [670/4184] @bodybuildingcom | BSN's MMA 101 with Forrest Griffin - Episode 1 - B... | 1 chunks
✅ [671/4184] @bodybuildingcom | The Bodybuilding.com Podcast ｜ Ep. 09 ｜ Nikki Davi... | 5 chunks
✅ [672/4184] @bodybuildingcom | Getting Ripped and Cover Ready - Part 3 - Bodybuil... | 1 chunks
✅ [673/4184] @bodybuildingcom | At Home Cardio and Core Workout： Day 19 ｜ Clutch L... | 5 chunks
✅ [674/4184] @bodybuildingcom | Elite by Bodybuilding.com ｜ Energy + BCAA... | 1 chunks
✅ [675/4184] @bodybuildingcom | Splash Candy by Bodybuilding.com ｜ Vitamin Gummy S... | 1 chunks
✅ [676/4184] @bodybuildingcom | Gymtimidation & Building Community ｜ The Bodybuild... | 6 chunks
✅ [677/4184] @bodybuildingcom | Suspended Fallout - Shoulder ⧸ Core Exercise - Bod... | 1 chunks
✅ [678/4184] @bodybuildingcom | 20 Minute at Home Flexibility Workout： Day 28 ｜ Cl... | 2 chunks
✅ [679/4184] @bodybuildingcom | Kendall's Kitchen： Mustard-Crusted Pork Tenderloin... | 1 chunks
✅ [680/4184] @bodybuildingcom | Movement for Pregnancy & Postpartum ｜ The Bodybuil... | 2 chunks
✅ [681/4184] @bodybuildingcom | 30-Day Challenge ｜ Bodybuilding.com Commercial... | 1 chunks
✅ [682/4184] @bodybuildingcom | Playboy Model Ready - Heidi Montag - Part 1 - Body... | 1 chunks
✅ [683/4184] @bodybuildingcom | Almond Banana Protein Shake ｜ Lais DeLeon... | 1 chunks
✅ [684/4184] @bodybuildingcom | Cooking With Christina Series, Episode #1： Chicken... | 1 chunks
✅ [685/4184] @bodybuildingcom | How To Squat： Layne Norton's Squat Tutorial... | 2 chunks
✅ [686/4184] @bodybuildingcom | BodySpace Guide - Bodybuilding.com... | 1 chunks
✅ [687/4184] @bodybuildingcom | Sexy Shoulders： Ali Rosen's Shoulder Workout - Bod... | 1 chunks
✅ [688/4184] @bodybuildingcom | #FREAKMODE Alex Savva's 12-Week Fitness Plan ｜ Pro... | 1 chunks
✅ [689/4184] @bodybuildingcom | Becoming OldSuperman... | 1 chunks
✅ [690/4184] @bodybuildingcom | Halid Shokunbi Fitness 360： Taking Charge - Bodybu... | 2 chunks
✅ [691/4184] @bodybuildingcom | Dumbbell Bicep Curl - Bicep Exercise - Bodybuildin... | 1 chunks
✅ [692/4184] @bodybuildingcom | The 21-Day Bizzy Diet Trainer： Promo & Overview (S... | 1 chunks
✅ [693/4184] @bodybuildingcom | Steve Cook's Training & Nutrition Program... | 1 chunks
✅ [694/4184] @bodybuildingcom | 20 Minute at Home Flexibility Workout： Day 11 ｜ Cl... | 2 chunks
✅ [695/4184] @bodybuildingcom | 45 Minute at Home Bodyweight Workout： Day 13 ｜ Clu... | 2 chunks
✅ [696/4184] @bodybuildingcom | BSN Transformation Winners Announced! - Bodybuildi... | 1 chunks
✅ [697/4184] @bodybuildingcom | Transformation ｜ Bodybuilding.com Commercial... | 1 chunks
✅ [698/4184] @bodybuildingcom | Kettlebell One-Legged Deadlift - Leg Exercise - Bo... | 1 chunks
✅ [699/4184] @bodybuildingcom | The Bodybuilding.com Fitness App ｜ Everyone Starts... | 1 chunks
✅ [700/4184] @bodybuildingcom | Freehand Jump Squat - Leg Exercise - Bodybuilding.... | 1 chunks
✅ [701/4184] @theconditioncoaches | TEXAS PRO ｜ SHOW DAY... | 2 chunks
✅ [702/4184] @theconditioncoaches | EPISODE 4 ｜ MUSCLE CONTEST IRELAND PRO QUALIFIER... | 2 chunks
✅ [703/4184] @theconditioncoaches | 2024 IFBB NEW YORK PRO ｜ THE CONDITION COACHES... | 1 chunks
✅ [704/4184] @theconditioncoaches | ALICANTE PRO QUALIFIER 2024... | 1 chunks
✅ [705/4184] @theconditioncoaches | EPISODE 6 ｜ AMATUER OLYMPIA ALICANTE... | 1 chunks
✅ [706/4184] @theconditioncoaches | ARM DAY WITH IFBB PRO HARRY HARRIS... | 1 chunks
✅ [707/4184] @theconditioncoaches | UKDBFA BRITISH FINALS ｜ THE CONDITION COACHES... | 2 chunks
✅ [708/4184] @theconditioncoaches | IFBB PRO AMANDA WINSTON ｜ TORONTO PRO 2024... | 2 chunks
✅ [709/4184] @theconditioncoaches | SHOW DAY ｜ LEGIONS SPORTS FEST ｜ LEWIS BREED... | 1 chunks
✅ [710/4184] @theconditioncoaches | PCA BRITISH FINALS... | 1 chunks
✅ [711/4184] @theconditioncoaches | EPISODE 2 ｜ BEN WEIDER - 2BROS PRO QUALIFIER... | 1 chunks
✅ [712/4184] @theconditioncoaches | DAY 1 & 2 IN VEGAS ｜ LEWIS BREED POSES WITH FLEX L... | 1 chunks
✅ [713/4184] @theconditioncoaches | DETROIT PRO! IFBB PRO HARRY HARRIS MAKES HIS US DE... | 2 chunks
✅ [714/4184] @theconditioncoaches | EPISODE 1 ｜ 1ST SHOW OF THE SEASON... | 1 chunks
✅ [715/4184] @theconditioncoaches | TAMPA PRO ｜ SHOW DAY ｜ LEWIS BREED MAKES SOME NOIS... | 2 chunks
✅ [716/4184] @theconditioncoaches | TAMPA PRO I 2 DAYS OUT... | 2 chunks
✅ [717/4184] @theconditioncoaches | BACK 2 BACK SHOW WEEKEND... | 2 chunks
✅ [718/4184] @theconditioncoaches | IFBB PRO AMANDA WINSTON ｜ LAST SHOW EVER？？？... | 2 chunks
✅ [719/4184] @theconditioncoaches | The Condition Coaches Cup…. Season 3... | 2 chunks
✅ [720/4184] @theconditioncoaches | LEWIS BREED 4 DAYS OUT LEGION SPORTS FESTIVAL... | 2 chunks
✅ [721/4184] @theconditioncoaches | DAY 1 - CONDITION COACHES KINGDOM CLASSIC... | 1 chunks
✅ [722/4184] @theconditioncoaches | EPISODE 3 PT 1 ｜ FIBO - Gomes meets Clarida... | 1 chunks
✅ [723/4184] @theconditioncoaches | SHOW DAY! - CONDITION COACHES KINGDOM CLASSIC DAY ... | 1 chunks
✅ [724/4184] @theconditioncoaches | BIGMAN PRO WEEKEND ALICANTE 2024... | 2 chunks
✅ [725/4184] @theconditioncoaches | TEXAS PRO ｜ PART 2... | 2 chunks
✅ [726/4184] @theconditioncoaches | TEXAS PRO ｜ DAY 1 ｜ DESTINATION DALLAS... | 1 chunks
✅ [727/4184] @theconditioncoaches | EUROPA PRO 2024 ｜ THE CONDITION COACHES... | 4 chunks
✅ [728/4184] @theconditioncoaches | BEN WEIDER UK NPC PRO QUALIFER - NEW IFBB PRO FLOR... | 1 chunks
✅ [729/4184] @theconditioncoaches | EPISODE 3 PT 2： JORDAN GOMES IFBB PRO CARD WIN... | 1 chunks
✅ [730/4184] @theconditioncoaches | TAMPA PRO ｜ DAY 1... | 1 chunks
✅ [731/4184] @theconditioncoaches | DETROIT PRO DAY 1 FULL DAY OF EATING 1600 CARBS... | 1 chunks
✅ [732/4184] @theconditioncoaches | BACK 2 BACK BRITISH FINALS... | 3 chunks
✅ [733/4184] @theconditioncoaches | IFBB PRO ANTOINE LOTH ｜ OPEN PRO DEBUT @EMPRO PRO... | 1 chunks
✅ [734/4184] @theconditioncoaches | DAY IN THE LIFE ： BODYBUILDING PREP COACH... | 2 chunks
✅ [735/4184] @theconditioncoaches | IFBB PRO AMANDA ｜ EMPRO PRO 2024... | 1 chunks
✅ [736/4184] @theconditioncoaches | THE GIRLS AT UKDBFA... | 1 chunks
✅ [737/4184] @theconditioncoaches | LEWIS BREED 1 DAY OUT LEGION SPORTS FEST... | 1 chunks
✅ [738/4184] @theconditioncoaches | EPISODE 8 I WELCOME NEW COACH IFBB PRO MATT MCCULL... | 1 chunks
✅ [739/4184] @theconditioncoaches | EPISODE 5 ｜ THE CONDITION CUP PART 2... | 1 chunks
✅ [740/4184] @theconditioncoaches | EPISODE 7 ｜ THE DUBAI EDITION... | 1 chunks
✅ [741/4184] @theconditioncoaches | BEN WEIDER 2024 UK PRO QUALIFIER - THE BULL WINS H... | 1 chunks
✅ [742/4184] @theconditioncoaches | EPISODE 5 ｜ THE CONDITION CUP PART 1... | 1 chunks
✅ [743/4184] @theconditioncoaches | TRU ATHLETE ｜ AMANDA WINSTON IFBB FIGURE PRO IS BA... | 1 chunks
✅ [744/4184] @RenaissancePeriodization | Exercise Scientist Critiques Bradley Cooper's Trai... | 1 chunks
✅ [745/4184] @RenaissancePeriodization | Exercise Scientist Exposes V Shred's Diet And Trai... | 2 chunks
✅ [746/4184] @RenaissancePeriodization | The World's Best Trainers ALL Make These Mistakes ... | 2 chunks
✅ [747/4184] @RenaissancePeriodization | Exercise Scientist Critiques Jake Paul's Ineffecti... | 2 chunks
✅ [748/4184] @RenaissancePeriodization | Why Is Keto So Good For Weight Loss？... | 1 chunks
✅ [749/4184] @RenaissancePeriodization | Scientifically-Proven Push Workout To Build Muscle... | 2 chunks
✅ [750/4184] @RenaissancePeriodization | My WORST Training Injuries (Learn From This!)... | 3 chunks
✅ [751/4184] @RenaissancePeriodization | This Could Replace Steroids… Forever... | 3 chunks
✅ [752/4184] @RenaissancePeriodization | ＂Gotta Keep Constant Tension On the Muscle For It ... | 2 chunks
✅ [753/4184] @RenaissancePeriodization | 3 Insanely Effective Pieces Of Equipment For Huge ... | 2 chunks
✅ [754/4184] @RenaissancePeriodization | Heavy Singles- Good For Muscle Growth？... | 2 chunks
✅ [755/4184] @RenaissancePeriodization | Insulin Is The Reason You're Fat!？... | 1 chunks
✅ [756/4184] @RenaissancePeriodization | The BEST Row Machine？ ｜  Dr. Mike's Favorite Machi... | 2 chunks
✅ [757/4184] @RenaissancePeriodization | Exercise Scientist Exposes The Most Profitable Fit... | 2 chunks
✅ [758/4184] @RenaissancePeriodization | How To Deload And Set Yourself Up For Maximum Gain... | 2 chunks
✅ [759/4184] @RenaissancePeriodization | This Evening Routine Is WAY More Important Than Mo... | 4 chunks
✅ [760/4184] @RenaissancePeriodization | Barbell Only Complete Delt Workout... | 1 chunks
✅ [761/4184] @RenaissancePeriodization | The Smith Machine： It's Not As Bad As You Think!... | 1 chunks
✅ [762/4184] @RenaissancePeriodization | Exercise Scientist Critiques Gal Gadot's Wonder Wo... | 2 chunks
✅ [763/4184] @RenaissancePeriodization | How Much Pump And Soreness Is Best For Growth？ (ft... | 2 chunks
✅ [764/4184] @RenaissancePeriodization | Exercise Scientist Critiques Sam Sulek's Workouts... | 2 chunks
✅ [765/4184] @RenaissancePeriodization | Dr. Mike Survives Sam Sulek's Arm Day - Genius Or ... | 2 chunks
✅ [766/4184] @RenaissancePeriodization | The Most Effective Full Body Workout You Can Do Wi... | 1 chunks
✅ [767/4184] @RenaissancePeriodization | Ban All Fruit Juices NOW!!... | 1 chunks
✅ [768/4184] @RenaissancePeriodization | The Complete Shoulder Workout... | 2 chunks
✅ [769/4184] @RenaissancePeriodization | ＂Gotta do leg extensions to warm up for quad train... | 1 chunks
✅ [770/4184] @RenaissancePeriodization | Barbell Only Bicep and Delt Workout (with natural ... | 2 chunks
✅ [771/4184] @RenaissancePeriodization | The Top 5 Evidence-Based Ab Exercises... | 2 chunks
✅ [772/4184] @RenaissancePeriodization | How to Target TRICEPS On The Pushup ｜ Targeting Th... | 1 chunks
✅ [773/4184] @RenaissancePeriodization | Skinnyfat To Ripped： How To Decide If You Should C... | 2 chunks
✅ [774/4184] @RenaissancePeriodization | The Worst Shoulder Exercises People Still Do (And ... | 2 chunks
✅ [775/4184] @RenaissancePeriodization | Exercise Scientist Critiques RARE Arnold Schwarzen... | 2 chunks
✅ [776/4184] @RenaissancePeriodization | Use These Training Techniques For BEST GROWTH (ft ... | 3 chunks
✅ [777/4184] @RenaissancePeriodization | Why I’m Done With Alcohol... | 1 chunks
✅ [778/4184] @RenaissancePeriodization | How To Deadlift For Huge Glutes... | 1 chunks
✅ [779/4184] @RenaissancePeriodization | Do Steroids Make you Dumber？... | 2 chunks
✅ [780/4184] @RenaissancePeriodization | Have I Been Undervaluing Isometrics For Growth？ He... | 2 chunks
✅ [781/4184] @RenaissancePeriodization | Did We LIE？ (Defending Our Most Hated Exercises)... | 2 chunks
✅ [782/4184] @RenaissancePeriodization | Build Bigger Glutes With This Amazing Program!... | 2 chunks
✅ [783/4184] @RenaissancePeriodization | Do Natty Bodybuilders Train Different Than Enhance... | 2 chunks
✅ [784/4184] @RenaissancePeriodization | Exercise Scientist Critiques PewDiePie's Training... | 2 chunks
✅ [785/4184] @RenaissancePeriodization | Exercise Scientist Critiques Ben Affleck's Hollywo... | 1 chunks
✅ [786/4184] @RenaissancePeriodization | Exercise Scientist Responds： Sam Sulek Slams ＂Scie... | 2 chunks
✅ [787/4184] @RenaissancePeriodization | Exercise Scientist Critiques David Laid’s Training... | 2 chunks
✅ [788/4184] @RenaissancePeriodization | How To Use SUPERSETS To Maximize Growth... | 1 chunks
✅ [789/4184] @RenaissancePeriodization | The Fool-Proof Way To Lose Fat And Get Shredded... | 4 chunks
✅ [790/4184] @RenaissancePeriodization | Get Huge Without The Gym： Workout And Grow Muscle ... | 2 chunks
✅ [791/4184] @RenaissancePeriodization | Are Weighted Pull Ups Good For Back Growth？？？... | 2 chunks
✅ [792/4184] @RenaissancePeriodization | Exercise Scientist Critiques The HEAVIEST LIFTS EV... | 2 chunks
✅ [793/4184] @RenaissancePeriodization | Shocking The Muscle For Better Gains...Literally... | 2 chunks
✅ [794/4184] @RenaissancePeriodization | ADVANCED Tips to Increase Your Bench Press... | 1 chunks
✅ [795/4184] @RenaissancePeriodization | Modern Men’s Low Testosterone Crisis — What’s Goin... | 3 chunks
✅ [796/4184] @RenaissancePeriodization | Should You Take Weight Loss Drugs？... | 3 chunks
✅ [797/4184] @RenaissancePeriodization | Exercise Scientist Destroys The WORST of TikTok Fi... | 2 chunks
✅ [798/4184] @RenaissancePeriodization | Exercise Scientist Critiques Sumo Wrestling's INSA... | 2 chunks
✅ [799/4184] @RenaissancePeriodization | Get Shredded With The 5 Rules Of Fat Burning Cardi... | 1 chunks
✅ [800/4184] @RenaissancePeriodization | I Almost Couldn't Workout At Iceland's HOTTEST Gym... | 1 chunks
✅ [801/4184] @RenaissancePeriodization | 2022 Olympia Predictions... | 2 chunks
✅ [802/4184] @RenaissancePeriodization | How To ACTUALLY Train Your Glutes For Maximum Grow... | 1 chunks
✅ [803/4184] @RenaissancePeriodization | Exercise Scientist Critiques LeBron James' Weight ... | 2 chunks
✅ [804/4184] @RenaissancePeriodization | Exercise Scientist CAN'T Critique Bro Science Life... | 2 chunks
✅ [805/4184] @RenaissancePeriodization | Why Myoreps Are AWESOME... | 1 chunks
✅ [806/4184] @RenaissancePeriodization | How Hard Should You Be Training Legs For ELITE Gro... | 2 chunks
✅ [807/4184] @RenaissancePeriodization | Get THE MOST Out Of Carbs (for Muscle Gain And Fat... | 1 chunks
✅ [808/4184] @RenaissancePeriodization | Best Lifting Techniques To Avoid Pain And Stimulat... | 1 chunks
✅ [809/4184] @RenaissancePeriodization | Does Eating Right After Lifting Make a Difference？... | 2 chunks
✅ [810/4184] @RenaissancePeriodization | How To Avoid The Biggest Mistakes Intermediate Gym... | 2 chunks
✅ [811/4184] @RenaissancePeriodization | Biggest Mistakes Advanced Bodybuilders Make At The... | 2 chunks
✅ [812/4184] @RenaissancePeriodization | The Cambered Bar Will Change Your Chest Training... | 1 chunks
✅ [813/4184] @RenaissancePeriodization | Can You Maximize Protein Absorption With Food Pair... | 1 chunks
✅ [814/4184] @RenaissancePeriodization | Alternating Press and Hold- Good For Muscle Growth... | 1 chunks
✅ [815/4184] @RenaissancePeriodization | Partial Reps Are THE BEST For Muscle Growth... | 1 chunks
✅ [816/4184] @RenaissancePeriodization | Alcohol Has Upsides In Bodybuilding!？... | 1 chunks
✅ [817/4184] @RenaissancePeriodization | The Absolute Worst Exercises People Do (And What t... | 1 chunks
✅ [818/4184] @RenaissancePeriodization | The Top 5 Restaurants For Gains On The Go — Ranked... | 2 chunks
✅ [819/4184] @RenaissancePeriodization | Exercise Scientist Critiques The Tren Twins Workou... | 2 chunks
✅ [820/4184] @RenaissancePeriodization | Close Grip Bench Pressing For Maximum Growth ｜ Tar... | 1 chunks
✅ [821/4184] @RenaissancePeriodization | How To Build A Budget Home Gym For Cheap... | 2 chunks
✅ [822/4184] @RenaissancePeriodization | The New Blueprint for Massive Arms (Full Program I... | 3 chunks
✅ [823/4184] @RenaissancePeriodization | Is High Fructose Corn Syrup That Bad For You？... | 2 chunks
✅ [824/4184] @RenaissancePeriodization | Simple is Better... | 1 chunks
✅ [825/4184] @RenaissancePeriodization | I Tried Bodybuilding In Iceland- Not What I Expect... | 1 chunks
✅ [826/4184] @RenaissancePeriodization | Getting Stronger Won't Help You Get Bigger... | 2 chunks
✅ [827/4184] @RenaissancePeriodization | What You NEED In Your Workout Shake... | 1 chunks
✅ [828/4184] @RenaissancePeriodization | Scientific HEAVY Push Workout W⧸ Alex Leonidas... | 2 chunks
✅ [829/4184] @RenaissancePeriodization | Can We Build His Legs Enough For A Pro Card？ (Quad... | 1 chunks
✅ [830/4184] @RenaissancePeriodization | Exercise Scientist Critiques EXTREEME Strongman Di... | 2 chunks
✅ [831/4184] @RenaissancePeriodization | Exercise Scientist Critiques UNREAL STRENGTH MONST... | 2 chunks
✅ [832/4184] @RenaissancePeriodization | The 5 Rules of Bicep Training... | 1 chunks
✅ [833/4184] @RenaissancePeriodization | Fasted Cardio For MOST Fat Loss？... | 1 chunks
✅ [834/4184] @RenaissancePeriodization | How To Create The Optimal Caloric Deficit For Fat ... | 2 chunks
✅ [835/4184] @RenaissancePeriodization | Weight Training Is Bad For Weight Loss？... | 1 chunks
✅ [836/4184] @RenaissancePeriodization | EZ Bar Curl For Growth ｜ Targeting The Muscle... | 1 chunks
✅ [837/4184] @RenaissancePeriodization | Why Your Chest Isn't Growing (And How To Fix It)... | 2 chunks
✅ [838/4184] @RenaissancePeriodization | Exercise Scientist ENRAGED By Mark Wahlberg's Holl... | 2 chunks
✅ [839/4184] @RenaissancePeriodization | How To Build Muscle And Stay Strong For Life! (fro... | 1 chunks
✅ [840/4184] @RenaissancePeriodization | Exercise Scientist Critiques Fitness Influencer Di... | 2 chunks
✅ [841/4184] @RenaissancePeriodization | The End Of Steroids？ NEW MUSCLE DRUGS Are Here... | 2 chunks
✅ [842/4184] @RenaissancePeriodization | Unveiling The Surprising Effects Of Alcohol On You... | 2 chunks
✅ [843/4184] @RenaissancePeriodization | Work SMARTER：  Build Bigger Quads With Lighter Wei... | 2 chunks
✅ [844/4184] @RenaissancePeriodization | Exercise Scientist Puts LeanBeefPatty's Workouts T... | 2 chunks
✅ [845/4184] @RenaissancePeriodization | The Only Guide You Need For Cheat Meals!... | 2 chunks
✅ [846/4184] @RenaissancePeriodization | Select The Best Exercises For Your Muscle Growth P... | 2 chunks
✅ [847/4184] @RenaissancePeriodization | The Mirrors In The Gym： How They Help (or Hurt) Yo... | 2 chunks
✅ [848/4184] @RenaissancePeriodization | This Is What's Actually Ruining Your Diet... | 3 chunks
✅ [849/4184] @RenaissancePeriodization | Fasting： The Ultimate Diet Tool？... | 1 chunks
✅ [850/4184] @RenaissancePeriodization | Exercise Scientist Discredits Popular Health Magaz... | 2 chunks
✅ [851/4184] @RenaissancePeriodization | Exercise Scientist Critiques Tom Brady's NFL Worko... | 2 chunks
✅ [852/4184] @RenaissancePeriodization | The Most Effective Way To Bulk For Muscle Growth (... | 3 chunks
✅ [853/4184] @RenaissancePeriodization | ＂Gotta keep the traps out of side delt training br... | 1 chunks
✅ [854/4184] @RenaissancePeriodization | How To Get More Muscle Growth From ANY Gym Machine... | 1 chunks
✅ [855/4184] @RenaissancePeriodization | One Top Set, One Drop Set- Good Training？... | 2 chunks
✅ [856/4184] @RenaissancePeriodization | 20 Minute Arm Antagonist Superset Workout... | 1 chunks
✅ [857/4184] @RenaissancePeriodization | How To Squat Like A Boss： Advanced Tips For Increa... | 2 chunks
✅ [858/4184] @RenaissancePeriodization | The 8 Biggest Muscle Building Mistakes... | 3 chunks
✅ [859/4184] @RenaissancePeriodization | Cutting His Chest Volume IN HALF For A Better Work... | 2 chunks
✅ [860/4184] @RenaissancePeriodization | How To Grow HUGE Forearms (Best Exercises and Prog... | 2 chunks
✅ [861/4184] @RenaissancePeriodization | The 5 Most Overrated Supplements Of 2025... | 2 chunks
✅ [862/4184] @RenaissancePeriodization | We Make A 475lb Bench Presser Suffer With 50lb Dum... | 2 chunks
✅ [863/4184] @RenaissancePeriodization | Exercise Scientist Baffled By Brie Larson's Captai... | 2 chunks
✅ [864/4184] @RenaissancePeriodization | Why Tristyn Lee Quit The Carnivore Diet... | 1 chunks
✅ [865/4184] @RenaissancePeriodization | You Gotta Train Ultra Hard To Grow Bro...RIR Is St... | 2 chunks
✅ [866/4184] @RenaissancePeriodization | Every Type of Pull Up For Muscle Growth... | 3 chunks
✅ [867/4184] @RenaissancePeriodization | Why Men And Women MUST Train Differently... | 3 chunks
✅ [868/4184] @RenaissancePeriodization | Exercise Scientist Critiques Alex Eubank’s Trainin... | 2 chunks
✅ [869/4184] @RenaissancePeriodization | The Morality Of Doping In Sport... | 2 chunks
✅ [870/4184] @RenaissancePeriodization | Will Tennyson CHALLENGES Dr. Mike's Insane Leg Day... | 1 chunks
✅ [871/4184] @RenaissancePeriodization | Exercise Scientist Critiques WORLD'S STRONGEST MAN... | 2 chunks
✅ [872/4184] @RenaissancePeriodization | You Gotta Learn To Burn Fat As Fuel Bro... | 1 chunks
✅ [873/4184] @RenaissancePeriodization | NFL Legend Jason Kelce's Brutal Physique Makeover ... | 2 chunks
✅ [874/4184] @RenaissancePeriodization | Build Bigger Legs In 30 Mins! The Ultimate Dumbbel... | 1 chunks
✅ [875/4184] @RenaissancePeriodization | Powerlifter Turned Bodybuilder vs High Rep Leg Day... | 2 chunks
✅ [876/4184] @RenaissancePeriodization | How Bad Is the Protein Powder Lead Problem, Really... | 2 chunks
✅ [877/4184] @RenaissancePeriodization | Exercise Scientist Critiques The STRONGEST BENCH P... | 2 chunks
✅ [878/4184] @RenaissancePeriodization | How Safe Is Pre Workout!？  (What Science Says)... | 2 chunks
✅ [879/4184] @RenaissancePeriodization | Exercise Scientist REACTS To Kyriakos Grizzly... | 2 chunks
✅ [880/4184] @RenaissancePeriodization | STOP TRAINING For Better Gains!... | 1 chunks
✅ [881/4184] @RenaissancePeriodization | Lateral Raise Technique For Huge Delts ｜ Targeting... | 1 chunks
✅ [882/4184] @RenaissancePeriodization | Exercise Scientist Reviews Celebrity Workouts... | 1 chunks
✅ [883/4184] @RenaissancePeriodization | Find Out Why Walking Isn't Really Exercise In This... | 1 chunks
✅ [884/4184] @RenaissancePeriodization | How To Estimate Reps In Reserve (ft RP Hypertrophy... | 2 chunks
✅ [885/4184] @RenaissancePeriodization | All Protein Is Not Created Equal... | 3 chunks
✅ [886/4184] @RenaissancePeriodization | How Big Can You Get Naturally？  Examining the Rece... | 3 chunks
✅ [887/4184] @RenaissancePeriodization | 5 Training Principles I Got Right Early, You Shoul... | 2 chunks
✅ [888/4184] @RenaissancePeriodization | Machines vs Free Weights： Which Is Best For Muscle... | 1 chunks
✅ [889/4184] @RenaissancePeriodization | Hip Thrusts Are WAY Overrated... | 1 chunks
✅ [890/4184] @RenaissancePeriodization | Big Pharma is Evil- BULLSH＊T!... | 1 chunks
✅ [891/4184] @RenaissancePeriodization | STOP Messing This Up! The MOST GAINS Come From The... | 1 chunks
✅ [892/4184] @RenaissancePeriodization | OnlyFans Mega Star Destroyed In Leg Workout... | 2 chunks
✅ [893/4184] @RenaissancePeriodization | Artificial Sweeteners Make You Gain Weight？... | 1 chunks
✅ [894/4184] @RenaissancePeriodization | This Gym Equipment Will Blow Your Mind!... | 1 chunks
✅ [895/4184] @RenaissancePeriodization | How To Build Muscle As Quickly As Possible... | 1 chunks
✅ [896/4184] @RenaissancePeriodization | Exercise Scientist Reacts To The Most BRUTAL Gym F... | 2 chunks
✅ [897/4184] @RenaissancePeriodization | Upper Chest Growth Beast... | 1 chunks
✅ [898/4184] @RenaissancePeriodization | Exercise Scientist's Top 5 Quad Exercises... | 2 chunks
✅ [899/4184] @RenaissancePeriodization | Exercise Scientist Critiques Lean Beef Patty's Tra... | 2 chunks
✅ [900/4184] @RenaissancePeriodization | Are Artificial Sugars Messing With Your Insulin Re... | 1 chunks
✅ [901/4184] @RenaissancePeriodization | The Most Important Technique For Muscle Growth... | 2 chunks
✅ [902/4184] @RenaissancePeriodization | How Much Do Steroids Really Matter For Recovery？... | 1 chunks
✅ [903/4184] @RenaissancePeriodization | Exercise Scientist Critiques Chris Bumstead's Leg ... | 2 chunks
✅ [904/4184] @RenaissancePeriodization | How Much Weight Should You Be Lifting For Each Exe... | 2 chunks
✅ [905/4184] @RenaissancePeriodization | CRUSH YOUR GOALS- Let Us Help You EVEN MORE This Y... | 1 chunks
✅ [906/4184] @RenaissancePeriodization | Exercise Scientist Critiques Jesse James West's Tr... | 2 chunks
✅ [907/4184] @RenaissancePeriodization | Leg Curl Technique Breaks Up Team Full ROM... | 2 chunks
✅ [908/4184] @RenaissancePeriodization | Train HEAVY To Look More DENSE？？... | 1 chunks
✅ [909/4184] @RenaissancePeriodization | Exercise Scientist Critiques Tom Holland’s Unstruc... | 2 chunks
✅ [910/4184] @RenaissancePeriodization | Exercise Scientist Examines The Tren Twins Steroid... | 2 chunks
✅ [911/4184] @RenaissancePeriodization | Back Training With The Leanest Natural Pro Bodybui... | 2 chunks
✅ [912/4184] @RenaissancePeriodization | Are There Best Foods For Muscle Growth And Fat Los... | 1 chunks
✅ [913/4184] @RenaissancePeriodization | Do You REALLY Need To Track Sleep For Best Results... | 1 chunks
✅ [914/4184] @RenaissancePeriodization | You're Killing Your Gains By Switching Exercises T... | 2 chunks
✅ [915/4184] @RenaissancePeriodization | Do You REALLY Need Rest Days？... | 3 chunks
✅ [916/4184] @RenaissancePeriodization | Jacked Guys MUST Know A Lot About Building Muscle... | 2 chunks
✅ [917/4184] @RenaissancePeriodization | Can A Carnivore Bodybuilder Handle A Hardcore Arm ... | 2 chunks
✅ [918/4184] @RenaissancePeriodization | Will Cutting Sugar Actually Transform Your Body!？... | 2 chunks
✅ [919/4184] @RenaissancePeriodization | ＂You MUST Train To Failure To Grow Muscle Bro＂... | 1 chunks
✅ [920/4184] @RenaissancePeriodization | How to Do SKULLCRUSHERS for BIG Triceps ｜ Targetin... | 1 chunks
✅ [921/4184] @RenaissancePeriodization | How To Design An Amazing Muscle Growth Training Sp... | 2 chunks
✅ [922/4184] @RenaissancePeriodization | This Pill Grows POUNDS of Muscle (But Is There A C... | 4 chunks
✅ [923/4184] @RenaissancePeriodization | Carnivore Is The Best Diet For Overall Health？... | 1 chunks
✅ [924/4184] @RenaissancePeriodization | Simple Tips to Increase Your Squat... | 2 chunks
✅ [925/4184] @RenaissancePeriodization | Bodybuilding Is Under Attack... | 2 chunks
✅ [926/4184] @RenaissancePeriodization | Kumail Nanjiani's Hollywood Workout： Exercise Scie... | 1 chunks
✅ [927/4184] @RenaissancePeriodization | Everyone Makes These Mistakes Trying To Get Shredd... | 2 chunks
✅ [928/4184] @RenaissancePeriodization | Best Supplements And Drugs To Get You Shredded in ... | 4 chunks
✅ [929/4184] @RenaissancePeriodization | Is Too Much ＂Sex＂ Ruining Your Muscle Gains？... | 1 chunks
✅ [930/4184] @RenaissancePeriodization | Overhead Tricep Extension For Maximum Growth ｜ Tar... | 1 chunks
✅ [931/4184] @RenaissancePeriodization | Get Massive Arms In Just 12 Sets... | 2 chunks
✅ [932/4184] @RenaissancePeriodization | Exercise Scientist Critiques Jason Momoa's Trainin... | 2 chunks
✅ [933/4184] @RenaissancePeriodization | Sleep Is The Best Muscle Building ＂Drug＂？... | 1 chunks
✅ [934/4184] @RenaissancePeriodization | Exercise Scientist Destroys The WORST FITNESS TREN... | 2 chunks
✅ [935/4184] @RenaissancePeriodization | 5 Simple Rules For Awesome Chest Training... | 1 chunks
✅ [936/4184] @RenaissancePeriodization | Get A HUGE Back With This Simple Squat Rack Only F... | 2 chunks
✅ [937/4184] @RenaissancePeriodization | Get Six-pack Abs At Home With The Best Single Ab E... | 1 chunks
✅ [938/4184] @RenaissancePeriodization | Why Tracking Your Rest Times Between Sets Is A Ter... | 2 chunks
✅ [939/4184] @RenaissancePeriodization | The Fake Certainty of Nutrition Science... | 4 chunks
✅ [940/4184] @RenaissancePeriodization | 5 Things Everyone Gets Wrong About Arm Training... | 1 chunks
✅ [941/4184] @RenaissancePeriodization | Should You Lift Heavy For Muscle Gains, Light For ... | 2 chunks
✅ [942/4184] @RenaissancePeriodization | Is Insulin Resistance Keeping You From Gaining Mus... | 2 chunks
✅ [943/4184] @RenaissancePeriodization | Relaxation Leads To MORE GAINZ？... | 2 chunks
✅ [944/4184] @RenaissancePeriodization | LOW vs HIGH Reps For Fat Loss- One IS BETTER!... | 2 chunks
✅ [945/4184] @RenaissancePeriodization | Cardio & Weightlifting Now In A Shot IS REAL... | 2 chunks
✅ [946/4184] @RenaissancePeriodization | Ranking the Best and Worst High Protein Chips... | 2 chunks
✅ [947/4184] @RenaissancePeriodization | Can Rounding Your Back Be GOOD In Weight Training？... | 1 chunks
✅ [948/4184] @RenaissancePeriodization | Did I Make a Mistake？... | 2 chunks
✅ [949/4184] @RenaissancePeriodization | You Might Be Fatter Than You Think! How To Tell Bo... | 3 chunks
✅ [950/4184] @RenaissancePeriodization | Get Bigger Quads With This Science-Based Program!... | 3 chunks
✅ [951/4184] @RenaissancePeriodization | How To Reduce Your Injury Rate In The Gym By 10x... | 2 chunks
✅ [952/4184] @RenaissancePeriodization | Good Morning Master Class ｜ Targeting The Muscle... | 1 chunks
✅ [953/4184] @RenaissancePeriodization | Exercise Scientist Exposes Dr. Oz's Nutrition Lies... | 3 chunks
✅ [954/4184] @RenaissancePeriodization | The ＂Best＂ Chest Exercise？ We Examine The Science... | 1 chunks
✅ [955/4184] @RenaissancePeriodization | Ultra High Protein Is a MUST？... | 1 chunks
✅ [956/4184] @RenaissancePeriodization | Are Protein Bars Actually Healthy？... | 2 chunks
✅ [957/4184] @RenaissancePeriodization | IFBB Pro SHOCKED When We Fix His Barbell Row (You’... | 2 chunks
✅ [958/4184] @RenaissancePeriodization | ＂Natty Or Not＂ Culture Is Failing You (Here’s Why)... | 2 chunks
✅ [959/4184] @RenaissancePeriodization | Get The Most Out Of Chest Machines ｜ Targeting The... | 1 chunks
✅ [960/4184] @RenaissancePeriodization | DISGUSTING And Effective 6 Set Quad Growth Workout... | 2 chunks
✅ [961/4184] @RenaissancePeriodization | Is A High Protein Diet Shortening Your Life？ NEW S... | 2 chunks
✅ [962/4184] @RenaissancePeriodization | How to Cut Water Weight The Right Way (advice from... | 3 chunks
✅ [963/4184] @RenaissancePeriodization | We've Checked Out Hundreds Of Your Squats- Here's ... | 1 chunks
✅ [964/4184] @RenaissancePeriodization | Our Wild Quest For The Perfect Protein Bar... | 2 chunks
✅ [965/4184] @RenaissancePeriodization | How Training Like a “Wuss” Made Me Bigger... | 3 chunks
✅ [966/4184] @RenaissancePeriodization | PRs At All Costs？？？... | 1 chunks
✅ [967/4184] @RenaissancePeriodization | How Much Bad Sleep Destroys Muscle Gains... | 2 chunks
✅ [968/4184] @RenaissancePeriodization | Why Pro Athletes Suck at Weight Training... | 3 chunks
✅ [969/4184] @RenaissancePeriodization | Partial Reps That Actually Build Muscle (And Aren'... | 2 chunks
✅ [970/4184] @RenaissancePeriodization | How To Get Bigger Calves： The Best Training Progra... | 3 chunks
✅ [971/4184] @RenaissancePeriodization | ＂The Smith Machine Is A Waste Of Time Bro＂... | 1 chunks
✅ [972/4184] @RenaissancePeriodization | Pro Bodybuilder Attempts To Train Legs With His Wi... | 2 chunks
✅ [973/4184] @RenaissancePeriodization | Cut The Crap Lat Exercises! Effective Huge Back Wo... | 2 chunks
✅ [974/4184] @RenaissancePeriodization | Get Massive Legs With This Two Exercise NATTY Leg ... | 2 chunks
✅ [975/4184] @RenaissancePeriodization | Complete Back Development Workout... | 2 chunks
✅ [976/4184] @RenaissancePeriodization | Exercise Scientist Critiques HUGE Fitness Youtuber... | 2 chunks
✅ [977/4184] @RenaissancePeriodization | Intermittent Fasting Is Best For Health and Longev... | 1 chunks
✅ [978/4184] @RenaissancePeriodization | Can Mini Bulking Help You Build More Muscle？... | 2 chunks
✅ [979/4184] @RenaissancePeriodization | I Couldn’t Sleep— These Habits Changed Everything... | 3 chunks
✅ [980/4184] @RenaissancePeriodization | Exercise Scientist Critiques The Kardashians Holly... | 2 chunks
✅ [981/4184] @RenaissancePeriodization | Creatine’s Shocking Brain Benefits (Not Just for G... | 2 chunks
✅ [982/4184] @RenaissancePeriodization | My $250k Home Gym Sucked - How I Fixed It!... | 2 chunks
✅ [983/4184] @RenaissancePeriodization | Ashwagandha Boosts Muscle and Strength？ NEW RESEAR... | 3 chunks
✅ [984/4184] @RenaissancePeriodization | Exercise Scientist vs Navy SEAL： Does Their Traini... | 2 chunks
✅ [985/4184] @RenaissancePeriodization | Maximally Stimulate Your Chest With This Amazing P... | 1 chunks
✅ [986/4184] @RenaissancePeriodization | MSG Is Bad For You...REALLY？... | 1 chunks
✅ [987/4184] @RenaissancePeriodization | Thor Tries Bodybuilding... | 2 chunks
✅ [988/4184] @RenaissancePeriodization | Just Counting Calories Won’t Get You Shredded... | 2 chunks
✅ [989/4184] @RenaissancePeriodization | The Best Lift For Testing Overall Strength (Accord... | 1 chunks
✅ [990/4184] @RenaissancePeriodization | Bench Press for Maximum Muscle Growth ｜ Targeting ... | 1 chunks
✅ [991/4184] @RenaissancePeriodization | Exercise Scientist Destroys The Rock's Training... | 2 chunks
✅ [992/4184] @RenaissancePeriodization | Maximize Whole Back Growth On The Barbell Row ｜ Ta... | 1 chunks
✅ [993/4184] @RenaissancePeriodization | Dr. Mike Tries a Tren Twins Back Workout — Genius ... | 1 chunks
✅ [994/4184] @RenaissancePeriodization | We Force Atlantis CEO To Use His Equipment The Rig... | 1 chunks
✅ [995/4184] @RenaissancePeriodization | Quads, Glutes, Hams ROASTED In Just 3 Exercises... | 2 chunks
✅ [996/4184] @RenaissancePeriodization | Why You Should Train MORE Than The Pros... | 1 chunks
✅ [997/4184] @RenaissancePeriodization | We Ruined Our Friendship With Jeff Nippard... | 2 chunks
✅ [998/4184] @RenaissancePeriodization | Shirtless Selfies Are Harmful!？... | 3 chunks
✅ [999/4184] @RenaissancePeriodization | We Tested The Craziest Gym Equipment!... | 1 chunks
✅ [1000/4184] @RenaissancePeriodization | How Get The Most Muscle Growth From Dropsets... | 1 chunks
✅ [1001/4184] @RenaissancePeriodization | What You NEED To Know About Training To Failure... | 1 chunks
✅ [1002/4184] @RenaissancePeriodization | The Truth About ＂Calories In, Calories Out＂... | 1 chunks
✅ [1003/4184] @RenaissancePeriodization | Is Stevia Worse Than The Other Sweeteners？... | 1 chunks
✅ [1004/4184] @RenaissancePeriodization | Exercise Scientist Critiques Kevin Hart's Training... | 2 chunks
✅ [1005/4184] @RenaissancePeriodization | GET MORE RESULTS： Dumbbell Press Master Class... | 2 chunks
✅ [1006/4184] @RenaissancePeriodization | The Most Important Muscles To Train To Look Bigger... | 2 chunks
✅ [1007/4184] @RenaissancePeriodization | Dr. Mike's Grocery Haul... | 2 chunks
✅ [1008/4184] @RenaissancePeriodization | Champion Strongman Tries BRUTAL High Volume Bodybu... | 2 chunks
✅ [1009/4184] @RenaissancePeriodization | The Strength vs Size Training Mistakes Everyone Ma... | 3 chunks
✅ [1010/4184] @RenaissancePeriodization | 3 Exercise Scientists Share Their Ultimate Science... | 2 chunks
✅ [1011/4184] @RenaissancePeriodization | This Is Why Your Training MUST Get Harder Every We... | 2 chunks
✅ [1012/4184] @RenaissancePeriodization | Can Dr. Mike Hang With The Pros？ feat Jonni Shreve... | 2 chunks
✅ [1013/4184] @RenaissancePeriodization | Is HIT Training The Best Way To Grow Muscle？... | 2 chunks
✅ [1014/4184] @RenaissancePeriodization | Never Use Straps Again： Best Tool For Back Growth... | 2 chunks
✅ [1015/4184] @RenaissancePeriodization | Are SARMs The New Secret Weapon For Building Muscl... | 1 chunks
✅ [1016/4184] @RenaissancePeriodization | A Scientifically-Effective Full Body Workout With ... | 2 chunks
✅ [1017/4184] @RenaissancePeriodization | Exercise Scientist Dismantles Gary Brecka’s Absurd... | 2 chunks
✅ [1018/4184] @RenaissancePeriodization | Exercise Scientist Breaks Down Michael B. Jordan's... | 1 chunks
✅ [1019/4184] @RenaissancePeriodization | 52 Sets Is BEST For Building Muscle (New Science)... | 3 chunks
✅ [1020/4184] @RenaissancePeriodization | Asking The Most Awkward Questions At The Olympia 2... | 1 chunks
✅ [1021/4184] @RenaissancePeriodization | How Much Volume Is Right FOR YOU (ft RP Hypertroph... | 2 chunks
✅ [1022/4184] @RenaissancePeriodization | Exercise Scientist Dissects Will Tennyson's Traini... | 2 chunks
✅ [1023/4184] @RenaissancePeriodization | Mind Muscle Connection Is The MOST Important For G... | 2 chunks
✅ [1024/4184] @RenaissancePeriodization | The WHO Is Wrong! Aspartame In Diet Soda Might Cau... | 1 chunks
✅ [1025/4184] @RenaissancePeriodization | Devastating Lat Focused Workout In Just 3 Exercise... | 1 chunks
✅ [1026/4184] @RenaissancePeriodization | He Said These Were For ＂Old Ladies＂ -- But He Was ... | 2 chunks
✅ [1027/4184] @RenaissancePeriodization | 5 Killer Delt Movements (From a Pro Bodybuilder)... | 2 chunks
✅ [1028/4184] @RenaissancePeriodization | Everyday Drugs That Can Steal Muscle Gains... | 3 chunks
✅ [1029/4184] @RenaissancePeriodization | The Great Deadlift Showdown： SLDL vs RDL... | 2 chunks
✅ [1030/4184] @RenaissancePeriodization | Simple Tips to Increase Your Bench Press IMMEDIATE... | 2 chunks
✅ [1031/4184] @RenaissancePeriodization | Squat, Bench, Deadlift, For Maximum Muscle Growth？... | 1 chunks
✅ [1032/4184] @RenaissancePeriodization | Vertical Emphasis Back Day With Dr. Mike and Jared... | 2 chunks
✅ [1033/4184] @RenaissancePeriodization | Finished Your Program？ Here's What's Next!... | 1 chunks
✅ [1034/4184] @RenaissancePeriodization | Are You Lifting Too Heavy Or Light？ (ft RP Hypertr... | 1 chunks
✅ [1035/4184] @RenaissancePeriodization | Overhead Pressing Optimized For Muscle Growth ｜ Ta... | 1 chunks
✅ [1036/4184] @RenaissancePeriodization | Is Red Meat THAT Bad For Your Health？... | 1 chunks
✅ [1037/4184] @RenaissancePeriodization | How To Progress On Your Lifts For Guaranteed Gains... | 1 chunks
✅ [1038/4184] @RenaissancePeriodization | Exercise Scientist Critiques Andrew Tate's Trainin... | 2 chunks
✅ [1039/4184] @RenaissancePeriodization | Build Chest, Shoulders & Triceps with This Brutal ... | 2 chunks
✅ [1040/4184] @RenaissancePeriodization | Is Inflammation GOOD For Muscle Gains？ DOMS Explai... | 1 chunks
✅ [1041/4184] @RenaissancePeriodization | Stop Overdoing It! How Many Sets Should You Really... | 3 chunks
✅ [1042/4184] @RenaissancePeriodization | What's The Best Way To Get 6 Pack Abs？... | 2 chunks
✅ [1043/4184] @RenaissancePeriodization | My NEW Training Program To Rebuild My Body After S... | 3 chunks
✅ [1044/4184] @RenaissancePeriodization | The Most Dangerous Supplements People Still Take... | 3 chunks
✅ [1045/4184] @RenaissancePeriodization | Nicotine for Fat Loss： Genius Hack or Deadly？... | 2 chunks
✅ [1046/4184] @RenaissancePeriodization | Ranking the Most Popular Testosterone Boosting Sup... | 2 chunks
✅ [1047/4184] @RenaissancePeriodization | We're All SOOOOO Impressed... | 1 chunks
✅ [1048/4184] @RenaissancePeriodization | These Diet Mistakes Are Ruining Your Muscle Gains... | 3 chunks
✅ [1049/4184] @RenaissancePeriodization | The Scam Supplement That Made Millions (Turkestero... | 2 chunks
✅ [1050/4184] @RenaissancePeriodization | How Little Can You Train And Still Grow Muscle？... | 2 chunks
✅ [1051/4184] @RenaissancePeriodization | Rating the Most Popular Protein Powders (Some Were... | 3 chunks
✅ [1052/4184] @RenaissancePeriodization | End The Shoulder Impingement Hysteria!... | 2 chunks
✅ [1053/4184] @RenaissancePeriodization | Can A Bodybuilder COOK BETTER Than A Kid？... | 1 chunks
✅ [1054/4184] @RenaissancePeriodization | Exercise Scientist Critiques HIS OWN Old Training ... | 2 chunks
✅ [1055/4184] @RenaissancePeriodization | Only Train In ＂Active Range Of Motion＂ For Best Mu... | 2 chunks
✅ [1056/4184] @RenaissancePeriodization | How Shredded Can You Get？ There's A Limit!... | 2 chunks
✅ [1057/4184] @RenaissancePeriodization | Grow Your Glutes With These Science-based Exercise... | 2 chunks
✅ [1058/4184] @RenaissancePeriodization | A Huge Reason You Can't Lose Weight... | 2 chunks
✅ [1059/4184] @RenaissancePeriodization | The Truth About Exercise Order For Growth... | 2 chunks
✅ [1060/4184] @RenaissancePeriodization | The Belly Fat Spot-Reduction That (Actually) Works... | 2 chunks
✅ [1061/4184] @RenaissancePeriodization | 5 Tips For Growing Bigger Quads Quickly!... | 1 chunks
✅ [1062/4184] @RenaissancePeriodization | Can You Get Shredded On A Bad Diet？... | 1 chunks
✅ [1063/4184] @RenaissancePeriodization | In A Rush？ Try This Time Saving Full Upper Body Wo... | 2 chunks
✅ [1064/4184] @RenaissancePeriodization | Exercise Scientist Critiques Jay Cutler's BRUTAL O... | 2 chunks
✅ [1065/4184] @RenaissancePeriodization | Add Some Serious Size To Your Arms- Check Out This... | 4 chunks
✅ [1066/4184] @RenaissancePeriodization | Does Not Getting Sore Mean You're Not Growing Musc... | 1 chunks
✅ [1067/4184] @RenaissancePeriodization | Exercise Scientist Destroys Mark Wahlberg's INSANE... | 2 chunks
✅ [1068/4184] @RenaissancePeriodization | Exercise Scientist Critiques Chris Pratt's INSANE ... | 2 chunks
✅ [1069/4184] @RenaissancePeriodization | Struggling to Gain Muscle as a Natty？ Ask the Expe... | 3 chunks
✅ [1070/4184] @RenaissancePeriodization | The 5 Most Dangerous Machines in the Gym... | 3 chunks
✅ [1071/4184] @RenaissancePeriodization | Build Insanely Huge Arms With These Unique Trainin... | 2 chunks
✅ [1072/4184] @RenaissancePeriodization | My Home Gym Tour - See My Insane Workout Setup!... | 2 chunks
✅ [1073/4184] @RenaissancePeriodization | This Wwe Star Shatters Expectations With His Insan... | 2 chunks
✅ [1074/4184] @RenaissancePeriodization | Inside Look： How Dr. Mike Trains Back, with SCIENC... | 2 chunks
✅ [1075/4184] @RenaissancePeriodization | Marine Challenged Us!... | 2 chunks
✅ [1076/4184] @RenaissancePeriodization | Get Ripped Abs With These 5 Simple Training Rules... | 1 chunks
✅ [1077/4184] @RenaissancePeriodization | Exercise Scientist Critiques PRISON TRAINING... | 2 chunks
✅ [1078/4184] @RenaissancePeriodization | 16 Set Biceps and Triceps Massacre- Try It!... | 2 chunks
✅ [1079/4184] @RenaissancePeriodization | Why You Should Never Do Overhead Presses For Bigge... | 1 chunks
✅ [1080/4184] @RenaissancePeriodization | The Secret to Truly Huge Arms (Grow Your Forearms)... | 1 chunks
✅ [1081/4184] @RenaissancePeriodization | How To Get Massive Legs Without Training To Failur... | 2 chunks
✅ [1082/4184] @RenaissancePeriodization | Exercise Scientist Breaks Down Henry Cavill's Witc... | 1 chunks
✅ [1083/4184] @RenaissancePeriodization | Too Much Protein Is Bad For You!？... | 1 chunks
✅ [1084/4184] @RenaissancePeriodization | How To Get On Track For Fat Loss and Muscle Gain... | 2 chunks
✅ [1085/4184] @RenaissancePeriodization | Are Weekends Ruining Your Diet？... | 1 chunks
✅ [1086/4184] @RenaissancePeriodization | Why Blindly Copying A Pro Bodybuilder Is A Terribl... | 1 chunks
✅ [1087/4184] @RenaissancePeriodization | Are Seed Oils Bad For Your Health？... | 1 chunks
✅ [1088/4184] @RenaissancePeriodization | Build A Bigger Chest And Triceps With The Latest S... | 1 chunks
✅ [1089/4184] @RenaissancePeriodization | How To Add More Reps To Your Pushups FOR SURE... | 4 chunks
✅ [1090/4184] @RenaissancePeriodization | Are You Warming Up Like This？... | 1 chunks
✅ [1091/4184] @RenaissancePeriodization | Fixing Tristyn Lee's ＂Terrible＂ Chest With This Sc... | 2 chunks
✅ [1092/4184] @RenaissancePeriodization | Exercise Scientist Critiques Video Game Workouts (... | 2 chunks
✅ [1093/4184] @RenaissancePeriodization | Feeder Workouts： The Secret To Huge Muscle Growth？... | 2 chunks
✅ [1094/4184] @RenaissancePeriodization | The Best Forgotten Exercises From the '80s... | 1 chunks
✅ [1095/4184] @RenaissancePeriodization | Get Bigger Legs On One Simple Machine! (ft. Marc L... | 2 chunks
✅ [1096/4184] @RenaissancePeriodization | Need More Growth？ Myorep Match Is The Solution!... | 2 chunks
✅ [1097/4184] @RenaissancePeriodization | The ＂Safest＂ Way to Use Steroids ｜ Joe Jeffery... | 9 chunks
✅ [1098/4184] @RenaissancePeriodization | Exercise Scientist Critiques Mr. Beast’s 100LBS We... | 2 chunks
✅ [1099/4184] @RenaissancePeriodization | Why You NEED A Training Partner (For More Reasons ... | 3 chunks
✅ [1100/4184] @RenaissancePeriodization | 7 Deadlift Modifications For More MUSCLE GROWTH... | 2 chunks
✅ [1101/4184] @RenaissancePeriodization | Pro Crossfitters Destroy Bodybuilding Workout with... | 2 chunks
✅ [1102/4184] @RenaissancePeriodization | Exercise Scientist Critiques The BEST PHYSIQUE OF ... | 2 chunks
✅ [1103/4184] @RenaissancePeriodization | Master The Controversial Upright Row ｜ Targeting T... | 1 chunks
✅ [1104/4184] @RenaissancePeriodization | Get Shredded For Spring Break NOW- Huge Changes In... | 3 chunks
✅ [1105/4184] @RenaissancePeriodization | Tristyn Lee And Jonni Shreve Attempt The MOST BRUT... | 2 chunks
✅ [1106/4184] @RenaissancePeriodization | DON'T Be This Guy： The Dumbest Reason To Do Steroi... | 3 chunks
✅ [1107/4184] @RenaissancePeriodization | How to Improve Your Pull-up Strength Quickly and E... | 2 chunks
✅ [1108/4184] @RenaissancePeriodization | Is TRT for you？... | 2 chunks
✅ [1109/4184] @RenaissancePeriodization | What Matters MOST For Effective Muscle Growth... | 2 chunks
✅ [1110/4184] @RenaissancePeriodization | The Worst Advice I've Ever Followed... | 2 chunks
✅ [1111/4184] @RenaissancePeriodization | Eating Tasty Food Will RUIN Your Diet And Physique... | 1 chunks
✅ [1112/4184] @ChrisBumstead | THIS CRUSHED MY DREAMS ｜ FULL SHOULDER WORKOUT... | 2 chunks
✅ [1113/4184] @ChrisBumstead | THE BEST SHOULDER PUMP ｜ 2 WEEKS OUT... | 2 chunks
✅ [1114/4184] @ChrisBumstead | BICEPS TEAR UPDATE ｜ FIRST ARM WORKOUT... | 2 chunks
✅ [1115/4184] @ChrisBumstead | TRAINING SHOULDERS W. HANY RAMBOD... | 2 chunks
✅ [1116/4184] @ChrisBumstead | THE END IS HERE ｜ SHOW DAY FINALE... | 3 chunks
✅ [1117/4184] @ChrisBumstead | JOOCY ARM WORKOUT ｜ EXCITING NEW THINGS... | 2 chunks
✅ [1118/4184] @ChrisBumstead | CHEST DAY W. HANY RAMBOD ｜ FIRST TEXAS BBQ EXPERIE... | 2 chunks
✅ [1119/4184] @ChrisBumstead | CHEST DAY = TANK TOP SEASON... | 1 chunks
✅ [1120/4184] @ChrisBumstead | LAST WORKOUT IN FLORIDA ｜ RETURN OF THE STACHE... | 1 chunks
✅ [1121/4184] @ChrisBumstead | OLYMPIA PREP BACK WORKOUT ｜ MENTAL UPDATE... | 1 chunks
✅ [1122/4184] @ChrisBumstead | MORNING ROUTINE IN PREP ｜ SHREDDED SHOULDER WORKOU... | 3 chunks
✅ [1123/4184] @ChrisBumstead | LEG WORKOUT TRAINING FOR THE OLYMPIA... | 2 chunks
✅ [1124/4184] @ChrisBumstead | FULL DAY OF EATING ｜ MR. OLYMPIA OFF-SEASON... | 2 chunks
✅ [1125/4184] @ChrisBumstead | Full Day of Eating ｜ Off-Season Bulk... | 2 chunks
✅ [1126/4184] @ChrisBumstead | PEAK WEEK GROCERY HAUL ｜ SHOULDER WORKOUT... | 1 chunks
✅ [1127/4184] @ChrisBumstead | BRUTAL LEG WORKOUT WITH HANY RAMBOD... | 2 chunks
✅ [1128/4184] @ChrisBumstead | SHOW DAY MR. OLYMPIA ｜ PART 1 - PRE-JUDGING... | 2 chunks
✅ [1129/4184] @ChrisBumstead | CBUM ANSWERS QUESTIONS... | 2 chunks
✅ [1130/4184] @ChrisBumstead | 2.5 WEEKS OUT MENTAL UPDATE ｜ FULL BACK DAY... | 1 chunks
✅ [1131/4184] @ChrisBumstead | RAW CHEST WORKOUT ｜ 4 WEEKS OUT... | 1 chunks
✅ [1132/4184] @ChrisBumstead | SHOULDERS WITH CHRISTIAN GUZMAN ｜ TAMPA VLOG... | 2 chunks
✅ [1133/4184] @ChrisBumstead | THIS LEG DAY REALLY SUCKED W. CHRISTIAN GUZMAN... | 2 chunks
✅ [1134/4184] @ChrisBumstead | MORNING ROUTINE ｜ ARM WORKOUT 5 WEEKS OUT... | 2 chunks
✅ [1135/4184] @ChrisBumstead | NELK BOYS + FULL SEND PODCAST ｜ ARM DAY W. VAUGHN... | 2 chunks
✅ [1136/4184] @ChrisBumstead | CHEST DAY POSING W. HANY RAMBOD & HADI CHOOPAN... | 2 chunks
✅ [1137/4184] @ChrisBumstead | ARM WORKOUT W. URS ｜ 1 WEEK OUT... | 3 chunks
✅ [1138/4184] @ChrisBumstead | PREP SERIES 2023 ｜ NO QUIT... | 1 chunks
✅ [1139/4184] @ChrisBumstead | PEELED OLYMPIA BACK WORKOUT ｜ CARDIO： SHOPPING EDI... | 2 chunks
✅ [1140/4184] @ChrisBumstead | SHOULDER WORKOUT ｜ AM I TOO DISTRACTED？？... | 1 chunks
✅ [1141/4184] @ChrisBumstead | CONQUERING MY FEAR ｜ OUR FIRST SEMINAR + CHEST DAY... | 1 chunks
✅ [1142/4184] @ChrisBumstead | FISHING FOR SHARKS？! ｜ ALMOST TOOK ME OUT w. BLACK... | 2 chunks
✅ [1143/4184] @ChrisBumstead | OLYMPIA WEIGH INS ｜ LATE NIGHT HOTEL WORKOUT... | 2 chunks
✅ [1144/4184] @ChrisBumstead | Life Update.... | 1 chunks
✅ [1145/4184] @ChrisBumstead | BACK WORKOUT ｜ MY CHILDHOOD DREAM... | 2 chunks
✅ [1146/4184] @ChrisBumstead | CBUM VS. NAVY SEALS ｜ GBRS GROUP... | 1 chunks
✅ [1147/4184] @ChrisBumstead | LAST LEG WORKOUT ｜ 6 DAYS OUT THE OLYMPIA... | 2 chunks
✅ [1148/4184] @ChrisBumstead | TOUCH DOWN IN VEGAS ｜ 1 WEEK OUT CHEST WORKOUT... | 2 chunks
✅ [1149/4184] @ChrisBumstead | FST-7 ARM DAY W. HANY RAMBOD & HADI CHOOPAN... | 1 chunks
✅ [1150/4184] @ChrisBumstead | FULL DAY OF EATING ｜ CARB LOAD BEFORE SHOW DAY... | 3 chunks
✅ [1151/4184] @ChrisBumstead | Brutal High Volume Leg Workout... | 2 chunks
✅ [1152/4184] @ChrisBumstead | FULL DAY OF EATING ｜ 6 WEEKS OUT MR. OLYMPIA... | 2 chunks
✅ [1153/4184] @ChrisBumstead | FULL BACK WORKOUT ｜ END OF THE BULK... | 3 chunks
✅ [1154/4184] @ChrisBumstead | CHEST DAY W. HANY RAMBOD ｜ CLASSIC OLYMPIA... | 2 chunks
✅ [1155/4184] @ChrisBumstead | HOW I’VE BEEN FEELING ｜ LEG DAY BATTLE... | 2 chunks
✅ [1156/4184] @ChrisBumstead | Chest Workout at the Arnold... | 1 chunks
✅ [1157/4184] @ChrisBumstead | FULL CHEST WORKOUT W. COACH HANY RAMBOD... | 2 chunks
✅ [1158/4184] @ChrisBumstead | MY FIRST LAKERS GAME ｜ BACK DAY WITH FLEX LEWIS... | 2 chunks
✅ [1159/4184] @ChrisBumstead | SHREDDED LEG DAY ｜ SNEAK PEAK... | 2 chunks
✅ [1160/4184] @ChrisBumstead | CHEST DAY W. VAUGHN WALKER ｜ WHY ARE WE SO WEAK…... | 1 chunks
✅ [1161/4184] @ChrisBumstead | BRUTAL LEG DAY W. HANY AT BEVS GYM... | 2 chunks
✅ [1162/4184] @ChrisBumstead | FULL DAY OF EATING TO GET SHREDDED ｜ OLYMPIA PREP... | 2 chunks
✅ [1163/4184] @ChrisBumstead | A Workout with David Laid... | 1 chunks
✅ [1164/4184] @ChrisBumstead | A Workout with Ryan Terry... | 2 chunks
✅ [1165/4184] @ChrisBumstead | GROCERY HAUL OFF-SEASON WITH CBUM... | 3 chunks
✅ [1166/4184] @ChrisBumstead | I'M BALD ｜ FULL BACK WORKOUT... | 2 chunks
✅ [1167/4184] @ChrisBumstead | OLYMPIA CHEST WORKOUT ｜ 3 WEEKS OUT... | 1 chunks
✅ [1168/4184] @ChrisBumstead | Turning The Nelk Boys into bodybuilders.... | 2 chunks
✅ [1169/4184] @ChrisBumstead | BUILDING A THICK BACK ｜ GETTING TATTED... | 2 chunks
✅ [1170/4184] @ChrisBumstead | FULL BACK WORKOUT ｜ HOW TO BE A THAVAGE... | 1 chunks
✅ [1171/4184] @ChrisBumstead | BACK WORKOUT WITH IAIN VALLIERE... | 2 chunks
✅ [1172/4184] @ChrisBumstead | BUILDING BIG ARMS ｜ OFF-SEASON TRAINING... | 2 chunks
✅ [1173/4184] @ChrisBumstead | HIGH CARB DAY + BACK WORKOUT... | 2 chunks
✅ [1174/4184] @ChrisBumstead | Back Workout with Hadi Choopan and Hany Rambod... | 2 chunks
✅ [1175/4184] @ChrisBumstead | A Workout and Talk with Chris Williamson... | 5 chunks
✅ [1176/4184] @ChrisBumstead | DAYS OUT THE OLYMPIA ｜ BACK WORKOUT... | 2 chunks
✅ [1177/4184] @ChrisBumstead | My New Toilet ｜ Leg Workout... | 2 chunks
✅ [1178/4184] @ChrisBumstead | Bodybuilding on Vacation.... | 1 chunks
✅ [1179/4184] @ChrisBumstead | LIFE UPDATE ｜ MY CURRENT LEG WORKOUT... | 2 chunks
✅ [1180/4184] @ChrisBumstead | BIG BOI SHOULDER WORKOUT W. IAIN VALLIERE... | 1 chunks
✅ [1181/4184] @ChrisBumstead | Heavy Chest Day.... | 2 chunks
✅ [1182/4184] @ChrisBumstead | FULL DAY OF EATING 1 WEEK OUT MR. OLYMPIA... | 2 chunks
✅ [1183/4184] @ChrisBumstead | Life update.... | 1 chunks
✅ [1184/4184] @ChrisBumstead | RAW BACK WORKOUT W. HANY RAMBOD ｜ BRINGING UP MY W... | 2 chunks
✅ [1185/4184] @ChrisBumstead | HAMSTRING WORKOUT ｜ BACK TO CANADA... | 1 chunks
✅ [1186/4184] @ChrisBumstead | BRUTAL BACK WORKOUT ｜ OLYMPIA PREP EDITION... | 1 chunks
✅ [1187/4184] @ChrisBumstead | FULL LEG WORKOUT ｜ BEGINNING OF BUM ENERGY... | 1 chunks
✅ [1188/4184] @ChrisBumstead | ARM WORKOUT W. URS 2 DAYS POST ARNOLD... | 2 chunks
✅ [1189/4184] @ChrisBumstead | LOCK IT IN FOR THE OLYMPIA ｜ HAMSTRING WORKOUT... | 2 chunks
✅ [1190/4184] @ChrisBumstead | THE LAST LEG WORKOUT ｜ 1 WEEK OUT... | 1 chunks
✅ [1191/4184] @ChrisBumstead | LEAN BEEF PATTY & BRETT WILKIN DEADLY LEG DAY... | 2 chunks
✅ [1192/4184] @ChrisBumstead | SHARING MY SECRETS ｜ ARM DAY W. VAUGHN... | 1 chunks
✅ [1193/4184] @ChrisBumstead | MENTAL UPDATE ｜ 2 WEEKS OUT MR. OLYMPIA... | 2 chunks
✅ [1194/4184] @ChrisBumstead | OLYMPIA Q&A ｜ BUILDING A STRONG MINDSET... | 3 chunks
✅ [1195/4184] @ChrisBumstead | OFF-SEASON BACK GROWTH ｜ COMING SOON... | 2 chunks
✅ [1196/4184] @ChrisBumstead | OLYMPIA LEG WORKOUT W. HADI CHOOPAN + HANY RAMBOD... | 2 chunks
✅ [1197/4184] @ChrisBumstead | CBUM VS URS, RAMON & WESLEY... | 1 chunks
✅ [1198/4184] @ChrisBumstead | FULL CHEST DAY AT BUM LIFTING CLUB... | 1 chunks
✅ [1199/4184] @ChrisBumstead | BRUTAL LEG WORKOUT ｜ 6 WEEKS OUT OLYMPIA... | 1 chunks
✅ [1200/4184] @ChrisBumstead | PUBLIC GYM SHOULDER WORKOUT ｜ ARNOLD CLASSIC WEEKE... | 2 chunks
✅ [1201/4184] @ChrisBumstead | FULL DAY OF EATING IN THE OFF-SEASON... | 1 chunks
✅ [1202/4184] @ChrisBumstead | FULL DAY OF EATING ｜ START OF THE BULK... | 3 chunks
✅ [1203/4184] @ChrisBumstead | FULL DAY OF EATING ｜ 5 WEEKS OUT THE OLYMPIA... | 2 chunks
✅ [1204/4184] @ChrisBumstead | CHEST WORKOUT DAYS OUT OF THE OLYMPIA ｜ CARB LOAD ... | 1 chunks
✅ [1205/4184] @ChrisBumstead | Full arm workout with my baby mama.... | 1 chunks
✅ [1206/4184] @ChrisBumstead | CBUM TRAINING CHEST... | 2 chunks
✅ [1207/4184] @ChrisBumstead | LEG WORKOUT DONE RIGHT W. HYPERTROPHY COACH... | 3 chunks
✅ [1208/4184] @ChrisBumstead | CRAZY SHOULDER WORKOUT W. SETH FEROCE & HANY RAMBO... | 2 chunks
✅ [1209/4184] @ChrisBumstead | CHRIS BUMSTEAD OLYMPIA MOTIVATION ｜ CHAMPION MENTA... | 1 chunks
✅ [1210/4184] @ChrisBumstead | INDIA WORKOUT ｜ GOLFING IN DUBAI... | 1 chunks
✅ [1211/4184] @ChrisBumstead | CHEST DAY W. HANY RAMBOD... | 2 chunks
✅ [1212/4184] @ChrisBumstead | CBUM DOES CHEST DAY + PAINTBALL... | 2 chunks
✅ [1213/4184] @ChrisBumstead | GROCERY HAUL & A BIG OL’ CHEST WORKOUT... | 2 chunks
✅ [1214/4184] @ChrisBumstead | BRUTAL BACK DAY ｜ PREP SECRETS BBQ STYLE... | 1 chunks
✅ [1215/4184] @ChrisBumstead | FINDING THE RIGHT PARTNER ｜ FULL DAY OF Q&A... | 2 chunks
✅ [1216/4184] @ChrisBumstead | BIGGEST LESSONS I’VE LEARNED ｜ HAMSTRING WORKOUT... | 2 chunks
✅ [1217/4184] @ChrisBumstead | SHREDDED CHEST WORKOUT ｜ OLYMPIA PREP... | 1 chunks
✅ [1218/4184] @ChrisBumstead | POST CHEAT MEAL LEG WORKOUT... | 2 chunks
✅ [1219/4184] @ChrisBumstead | DESERT RACING IN DUBAI ｜ HOTEL WORKOUT... | 1 chunks
✅ [1220/4184] @ChrisBumstead | CRAZY ARM PUMP ｜ TIME TO FIX MY BROKEN BODY... | 2 chunks
✅ [1221/4184] @ChrisBumstead | OLYMPIA SHOWDAY FINALE ｜ WHAT IT TAKES TO BE A CHA... | 3 chunks
✅ [1222/4184] @ChrisBumstead | LEG DAY IN TENNESSEE ｜ Q&A EVENT AT CARBON CULTURE... | 1 chunks
✅ [1223/4184] @ChrisBumstead | CBUM VS. RAMON DINO ｜ FULL BACK WORKOUT... | 2 chunks
✅ [1224/4184] @ChrisBumstead | HEAVY BACK WORKOUT W. DEREK LUNSFORD... | 3 chunks
✅ [1225/4184] @ChrisBumstead | THE FINAL DAY ｜ CHECK INS AND CARB UP... | 3 chunks
✅ [1226/4184] @ChrisBumstead | CHEST WORKOUT W. CHRIS WILLIAMSON ｜ MODERN WISDOM... | 2 chunks
✅ [1227/4184] @ChrisBumstead | CBUM TRAINING ARMS... | 1 chunks
✅ [1228/4184] @PeterAttiaMD | 343–The evolving role of radiation： cancer treatme... | 12 chunks
✅ [1229/4184] @PeterAttiaMD | AMA #3： supplements, women’s health, patient care,... | 11 chunks
✅ [1230/4184] @PeterAttiaMD | 3 of my favorite grip exercises... | 1 chunks
✅ [1231/4184] @PeterAttiaMD | Can We Objectively Measure Pain？  ｜ Sean Mackey, M... | 1 chunks
✅ [1232/4184] @PeterAttiaMD | The definition of trauma ｜ Jeff English... | 1 chunks
✅ [1233/4184] @PeterAttiaMD | The Evolution of Beauty ｜ Tanuj Nakra, M.D. & Suza... | 1 chunks
✅ [1234/4184] @PeterAttiaMD | What have been the biggest successes and challenge... | 1 chunks
✅ [1235/4184] @PeterAttiaMD | (2⧸6)  The ＂Jane Fonda＂ glute med exercise... | 1 chunks
✅ [1236/4184] @PeterAttiaMD | 368 ‒ The protein debate： optimal intake, limitati... | 8 chunks
✅ [1237/4184] @PeterAttiaMD | Longevity Science vs. Hype ｜ Brian Kennedy, Ph.D.... | 1 chunks
✅ [1238/4184] @PeterAttiaMD | Ibuprofen, Naproxen, Celecoxib： When Are NSAIDs Ac... | 1 chunks
✅ [1239/4184] @PeterAttiaMD | Extending Fertility With Egg Freezing： Age, Cost &... | 1 chunks
✅ [1240/4184] @PeterAttiaMD | Medicine 3.0： Rethinking Prostate Cancer Screening... | 1 chunks
✅ [1241/4184] @PeterAttiaMD | #02 – Rhonda Patrick, Ph.D.： paradox of IGF-1, ket... | 9 chunks
✅ [1242/4184] @PeterAttiaMD | 366 ‒ Transforming education with AI and an indivi... | 9 chunks
✅ [1243/4184] @PeterAttiaMD | Restoring Speech： Can AI Help the Paralyzed Commun... | 1 chunks
✅ [1244/4184] @PeterAttiaMD | How to think about preserving aerobic capacity and... | 1 chunks
✅ [1245/4184] @PeterAttiaMD | 352 ‒ Female fertility： reproductive health, treat... | 12 chunks
✅ [1246/4184] @PeterAttiaMD | How Falls Become Fatal After Age 65 ｜ Peter Attia ... | 1 chunks
✅ [1247/4184] @PeterAttiaMD | Can AI Learning Outcompete TikTok for Kids’ Attent... | 1 chunks
✅ [1248/4184] @PeterAttiaMD | Bunions & Hammer Toes： Causes, Symptoms, & Solutio... | 1 chunks
✅ [1249/4184] @PeterAttiaMD | #05 - Dom D’Agostino, Ph.D.： ketosis, n=1, exogeno... | 12 chunks
✅ [1250/4184] @PeterAttiaMD | Is Consciousness Required to Feel Pain？ ｜ Sean Mac... | 1 chunks
✅ [1251/4184] @PeterAttiaMD | “We Die How We Live”： The Power of Self-Forgivenes... | 1 chunks
✅ [1252/4184] @PeterAttiaMD | Training Intensity & Volume to Balance Gains and F... | 1 chunks
✅ [1253/4184] @PeterAttiaMD | Is It Too Late for Hormone Therapy After Menopause... | 1 chunks
✅ [1254/4184] @PeterAttiaMD | Biological Age vs. Real Age： Which Matters More？ ｜... | 1 chunks
✅ [1255/4184] @PeterAttiaMD | Back Surgery or Not？ How to Decide  ｜ Stuart McGil... | 1 chunks
✅ [1256/4184] @PeterAttiaMD | 317 ‒ Reforming medicine： uncovering blind spots, ... | 10 chunks
✅ [1257/4184] @PeterAttiaMD | 359 ‒ How metabolic and immune system dysfunction ... | 11 chunks
✅ [1258/4184] @PeterAttiaMD | 363 ‒ A new frontier in neurosurgery： brain-comput... | 9 chunks
✅ [1259/4184] @PeterAttiaMD | Can Humans Become Physically Immortal？ ｜ Brian Ken... | 1 chunks
✅ [1260/4184] @PeterAttiaMD | Breaking & Building Habits： Timelines, Difficultie... | 1 chunks
✅ [1261/4184] @PeterAttiaMD | 360 ‒ How to change your habits： why they form and... | 12 chunks
✅ [1262/4184] @PeterAttiaMD | The Longevity Toolkit： Peter Attia’s 5 Tactics to ... | 2 chunks
✅ [1263/4184] @PeterAttiaMD | Aging Prevention： How to Stay Ahead of Facial Agin... | 2 chunks
✅ [1264/4184] @PeterAttiaMD | Testosterone for Women： Myths, Truths, and Real Be... | 1 chunks
✅ [1265/4184] @PeterAttiaMD | Breakthroughs in Belief： How to Transform Your Min... | 1 chunks
✅ [1266/4184] @PeterAttiaMD | 367 - Tylenol, pregnancy, and autism： What recent ... | 6 chunks
✅ [1267/4184] @PeterAttiaMD | Prostate Cancer： Radiation vs. Surgery ｜ Sanjay Me... | 1 chunks
✅ [1268/4184] @PeterAttiaMD | 355 – Skincare strategies, the science of facial a... | 14 chunks
✅ [1269/4184] @PeterAttiaMD | Reversing Epigenetic Age with Alpha-Ketoglutarate？... | 1 chunks
✅ [1270/4184] @PeterAttiaMD | Foot Pain Starts Here： Common Toe Injuries & Solut... | 1 chunks
✅ [1271/4184] @PeterAttiaMD | #08 – Tom Bilyeu： nutrition, fasting, meditation, ... | 9 chunks
✅ [1272/4184] @PeterAttiaMD | Can You Recover Fertility After Taking Testosteron... | 1 chunks
✅ [1273/4184] @PeterAttiaMD | (AMA 72 Trailer) Fasting： benefits for body compos... | 1 chunks
✅ [1274/4184] @PeterAttiaMD | How to find the right therapist ｜ Jeff English... | 1 chunks
✅ [1275/4184] @PeterAttiaMD | How People Over 65 Can Reduce Their Fall Risk ｜ Pe... | 2 chunks
✅ [1276/4184] @PeterAttiaMD | How To Build Up Your Willpower Muscle ｜ Charles Du... | 1 chunks
✅ [1277/4184] @PeterAttiaMD | Antibiotics： overuse, effects on gut health, antib... | 2 chunks
✅ [1278/4184] @PeterAttiaMD | Should You Ask for a Pain Doctor Before Surgery ｜ ... | 1 chunks
✅ [1279/4184] @PeterAttiaMD | What Really Causes Under-Eye Bags and Sagging Skin... | 2 chunks
✅ [1280/4184] @PeterAttiaMD | Should You Stop Deadlifting at a Certain Age？ ｜ St... | 1 chunks
✅ [1281/4184] @PeterAttiaMD | How Culture Shapes the Way We Die ｜ with BJ Miller... | 1 chunks
✅ [1282/4184] @PeterAttiaMD | Kids' Bone Health： What Parents Should Know ｜ Pete... | 1 chunks
✅ [1283/4184] @PeterAttiaMD | 350 ‒ Injury prevention, recovery, and performance... | 10 chunks
✅ [1284/4184] @PeterAttiaMD | In Vitro Fertilization： The IVF Process Start to F... | 2 chunks
✅ [1285/4184] @PeterAttiaMD | How Temperature Affects Male Fertility ｜ Paul Ture... | 1 chunks
✅ [1286/4184] @PeterAttiaMD | Peter's takeaways on sleep, chronic pain, cancer d... | 3 chunks
✅ [1287/4184] @PeterAttiaMD | The Key to Managing Anxiety： Thoughts vs. Thinking... | 1 chunks
✅ [1288/4184] @PeterAttiaMD | #07 – Deep Dive： Lp(a) — what every doctor, and th... | 6 chunks
✅ [1289/4184] @PeterAttiaMD | Longevity Q&A with Peter Attia... | 1 chunks
✅ [1290/4184] @PeterAttiaMD | Assessing the pros and cons of medicating children... | 2 chunks
✅ [1291/4184] @PeterAttiaMD | Pain Tolerance： Not All Pain Is Equal ｜ Sean Macke... | 1 chunks
✅ [1292/4184] @PeterAttiaMD | The Difference Between Palliative and Hospice Care... | 1 chunks
✅ [1293/4184] @PeterAttiaMD | 365 ‒ Training for longevity： A roundtable on buil... | 12 chunks
✅ [1294/4184] @PeterAttiaMD | Near-death experiences： the psychological impact o... | 1 chunks
✅ [1295/4184] @PeterAttiaMD | (5⧸6) The ＂Shark bite＂... | 1 chunks
✅ [1296/4184] @PeterAttiaMD | Train Smarter, Not Harder： Understanding Central N... | 1 chunks
✅ [1297/4184] @PeterAttiaMD | Why Kids Shouldn’t Specialize Too Early in Sports｜... | 1 chunks
✅ [1298/4184] @PeterAttiaMD | Radiation Fallacies： What Is Radiation, Understand... | 1 chunks
✅ [1299/4184] @PeterAttiaMD | 357 ‒ A new era of longevity science： models of ag... | 10 chunks
✅ [1300/4184] @PeterAttiaMD | Fasting, well-balanced diets, alcohol, exercise, a... | 2 chunks
✅ [1301/4184] @PeterAttiaMD | (Video 1⧸7) Introduction to neck, upper back, shou... | 1 chunks
✅ [1302/4184] @PeterAttiaMD | Menopause Misconceptions Are Hurting Millions of W... | 2 chunks
✅ [1303/4184] @PeterAttiaMD | What Happens in the Final 24 Hours of Life ｜ with ... | 1 chunks
✅ [1304/4184] @PeterAttiaMD | How is autism spectrum disorder (ASD) diagnosed？ ｜... | 1 chunks
✅ [1305/4184] @PeterAttiaMD | Top Risk Factors for Osteoporosis  ｜ Peter Attia A... | 1 chunks
✅ [1306/4184] @PeterAttiaMD | #03 – Ron Krauss, M.D.： a deep dive into heart dis... | 9 chunks
✅ [1307/4184] @PeterAttiaMD | How to Exercise for Longevity： Stability, Core, & ... | 1 chunks
✅ [1308/4184] @PeterAttiaMD | What is autism spectrum disorder (ASD)？ ｜ Trenna S... | 1 chunks
✅ [1309/4184] @PeterAttiaMD | Should children be on GLP-1 weight loss drugs？ ｜  ... | 1 chunks
✅ [1310/4184] @PeterAttiaMD | (6⧸6) The Shark bite, advanced... | 1 chunks
✅ [1311/4184] @PeterAttiaMD | How to Get Off of Sleep Medication  ｜ Ashley Mason... | 2 chunks
✅ [1312/4184] @PeterAttiaMD | Cognitive Behavioral Therapy： A Beginner’s Guide ｜... | 1 chunks
✅ [1313/4184] @PeterAttiaMD | 341 - Overcoming insomnia： improving sleep hygiene... | 12 chunks
✅ [1314/4184] @PeterAttiaMD | How to Get Your Insulin to a Normal Level ｜ Ralph ... | 1 chunks
✅ [1315/4184] @PeterAttiaMD | Long-term impacts of steroid use： muscle retention... | 1 chunks
✅ [1316/4184] @PeterAttiaMD | How misguided peanut allergy recommendations creat... | 1 chunks
✅ [1317/4184] @PeterAttiaMD | GLP-1 agonists and the willpower myth... | 1 chunks
✅ [1318/4184] @PeterAttiaMD | What is insulin resistance？ ｜ Dr. Ralph DeFronzo... | 1 chunks
✅ [1319/4184] @PeterAttiaMD | Anabolic steroids： effects, risks, and insights ｜ ... | 2 chunks
✅ [1320/4184] @PeterAttiaMD | What Would Make a School 10x Better？ ｜ Joe Liemand... | 1 chunks
✅ [1321/4184] @PeterAttiaMD | (AMA 73 trailer) Preserving brain health, optimizi... | 1 chunks
✅ [1322/4184] @PeterAttiaMD | The Opioid Crisis： The Perfect Storm ｜ Sean Mackey... | 1 chunks
✅ [1323/4184] @PeterAttiaMD | Why cholesterol is critical for brain function ｜ T... | 1 chunks
✅ [1324/4184] @PeterAttiaMD | The urgent need for reform in medical education an... | 2 chunks
✅ [1325/4184] @PeterAttiaMD | 318 - The Meteoric Rise of Tadej Pogačar： From Pro... | 4 chunks
✅ [1326/4184] @PeterAttiaMD | Do Longevity Drugs Have Additive Benefits？ ｜ Brian... | 1 chunks
✅ [1327/4184] @PeterAttiaMD | 354 – What the dying can teach us about living wel... | 11 chunks
✅ [1328/4184] @PeterAttiaMD | The limitations of using HDL cholesterol as a mark... | 1 chunks
✅ [1329/4184] @PeterAttiaMD | (Video 4⧸7) Loaded movements： neck, upper back, sh... | 2 chunks
✅ [1330/4184] @PeterAttiaMD | Do We Really Use Only 10% of Our Brain？ ｜ Edward C... | 1 chunks
✅ [1331/4184] @PeterAttiaMD | How statins might affect brain cholesterol synthes... | 1 chunks
✅ [1332/4184] @PeterAttiaMD | Peter Attia’s Definition of Longevity... | 1 chunks
✅ [1333/4184] @PeterAttiaMD | Video (4⧸4)： Part III, Dynamic Preparation (Peter ... | 2 chunks
✅ [1334/4184] @PeterAttiaMD | 323 - CRISPR and the future of gene editing： scien... | 9 chunks
✅ [1335/4184] @PeterAttiaMD | How to Choose the Right HRT Provider ｜ Rachel Rubi... | 1 chunks
✅ [1336/4184] @PeterAttiaMD | Video (2⧸4)： Part I, Tissue Preparation (Peter Att... | 2 chunks
✅ [1337/4184] @PeterAttiaMD | The importance of nutrition, protein intake, and c... | 1 chunks
✅ [1338/4184] @PeterAttiaMD | Why do low-fat and low-carb diets lead to weight l... | 1 chunks
✅ [1339/4184] @PeterAttiaMD | AI and Longevity： Hypothesizing What Lies Ahead ｜ ... | 2 chunks
✅ [1340/4184] @PeterAttiaMD | Squats Vs. Single-Leg Training ｜ Jeff Cavaliere, M... | 2 chunks
✅ [1341/4184] @PeterAttiaMD | Why are autism rates increasing？ ｜ Trenna Sutcliff... | 2 chunks
✅ [1342/4184] @PeterAttiaMD | How Fear of Hormone Therapy Harmed an Entire Gener... | 2 chunks
✅ [1343/4184] @PeterAttiaMD | 342 ‒ Aging well： Peter shares strategies for impr... | 4 chunks
✅ [1344/4184] @PeterAttiaMD | Social Jet Lag： How to Balance Sleep & Social Life... | 1 chunks
✅ [1345/4184] @PeterAttiaMD | Minimalist Shoes Bad for Runners？ ｜ Courtney Conle... | 1 chunks
✅ [1346/4184] @PeterAttiaMD | (1⧸6) The Bridge glute activator... | 1 chunks
✅ [1347/4184] @PeterAttiaMD | Menopause HRT： Avoid These Doctor Red Flags ｜ Rach... | 1 chunks
✅ [1348/4184] @PeterAttiaMD | Running’s New Edge： Power Meter Shoe Tech ｜ Olav A... | 1 chunks
✅ [1349/4184] @PeterAttiaMD | Pros & cons of GLP-1 weight loss drugs ｜  Dr. Ralp... | 1 chunks
✅ [1350/4184] @PeterAttiaMD | Diets： how to evaluate any diet including keto, ca... | 1 chunks
✅ [1351/4184] @PeterAttiaMD | What the Dying Teach Us About Living ｜ with BJ Mil... | 2 chunks
✅ [1352/4184] @PeterAttiaMD | 362 ‒ Understanding anxiety： defining, assessing, ... | 12 chunks
✅ [1353/4184] @PeterAttiaMD | The trauma tree： four types of trauma & the five w... | 1 chunks
✅ [1354/4184] @PeterAttiaMD | (Video 3⧸7) Dynamic stabilizaation： neck, upper ba... | 1 chunks
✅ [1355/4184] @PeterAttiaMD | Fibromyalgia Explained： Symptoms, Science & Stigma... | 1 chunks
✅ [1356/4184] @PeterAttiaMD | Radiation for Breast Cancer： Side Effects, Support... | 1 chunks
✅ [1357/4184] @PeterAttiaMD | How Much Protein Should You Really Eat Daily？ ｜ Da... | 1 chunks
✅ [1358/4184] @PeterAttiaMD | (QPS 6 trailer) Peter's takeaways： HRT, skincare, ... | 1 chunks
✅ [1359/4184] @PeterAttiaMD | The 3 Best Exercises for Back Pain Relief  ｜ Stuar... | 1 chunks
✅ [1360/4184] @PeterAttiaMD | The top drugs for diabetics ｜ Dr. Ralph DeFronzo... | 1 chunks
✅ [1361/4184] @PeterAttiaMD | Walking the talk： How clinicians at The Bridge lea... | 1 chunks
✅ [1362/4184] @PeterAttiaMD | 351 ‒ Male fertility： optimizing reproductive heal... | 13 chunks
✅ [1363/4184] @PeterAttiaMD | The Leading Causes of Death - The 4 Horsemen of Ch... | 1 chunks
✅ [1364/4184] @PeterAttiaMD | Radiation Fear vs. Reality： What the Public Gets W... | 1 chunks
✅ [1365/4184] @PeterAttiaMD | What Most Women Don’t Know About Their Own Anatomy... | 1 chunks
✅ [1366/4184] @PeterAttiaMD | Worry vs. Worrying： Identifying Dysfunctional Heal... | 1 chunks
✅ [1367/4184] @PeterAttiaMD | Five Ways to Reduce Your Microplastic Exposure ｜ P... | 1 chunks
✅ [1368/4184] @PeterAttiaMD | Lactic Acid Myth： Buffering the Real Culprit ｜ Ola... | 1 chunks
✅ [1369/4184] @PeterAttiaMD | Scrutinizing supplements： creatine, fish oil, vita... | 2 chunks
✅ [1370/4184] @PeterAttiaMD | Healing Through Storytelling： How to Overcome the ... | 1 chunks
✅ [1371/4184] @PeterAttiaMD | Does Creatine have Cognitive Benefits？ ｜ Rhonda Pa... | 1 chunks
✅ [1372/4184] @PeterAttiaMD | A Complete Guide to Skin Treatments ｜ Tanuj Nakra,... | 1 chunks
✅ [1373/4184] @PeterAttiaMD | How does blood flow restriction training produce s... | 1 chunks
✅ [1374/4184] @PeterAttiaMD | (AMA 71 Trailer) Building strength and muscle mass... | 1 chunks
✅ [1375/4184] @PeterAttiaMD | (AMA 74 trailer) Sugar and sugar substitutes： weig... | 1 chunks
✅ [1376/4184] @PeterAttiaMD | Radiation for Arthritis, Tendonitis, and Injuries：... | 2 chunks
✅ [1377/4184] @PeterAttiaMD | Efficiency Vs. Productivity ｜ Charles Duhigg... | 1 chunks
✅ [1378/4184] @PeterAttiaMD | Why strength training is the best time-efficient i... | 1 chunks
✅ [1379/4184] @PeterAttiaMD | (4⧸6)  Dowel prep lunge, squat... | 1 chunks
✅ [1380/4184] @PeterAttiaMD | Training plateaus： optimizing exercise selection, ... | 2 chunks
✅ [1381/4184] @PeterAttiaMD | Radiation Dose from Medical Imaging： X-Rays, CTs, ... | 1 chunks
✅ [1382/4184] @PeterAttiaMD | Understand your reluctance for addressing your tra... | 1 chunks
✅ [1383/4184] @PeterAttiaMD | Are All Processed Foods Really Bad for You？ ｜ Davi... | 1 chunks
✅ [1384/4184] @PeterAttiaMD | Video (1⧸4)： Introduction to movement preparation ... | 1 chunks
✅ [1385/4184] @PeterAttiaMD | What is the blood-brain barrier and what role does... | 1 chunks
✅ [1386/4184] @PeterAttiaMD | Can Stem Cells Regenerate the Injured Brain？ ｜ Edw... | 1 chunks
✅ [1387/4184] @PeterAttiaMD | 371 – Women’s sexual health： desire, arousal, and ... | 10 chunks
✅ [1388/4184] @PeterAttiaMD | How to Fall Asleep & Stay Asleep ｜ Ashley Mason, P... | 1 chunks
✅ [1389/4184] @PeterAttiaMD | Real Symptoms, No Diagnosis – What It Could Mean ｜... | 1 chunks
✅ [1390/4184] @PeterAttiaMD | How to Train Your Cardiovascular Fitness ｜ Peter A... | 1 chunks
✅ [1391/4184] @PeterAttiaMD | How the Military Builds Habits That Stick ｜ Charle... | 1 chunks
✅ [1392/4184] @PeterAttiaMD | The Invisible Patterns That Shape Your Decisions ｜... | 1 chunks
✅ [1393/4184] @PeterAttiaMD | Polycystic Ovary Syndrome (PCOS) Treatment Most Wo... | 1 chunks
✅ [1394/4184] @PeterAttiaMD | Peter evaluates longevity drugs, aspirin for CVD, ... | 1 chunks
✅ [1395/4184] @PeterAttiaMD | Does type 2 diabetes increase the risk of Alzheime... | 1 chunks
✅ [1396/4184] @PeterAttiaMD | Healthspan： What It Means and Why It Matters to Yo... | 1 chunks
✅ [1397/4184] @PeterAttiaMD | (Video 6⧸7) Extra content： rotator cuff (Peter Att... | 1 chunks
✅ [1398/4184] @PeterAttiaMD | Navigating bone health： early life influences & st... | 8 chunks
✅ [1399/4184] @PeterAttiaMD | Nicotine： impact on cognition, performance, mood, ... | 2 chunks
✅ [1400/4184] @PeterAttiaMD | How to Choose the Right IVF Clinic ｜ Paula Amato, ... | 1 chunks
✅ [1401/4184] @PeterAttiaMD | Sperm Banking： When, Why, and How Much ｜ Paul Ture... | 1 chunks
✅ [1402/4184] @PeterAttiaMD | Advance Directives： Why You Shouldn't Wait ｜ with ... | 1 chunks
✅ [1403/4184] @PeterAttiaMD | CBT-I Explained： The Proven Method to Cure Insomni... | 1 chunks
✅ [1404/4184] @PeterAttiaMD | Strength Training for Women in Menopause ｜ Jeff Ca... | 1 chunks
✅ [1405/4184] @PeterAttiaMD | Low-Dose Naltrexone： Hype, Hope, or Homerun？ ｜ Sea... | 1 chunks
✅ [1406/4184] @PeterAttiaMD | Video (3⧸4)： Part II, Muscle Activation (Peter Att... | 1 chunks
✅ [1407/4184] @PeterAttiaMD | Social Media's Impact on Beauty Standards ｜ Tanuj ... | 1 chunks
✅ [1408/4184] @PeterAttiaMD | The Future of Glioblastoma Treatment ｜ Edward Chan... | 1 chunks
✅ [1409/4184] @PeterAttiaMD | Sleep Hygiene 101： The Best (and Worst) Habits for... | 2 chunks
✅ [1410/4184] @PeterAttiaMD | #01 – Tim Ferriss： depression, psychedelics, and e... | 10 chunks
✅ [1411/4184] @PeterAttiaMD | When to Have Sex for the Highest Chance of Getting... | 1 chunks
✅ [1412/4184] @PeterAttiaMD | Learning to Mastery： How to get Your Child to the ... | 1 chunks
✅ [1413/4184] @PeterAttiaMD | Female Fertility Cycle： Ovulation to Implantation ... | 1 chunks
✅ [1414/4184] @PeterAttiaMD | My Back Pain Story ｜ Stuart McGill, Ph.D.... | 1 chunks
✅ [1415/4184] @PeterAttiaMD | Is Infertility Becoming More Common？ ｜ Paula Amato... | 1 chunks
✅ [1416/4184] @PeterAttiaMD | Building Good Habits in Children  ｜ Charles Duhigg... | 1 chunks
✅ [1417/4184] @PeterAttiaMD | Not All DEXA Scans Are Equal—Here’s What to Look F... | 2 chunks
✅ [1418/4184] @PeterAttiaMD | Finding the Best Radiation Oncologist： What to Loo... | 1 chunks
✅ [1419/4184] @PeterAttiaMD | The Difference Between Shame and Guilt ｜ Jeff Engl... | 1 chunks
✅ [1420/4184] @PeterAttiaMD | How Computers Can Translate Brain Signals Into Wor... | 2 chunks
✅ [1421/4184] @PeterAttiaMD | What Really Causes Aging？ Brian Kennedy, Ph.D.... | 1 chunks
✅ [1422/4184] @PeterAttiaMD | Peter’s takeaways on aerobic exercise and VO2 max,... | 3 chunks
✅ [1423/4184] @PeterAttiaMD | The Hidden Factors That Predict Long-Term Opioid U... | 1 chunks
✅ [1424/4184] @PeterAttiaMD | (Video 7⧸7) Extra content： Scapular health (Peter ... | 1 chunks
✅ [1425/4184] @PeterAttiaMD | (Video 5⧸7) Extra content： Diagnostic test for sho... | 1 chunks
✅ [1426/4184] @PeterAttiaMD | (3⧸6)  The ＂Star fish＂ glute med finisher... | 1 chunks
✅ [1427/4184] @PeterAttiaMD | Nicotine vs. Tobacco： Is Nicotine Dangerous on Its... | 1 chunks
✅ [1428/4184] @PeterAttiaMD | 369 ‒ Rethinking protein needs for muscle and long... | 10 chunks
✅ [1429/4184] @PeterAttiaMD | Time-in-Bed Restriction Explained： How to Reprogra... | 1 chunks
✅ [1430/4184] @PeterAttiaMD | The Biggest Lessons Learned in the last 5 Years ｜ ... | 1 chunks
✅ [1431/4184] @PeterAttiaMD | Facing Your Fears： Exposure Therapy  ｜ Josh Spital... | 1 chunks
✅ [1432/4184] @PeterAttiaMD | 339 - Unpacking trauma： How early wounds shape beh... | 10 chunks
✅ [1433/4184] @PeterAttiaMD | Protein Guidance： Amino Acids, Quality, & Intake ｜... | 1 chunks
✅ [1434/4184] @PeterAttiaMD | 345 ‒ Chronic pain： pathways, treatment, and the p... | 12 chunks
✅ [1435/4184] @PeterAttiaMD | The triple therapy： three free drugs that work bet... | 2 chunks
✅ [1436/4184] @PeterAttiaMD | What Happens to Bones When You Stop Moving  ｜ Pete... | 1 chunks
✅ [1437/4184] @PeterAttiaMD | Microplastics, Stress, and Male Fertility ｜ Paul T... | 1 chunks
✅ [1438/4184] @PeterAttiaMD | What is the best way to determine “biological” age... | 1 chunks
✅ [1439/4184] @PeterAttiaMD | Peter Attia's VO₂ Max Training Protocol... | 1 chunks
✅ [1440/4184] @PeterAttiaMD | GLP-1s： Safe Dosing, Nutrition & Impact on Longevi... | 1 chunks
✅ [1441/4184] @PeterAttiaMD | Head injuries： long-term management and mitigating... | 2 chunks
✅ [1442/4184] @PeterAttiaMD | #06 – D.A. Wallach： music, medicine, longevity, an... | 10 chunks
✅ [1443/4184] @PeterAttiaMD | Can a Semen Analysis Predict Fertility？ ｜ Paul Tur... | 1 chunks
✅ [1444/4184] @PeterAttiaMD | My technique for getting back on the rails when my... | 1 chunks
✅ [1445/4184] @PeterAttiaMD | GLP-1 agonists in bodybuilding and weight manageme... | 2 chunks
✅ [1446/4184] @PeterAttiaMD | Is Your Back Pain Physical or Mental？  ｜ Stuart Mc... | 1 chunks
✅ [1447/4184] @PeterAttiaMD | 348 ‒ Women’s sexual health, menopause, and hormon... | 11 chunks
✅ [1448/4184] @PeterAttiaMD | Fueling for Performance： The Products Elite Athlet... | 1 chunks
✅ [1449/4184] @PeterAttiaMD | I Want to Look 10 Years Younger — What Next？ ｜ Tan... | 2 chunks
✅ [1450/4184] @PeterAttiaMD | 337- Insulin resistance masterclass： The full body... | 12 chunks
✅ [1451/4184] @PeterAttiaMD | Should We Pay Kids to Learn？ ｜ Joe Liemandt... | 1 chunks
✅ [1452/4184] @PeterAttiaMD | How to know if you’ve experienced trauma ｜ Jeff En... | 1 chunks
✅ [1453/4184] @PeterAttiaMD | Advice for parents trying to find and evaluate car... | 1 chunks
✅ [1454/4184] @PeterAttiaMD | What is causing the current diabetes epidemic？ ｜ D... | 1 chunks
✅ [1455/4184] @PeterAttiaMD | How to Build Stronger Bones  ｜ Peter Attia AMA 37... | 1 chunks
✅ [1456/4184] @PeterAttiaMD | (Video 2⧸7) Tissue preparation： neck, upper back, ... | 1 chunks
✅ [1457/4184] @eliteftsofficial | elitefts.com — So You Think You Can Deadlift？ (Par... | 1 chunks
✅ [1458/4184] @eliteftsofficial | Online Coaching Red Flags - elitefts.com... | 1 chunks
✅ [1459/4184] @eliteftsofficial | The Highland Hornets Are Custom Built ｜ elitefts.c... | 1 chunks
✅ [1460/4184] @eliteftsofficial | elitefts.com — M.R. Neck Front Flexion... | 1 chunks
✅ [1461/4184] @eliteftsofficial | Technique Teardown with Dave Tate： Episode 1 ｜ eli... | 1 chunks
✅ [1462/4184] @eliteftsofficial | elitefts.com - Squat Progressions at The Spot Athl... | 2 chunks
✅ [1463/4184] @eliteftsofficial | Equipment 101 - Signature Series Bench... | 1 chunks
✅ [1464/4184] @eliteftsofficial | Wayne Pullum Talks about elitefts Equipment at the... | 1 chunks
✅ [1465/4184] @eliteftsofficial | elitefts.com — Rotational Push Throw... | 1 chunks
✅ [1466/4184] @eliteftsofficial | Live, Learn Pass, On - Dave Tate's Most Popular Le... | 1 chunks
✅ [1467/4184] @eliteftsofficial | The NEW elitefts.com... | 1 chunks
✅ [1468/4184] @eliteftsofficial | elitefts.com — Talking About Autism Training with ... | 1 chunks
✅ [1469/4184] @eliteftsofficial | elitefts.com — Chad Aichs Interview (Part 3)... | 1 chunks
✅ [1470/4184] @eliteftsofficial | elitefts.com — Gym Installation at Pickerington Ce... | 1 chunks
✅ [1471/4184] @eliteftsofficial | Learning How to Use A Power Belt... | 1 chunks
✅ [1472/4184] @eliteftsofficial | elitefts.com — Mountain Dog Programming... | 2 chunks
✅ [1473/4184] @eliteftsofficial | elitefts.com - The Best Knee Wraps on the Market... | 1 chunks
✅ [1474/4184] @eliteftsofficial | elitefts.com — Steve Colescott Interviews Figure C... | 1 chunks
✅ [1475/4184] @eliteftsofficial | elitefts.com - Becoming a Mentor To Young Coaches... | 4 chunks
✅ [1476/4184] @eliteftsofficial | elitefts.com — Close-Grip Bench Press Chain Strip ... | 1 chunks
✅ [1477/4184] @eliteftsofficial | elitefts.com—Incline Press 101... | 1 chunks
✅ [1478/4184] @eliteftsofficial | This One Time at Westside Barbell...｜ elitefts.com... | 1 chunks
✅ [1479/4184] @eliteftsofficial | elitefts.com — Reverse Band Hack Squats... | 1 chunks
✅ [1480/4184] @eliteftsofficial | Arnold Classic 212lb John Meadows Pre-Judging Reca... | 1 chunks
✅ [1481/4184] @eliteftsofficial | elitefts.com — You Ask, We Answer (Round 3, Part 5... | 1 chunks
✅ [1482/4184] @eliteftsofficial | Kettle Bell Exercises - elitefts.com... | 1 chunks
✅ [1483/4184] @eliteftsofficial | Elitefts Tear Drop Tricep Strap... | 1 chunks
✅ [1484/4184] @eliteftsofficial | elitefts.com—McDowell High School Installation... | 1 chunks
✅ [1485/4184] @eliteftsofficial | elitefts.com — LTT7 Q&A (Part 1)... | 1 chunks
✅ [1486/4184] @eliteftsofficial | Train Your Ass Off with Dave Tate： JM Press ｜ elit... | 1 chunks
✅ [1487/4184] @eliteftsofficial | elitefts.com — The Incident... | 1 chunks
✅ [1488/4184] @eliteftsofficial | Elitefts.com - 2 Song Leg Press... | 1 chunks
✅ [1489/4184] @eliteftsofficial | elitefts.com - A Better Way to Train High School A... | 3 chunks
✅ [1490/4184] @eliteftsofficial | 4 Hypertrophy Circuits for Athletes - eltefts.com... | 1 chunks
✅ [1491/4184] @eliteftsofficial | elitefts.com - POWERBUILDING with Justin Harris... | 2 chunks
✅ [1492/4184] @eliteftsofficial | elitefts.com — Dr. Bryan Mann Interview (Part 2)... | 1 chunks
✅ [1493/4184] @eliteftsofficial | elitefts.com — Michael Stuchiner： Video Inquisitio... | 1 chunks
✅ [1494/4184] @eliteftsofficial | elitefts.com - Ken Jackson supersets Leg Curls wit... | 1 chunks
✅ [1495/4184] @eliteftsofficial | Joe Sullivan Heavy Deadlift Session ｜ elitefts.com... | 1 chunks
✅ [1496/4184] @eliteftsofficial | elitefts.com — Rotational Push Throw Variations... | 1 chunks
✅ [1497/4184] @eliteftsofficial | Dave Tates Best FAT MAN Story - Table Talk - elite... | 1 chunks
✅ [1498/4184] @eliteftsofficial | Dan Green and Dave Tate Talk Powerlifting Training... | 1 chunks
✅ [1499/4184] @eliteftsofficial | Elitefts.com - LLT4 - Enter The Nasty Group... | 1 chunks
✅ [1500/4184] @eliteftsofficial | elitefts.com — Gym Installation at Region Barbell ... | 1 chunks
✅ [1501/4184] @eliteftsofficial | How Tricep Extensions Can Improve Your Bench Press... | 1 chunks
✅ [1502/4184] @eliteftsofficial | elitefts.com — Dumbbell Press ala Mountian Dog Sty... | 1 chunks
✅ [1503/4184] @eliteftsofficial | elitefts.com—Brian Schwab Video Inquisition (Part ... | 1 chunks
✅ [1504/4184] @eliteftsofficial | elitefts.com - Whethams Demonstrate the Kettlebell... | 1 chunks
✅ [1505/4184] @eliteftsofficial | Anaheim Ducks Mark Fitzgerald on Strength Training... | 2 chunks
✅ [1506/4184] @eliteftsofficial | Elitefts.com - Saturday Training Motivation... | 1 chunks
✅ [1507/4184] @eliteftsofficial | elitefts.com — Roundtable with Our Fast-Rising You... | 2 chunks
✅ [1508/4184] @eliteftsofficial | elitefts.com - Dave Tate speaking at the first eve... | 1 chunks
✅ [1509/4184] @eliteftsofficial | elitefts.com — Overhead Machine Press... | 1 chunks
✅ [1510/4184] @eliteftsofficial | elitefts.com — Vincent Dizenzo from the Big Semina... | 1 chunks
✅ [1511/4184] @eliteftsofficial | elitefts.com—Josh Bryant Seminar Destination Dalla... | 2 chunks
✅ [1512/4184] @eliteftsofficial | elitefts.com - Vincent Dizenzo on the Bench Press ... | 1 chunks
✅ [1513/4184] @eliteftsofficial | Elitefts.com - Dave Tate Reverse Band Bench Pressi... | 1 chunks
✅ [1514/4184] @eliteftsofficial | Why Ed Coan Retired From Powerlifting After 28 Yea... | 1 chunks
✅ [1515/4184] @eliteftsofficial | elitefts.com — Chad Aichs Interview (Part 2)... | 1 chunks
✅ [1516/4184] @eliteftsofficial | elitefts.com—DB Incline Press Variations... | 1 chunks
✅ [1517/4184] @eliteftsofficial | The Science and Strength of Scott Stevenson (Part ... | 2 chunks
✅ [1518/4184] @eliteftsofficial | I Am Jordan Shallow ｜ elitefts.com... | 2 chunks
✅ [1519/4184] @eliteftsofficial | elitefts.com — Josh Bryant： Video Inquisition (Par... | 1 chunks
✅ [1520/4184] @eliteftsofficial | elitefts.com - Back Building with Dave Tate and th... | 1 chunks
✅ [1521/4184] @eliteftsofficial | Swede Burns Talks About His 9000 Calorie Diet When... | 1 chunks
✅ [1522/4184] @eliteftsofficial | Strong(her)™ Video Spotlight on IFBB Figure Pro... | 2 chunks
✅ [1523/4184] @eliteftsofficial | elitefts.com— UGSS Bench Press (10⧸4-5 2014)... | 1 chunks
✅ [1524/4184] @eliteftsofficial | Elitefts.com - John Meadows Nutritional Update wit... | 1 chunks
✅ [1525/4184] @eliteftsofficial | Finisher Friday： Overhead Press Strip Set ｜ elitef... | 1 chunks
✅ [1526/4184] @eliteftsofficial | What Age Should Kids Start Lifting Weights？ ｜ elit... | 1 chunks
✅ [1527/4184] @eliteftsofficial | Casey Williams Discusses His Bench Press Methods -... | 1 chunks
✅ [1528/4184] @eliteftsofficial | elitefts.com — Shelby Starnes： Video Inquisition (... | 1 chunks
✅ [1529/4184] @eliteftsofficial | Dave Tate's WORST injury - Table Talk - elitefts.c... | 1 chunks
✅ [1530/4184] @eliteftsofficial | Ego in Powerlifting ｜ elitefts.com... | 1 chunks
✅ [1531/4184] @eliteftsofficial | elitefts.com—Interview with Nick Showman of Showti... | 1 chunks
✅ [1532/4184] @eliteftsofficial | elitefts.com — Fat Bar JM Press with Chains from F... | 1 chunks
✅ [1533/4184] @eliteftsofficial | elitefts.com — LTT7： New Sponsored Athletes... | 1 chunks
✅ [1534/4184] @eliteftsofficial | elitefts.com—Skip Hill Seminar (Part 3)... | 3 chunks
✅ [1535/4184] @eliteftsofficial | elitefts.com - How to Make it as a Strength Coach ... | 1 chunks
✅ [1536/4184] @eliteftsofficial | Cleveland Cavaliers Strength Coach Derek Millender... | 1 chunks
✅ [1537/4184] @eliteftsofficial | elitefts.com - Single Arm Blast Strap™ Row Variati... | 1 chunks
✅ [1538/4184] @eliteftsofficial | elitefts.com—The Band Back-Pack for Bodyweight Mov... | 1 chunks
✅ [1539/4184] @eliteftsofficial | elitefts.com - The Science and Strength of Scott S... | 2 chunks
✅ [1540/4184] @eliteftsofficial | elitefts.com — So You Think You Can Deadlift？ (Par... | 1 chunks
✅ [1541/4184] @eliteftsofficial | elitefts.com—Pull Up Variations using rest-pauses ... | 1 chunks
✅ [1542/4184] @eliteftsofficial | elitefts.com—Dave Tate Takes Control of Mountain D... | 1 chunks
✅ [1543/4184] @eliteftsofficial | elitefts.com — Prone Rows - John Meadows - Mountai... | 1 chunks
✅ [1544/4184] @eliteftsofficial | elitefts.com — Shelby Starnes： Video Inquisition (... | 1 chunks
✅ [1545/4184] @eliteftsofficial | Into The Void - Do you have what it takes？... | 1 chunks
✅ [1546/4184] @eliteftsofficial | elitefts.com—Coaches Clinic： Overhead Press Progre... | 1 chunks
✅ [1547/4184] @eliteftsofficial | Elitefts.com - Table Talk Special Edition Part 2... | 1 chunks
✅ [1548/4184] @eliteftsofficial | elitefts.com - PLEXP2 Event Overview... | 1 chunks
✅ [1549/4184] @eliteftsofficial | elitefts.com - Framework - The Delusionist at the ... | 1 chunks
✅ [1550/4184] @eliteftsofficial | elitefts.com—Skip Hill Seminar (Part 1)... | 3 chunks
✅ [1551/4184] @eliteftsofficial | elitefts.com — Tate Leg Training Excerpt - 6 Month... | 1 chunks
✅ [1552/4184] @eliteftsofficial | elitefts.com—Targeted High Pull with Band... | 1 chunks
✅ [1553/4184] @eliteftsofficial | elitefts.com — The Last Set Pin Pulls with Iso's... | 1 chunks
✅ [1554/4184] @eliteftsofficial | How JM Blakley and Dave Tate Built Tendon Strength... | 1 chunks
✅ [1555/4184] @eliteftsofficial | elitefts.com — Michael Stuchiner： Video Inquisitio... | 1 chunks
✅ [1556/4184] @eliteftsofficial | Yessica Martinez Discusses JM Blakley Coaching Her... | 1 chunks
✅ [1557/4184] @eliteftsofficial | OH CRAP Edition - Women and Weight Gain - Table Ta... | 1 chunks
✅ [1558/4184] @eliteftsofficial | Happy Holidays from elitefts!... | 1 chunks
✅ [1559/4184] @eliteftsofficial | elitefts.com — Strong(her)™... | 1 chunks
✅ [1560/4184] @eliteftsofficial | elitefts.com — Log Clean & Press Combination... | 1 chunks
✅ [1561/4184] @eliteftsofficial | elitefts.com—WATCH： Getting the Most Out of Rest-P... | 1 chunks
✅ [1562/4184] @eliteftsofficial | elitefts.com — LTT7 Q&A (Part 3)... | 1 chunks
✅ [1563/4184] @eliteftsofficial | elitefts.com — Neck Extension w⧸ Harness & Mini-Ba... | 1 chunks
✅ [1564/4184] @eliteftsofficial | Only Have 3 Days a Week To Train？ ｜ elitefts.com... | 1 chunks
✅ [1565/4184] @eliteftsofficial | elitefts.com — LTT7 Q&A (Part 5)... | 1 chunks
✅ [1566/4184] @eliteftsofficial | elitefts.com—Casey Williams at RUM... | 1 chunks
✅ [1567/4184] @eliteftsofficial | elitefts.com - The Foundation of The Tier System F... | 1 chunks
✅ [1568/4184] @eliteftsofficial | Technique Teardown with Dave Tate： Episode 5 ｜ eli... | 1 chunks
✅ [1569/4184] @eliteftsofficial | elitefts.com - Sherri Whetham Goes 9⧸9 at 2015 XPC... | 1 chunks
✅ [1570/4184] @eliteftsofficial | elitefts.com - Joey Smith on Staying Fat... | 1 chunks
✅ [1571/4184] @eliteftsofficial | Elitefts.com - Table Talk Special Edition Part 3... | 1 chunks
✅ [1572/4184] @eliteftsofficial | elitefts.com—WATCH： Bench Press and The Seven Gran... | 1 chunks
✅ [1573/4184] @eliteftsofficial | elitefts.com—Skip Hill Seminar (Part 4)... | 3 chunks
✅ [1574/4184] @eliteftsofficial | elitefts.com - Strongman & Biochemistry w⧸ Mike Ma... | 1 chunks
✅ [1575/4184] @eliteftsofficial | elitefts.com - Chris Janek Talks XPC 2015 Results... | 1 chunks
✅ [1576/4184] @eliteftsofficial | elitefts.com — LTT7 Q&A (Part 2)... | 1 chunks
✅ [1577/4184] @eliteftsofficial | Daily Movements Lifters Are Screwing Up Outside of... | 1 chunks
✅ [1578/4184] @eliteftsofficial | elitefts.com - elitefts.com - Technical Demonstrat... | 1 chunks
✅ [1579/4184] @eliteftsofficial | Elitefts.com - Steated Rows with MAG Grip... | 1 chunks
✅ [1580/4184] @eliteftsofficial | elitefts.com - Kettlebell Clean with Ken & Sherri ... | 1 chunks
✅ [1581/4184] @eliteftsofficial | elitefts.com - Communication Strategies with Sport... | 3 chunks
✅ [1582/4184] @eliteftsofficial | elitefts.com—Trap Circuit... | 1 chunks
✅ [1583/4184] @eliteftsofficial | elitefts - Justin Harris on Fiber & Veggies... | 1 chunks
✅ [1584/4184] @eliteftsofficial | elitefts.com — Tate Leg Training Excerpt - 6 Month... | 1 chunks
✅ [1585/4184] @eliteftsofficial | elitefts.com - More Work in Less Time... | 3 chunks
✅ [1586/4184] @eliteftsofficial | elitefts.com — Michael Stuchiner： Video Inquisitio... | 1 chunks
✅ [1587/4184] @eliteftsofficial | elitefts.com — HORSE BALLS! Advanced Programming f... | 3 chunks
✅ [1588/4184] @eliteftsofficial | elitefts.com—Band TKE & Heel Touchdown... | 1 chunks
✅ [1589/4184] @eliteftsofficial | elitefts.com - Old School Elitefts Training Motiva... | 1 chunks
✅ [1590/4184] @eliteftsofficial | elitefts Table Talk Podcast #50 - Jim Wendler, Vin... | 15 chunks
✅ [1591/4184] @eliteftsofficial | elitefts.com — Casey Williams Totals 2000 Pounds a... | 1 chunks
✅ [1592/4184] @eliteftsofficial | elitefts.com — UGSS Adam Driggers Interview... | 2 chunks
✅ [1593/4184] @eliteftsofficial | elitefts.com — Michael Stuchiner： Video Inquisitio... | 1 chunks
✅ [1594/4184] @eliteftsofficial | elitefts.com — Strong(her) Manual Hamstring Curls... | 1 chunks
✅ [1595/4184] @eliteftsofficial | Elitefts.com - Ken Jackson Superset Leg Curls with... | 1 chunks
✅ [1596/4184] @eliteftsofficial | elitefts.com—Strength Coach Q&A： Where the profess... | 1 chunks
✅ [1597/4184] @eliteftsofficial | elitefts.com — Josh Bryant： Video Inquisition (Par... | 1 chunks
✅ [1598/4184] @eliteftsofficial | elitefts.com—Josh Bryant Seminar Destination Dalla... | 2 chunks
✅ [1599/4184] @eliteftsofficial | Table Talk Rapid Fast Edition! - Instagram Questio... | 1 chunks
✅ [1600/4184] @eliteftsofficial | elitefts.com — Backward Prowler Push... | 1 chunks
✅ [1601/4184] @eliteftsofficial | elitefts.com - Sunday Morning Strength Training Mo... | 1 chunks
✅ [1602/4184] @eliteftsofficial | elitefts.com—Core Blaster Rotational Power Exercie... | 1 chunks
✅ [1603/4184] @eliteftsofficial | elitefts.com - Clint Darden Demonstrates The Power... | 2 chunks
✅ [1604/4184] @eliteftsofficial | Hands-on Kettlebell Mechanics Workshop 2015... | 1 chunks
✅ [1605/4184] @eliteftsofficial | Dave Tate Exposes Fitness Hacks ｜ elitefts... | 2 chunks
✅ [1606/4184] @eliteftsofficial | Technique Teardown with Dave Tate： Episode 6 ｜ eli... | 1 chunks
✅ [1607/4184] @eliteftsofficial | elitefts.com — The Last Set： The Mystery Man Leg P... | 1 chunks
✅ [1608/4184] @eliteftsofficial | elitefts.com—Glute Ham Raise - COG Change & 1.5 Re... | 1 chunks
✅ [1609/4184] @eliteftsofficial | elitefts.com—Brian Schwab Video Inquisition (Part ... | 1 chunks
✅ [1610/4184] @eliteftsofficial | elitefts.com - Marshall Johnson talks XPC's 2015... | 1 chunks
✅ [1611/4184] @eliteftsofficial | elitefts.com — Nutritionist Kristin Stull discusse... | 1 chunks
✅ [1612/4184] @eliteftsofficial | elitefts.com — Upright Row with Rope & Kettlebell... | 1 chunks
✅ [1613/4184] @eliteftsofficial | elitefts.com—Marshall Joins 1100 Pound Squat Club... | 1 chunks
✅ [1614/4184] @eliteftsofficial | elitefts.com - Dave Tate Leg Press UP-set (uncut c... | 1 chunks
✅ [1615/4184] @eliteftsofficial | elitefts.com — So You Think You Can Deadlift？ (Par... | 1 chunks
✅ [1616/4184] @eliteftsofficial | elitefts.com — Chain Push Ups (strip set)... | 1 chunks
✅ [1617/4184] @eliteftsofficial | elitefts.com — Muscle Mace Triple Up Pushdowns... | 1 chunks
✅ [1618/4184] @eliteftsofficial | Elitefts Powerlifting Experience... | 1 chunks
✅ [1619/4184] @eliteftsofficial | Eliminate Shoulder & Elbow Pain With Incline Bicep... | 1 chunks
✅ [1620/4184] @eliteftsofficial | Mark Bell Makes Dave Tate Emotional ｜ elitefts.com... | 1 chunks
✅ [1621/4184] @eliteftsofficial | elitefts.com — Last Set Slight Decline Press with ... | 1 chunks
✅ [1622/4184] @eliteftsofficial | elitefts.com — SS Yoke Squat Reverse Band Squats... | 1 chunks
✅ [1623/4184] @eliteftsofficial | elitefts.com—Dave Tate Takes Control of Mountain D... | 1 chunks
✅ [1624/4184] @eliteftsofficial | Technique Teardown with Dave Tate： Episode 4 ｜ eli... | 1 chunks
✅ [1625/4184] @eliteftsofficial | elitefts™ Founder Dave Tate Performs Alternating L... | 1 chunks
✅ [1626/4184] @eliteftsofficial | elitefts.com — Dave Tate Training Log Chain Deads ... | 1 chunks
✅ [1627/4184] @eliteftsofficial | elitefts.com—Strength Coach Q&A： Technology and S&... | 1 chunks
✅ [1628/4184] @eliteftsofficial | elitefts.com—Mini-Band Shoulder Circuit (high posi... | 1 chunks
✅ [1629/4184] @eliteftsofficial | elitefts.com -— Pit Shark High Squats... | 1 chunks
✅ [1630/4184] @eliteftsofficial | elitefts.com — Interview with Zack Khan and Mark D... | 2 chunks
✅ [1631/4184] @eliteftsofficial | elitefts.com - Sprinting Problems-Prowler Solution... | 1 chunks
✅ [1632/4184] @eliteftsofficial | Training Economy For The Washed-Up Meathead ｜ elit... | 1 chunks
✅ [1633/4184] @eliteftsofficial | elitefts.com — Just Another Set... | 1 chunks
✅ [1634/4184] @eliteftsofficial | elitefts.com — Band Resisted Protrusion... | 1 chunks
✅ [1635/4184] @eliteftsofficial | Brian Alsruhe and Dave Tate Discuss Finding the Ed... | 1 chunks
✅ [1636/4184] @eliteftsofficial | Elitefts.com - John Meadows Nutritional Update wit... | 1 chunks
✅ [1637/4184] @eliteftsofficial | Finisher Friday： Ascending Push Up Challenge ｜ eli... | 1 chunks
✅ [1638/4184] @eliteftsofficial | elitefts.com - Outrageous Meet Handling Advice!... | 1 chunks
✅ [1639/4184] @eliteftsofficial | elitefts.com — Eric Maroscher： Video Inquisition (... | 1 chunks
✅ [1640/4184] @eliteftsofficial | elitefts.com — XPC Finals： Day 2... | 1 chunks
✅ [1641/4184] @eliteftsofficial | elitefts.com — Seated Hammer Curls with Chains... | 1 chunks
✅ [1642/4184] @eliteftsofficial | elitefts.com - The Comprehensive Guide to Knee Sle... | 1 chunks
✅ [1643/4184] @eliteftsofficial | elitefts.com — You Ask, We Answer (Round 3, Part 4... | 1 chunks
✅ [1644/4184] @eliteftsofficial | elitefts.com — You Ask, We Answer (Round 3, Part 1... | 1 chunks
✅ [1645/4184] @eliteftsofficial | elitefts.com — Freak Critique： Adam Driggers' Dead... | 1 chunks
✅ [1646/4184] @eliteftsofficial | elitefts.com - Swede Burns Talks About the 5th Set... | 1 chunks
✅ [1647/4184] @eliteftsofficial | elitefts.com - What would you change in powerlifti... | 1 chunks
✅ [1648/4184] @eliteftsofficial | elitefts.com—Eric Maroscher： Video Inquisition (Pa... | 1 chunks
✅ [1649/4184] @eliteftsofficial | elitefts Takeover： How Jay Nera and Casey Williams... | 1 chunks
✅ [1650/4184] @eliteftsofficial | elitefts.com—Prone Rows - Jennica Kidd - Mountian ... | 1 chunks
✅ [1651/4184] @eliteftsofficial | Elitefts.com - Close Grip Bench Press Chain Strip ... | 1 chunks
✅ [1652/4184] @eliteftsofficial | elitefts.com — UGSS Jeremy Frey Interview... | 2 chunks
✅ [1653/4184] @eliteftsofficial | elitefts.com - Indoor Spin Drill for Discus using ... | 1 chunks
✅ [1654/4184] @eliteftsofficial | elitefts.com — Questions with Clint (Part 4)... | 1 chunks
✅ [1655/4184] @eliteftsofficial | elitefts.com - Table Talk ＂Finding the Right Weigh... | 1 chunks
✅ [1656/4184] @eliteftsofficial | Finisher Friday： Upper Back Rope Rampage ｜ eliteft... | 1 chunks
✅ [1657/4184] @eliteftsofficial | elitefts.com - Smitey's 565-Pound Squat Breaks 132... | 1 chunks
✅ [1658/4184] @eliteftsofficial | elitefts.com — You Ask, We Answer with Dave Tate： ... | 1 chunks
✅ [1659/4184] @eliteftsofficial | elitefts.com - TABLE TALK IS BACK! ＂What would you... | 1 chunks
✅ [1660/4184] @eliteftsofficial | Casey Williams 12 Week Bench Press Program - elite... | 1 chunks
✅ [1661/4184] @eliteftsofficial | elitefts.com — So You Think You Can Deadlift？ (Par... | 1 chunks
✅ [1662/4184] @eliteftsofficial | elitefts.com — You Ask, We Answer (Round 3, Part 3... | 1 chunks
✅ [1663/4184] @eliteftsofficial | elitefts.com — Squat Night with Matt Wenning... | 1 chunks
✅ [1664/4184] @eliteftsofficial | elitefts.com — Discussing the mental side of diet ... | 1 chunks
✅ [1665/4184] @eliteftsofficial | Elitefts.com - 225 Bench x Suck... | 1 chunks
✅ [1666/4184] @eliteftsofficial | elitefts.com — Log Clean with Press Variations... | 1 chunks
✅ [1667/4184] @eliteftsofficial | Elitefts.com - Ted Toalston Squat Trainining... | 1 chunks
✅ [1668/4184] @eliteftsofficial | Elitefts： Comfort Grip Lat Pulls... | 1 chunks
✅ [1669/4184] @eliteftsofficial | elitefts.com — Equipment 101 - Adjustable J-Cups... | 1 chunks
✅ [1670/4184] @eliteftsofficial | elitefts.com - Core Blaster Lat Pulls... | 1 chunks
✅ [1671/4184] @eliteftsofficial | elitefts.com - Relentless Performance Vero Beach, ... | 1 chunks
✅ [1672/4184] @eliteftsofficial | elitefts.com — Bob Wahl and the ＂Snot-nosed Kid＂... | 1 chunks
✅ [1673/4184] @eliteftsofficial | The Thing About Westside Barbell That Nobody Talks... | 1 chunks
✅ [1674/4184] @eliteftsofficial | elitefts.com - Internships... | 1 chunks
✅ [1675/4184] @eliteftsofficial | elitefts.com — Matt Goodwin doing some heavy bench... | 1 chunks
✅ [1676/4184] @eliteftsofficial | elitefts.com — Anti-Rotational Drills (Pallof Pres... | 1 chunks
✅ [1677/4184] @eliteftsofficial | elitefts.com — So You Think You Can Deadlift？ (Par... | 2 chunks
✅ [1678/4184] @eliteftsofficial | elitefts.com — Chad Aichs Interview (Part 4)... | 1 chunks
✅ [1679/4184] @eliteftsofficial | elitefts.com -— Another Day In The Gym... | 1 chunks
✅ [1680/4184] @eliteftsofficial | elitefts.com - Joe Kenn on What it Takes to be a G... | 1 chunks
✅ [1681/4184] @eliteftsofficial | Team elitefts promotes 2014 Make-A-Wish books (Ver... | 1 chunks
✅ [1682/4184] @eliteftsofficial | The Bulgarian Split Squat： Which Side Should You L... | 1 chunks
✅ [1683/4184] @eliteftsofficial | elitefts.com — Reverse Band Bench Press Drop Set w... | 1 chunks
✅ [1684/4184] @eliteftsofficial | Technique Teardown with Dave Tate： Episode 2 ｜ eli... | 1 chunks
✅ [1685/4184] @eliteftsofficial | Dave Tate Reminisces About His Early Days As a Tra... | 1 chunks
✅ [1686/4184] @eliteftsofficial | Tips for Powerlifters & Physique Competitors on St... | 1 chunks
✅ [1687/4184] @eliteftsofficial | elitefts.com — Reverse Band Rep Boards Mech. Drop ... | 1 chunks
✅ [1688/4184] @eliteftsofficial | Arnold Sports Festival 2016 Part 1 - elitefts.com... | 1 chunks
✅ [1689/4184] @eliteftsofficial | elitefts.com - Wrist Straps Product Overview... | 1 chunks
✅ [1690/4184] @eliteftsofficial | elitefts.com — Questions with Clint (Part 1)... | 1 chunks
✅ [1691/4184] @eliteftsofficial | elitefts.com — Gabriel Naspinski interviews Buddy ... | 2 chunks
✅ [1692/4184] @eliteftsofficial | elitefts.com—Josh Bryant Seminar Destination Dalla... | 2 chunks
✅ [1693/4184] @eliteftsofficial | elitefts.com — Senior Content Manager Steve Colesc... | 1 chunks
✅ [1694/4184] @eliteftsofficial | elitefts.com — Tear Drop Strap Segment Pushdowns... | 1 chunks
✅ [1695/4184] @eliteftsofficial | elitefts.com — Josh Bryant： Video Inquisition (Par... | 1 chunks
✅ [1696/4184] @eliteftsofficial | elitefts.com—Kettlebell Swing 101... | 1 chunks
✅ [1697/4184] @eliteftsofficial | elitefts.com — Mini-Band Shoulder Circuit (Low Pos... | 1 chunks
✅ [1698/4184] @eliteftsofficial | Dave Tate Squat Strip Set 10⧸10⧸15 - elitefts.com... | 1 chunks
✅ [1699/4184] @eliteftsofficial | elitefts.com - Steve Goggins Talks About the Deadl... | 2 chunks
✅ [1700/4184] @eliteftsofficial | elitefts.com—Strength Coach Q&A： Changes in the Fi... | 1 chunks
✅ [1701/4184] @eliteftsofficial | How to Keep Strength While Adding Physique Trainin... | 1 chunks
✅ [1702/4184] @eliteftsofficial | Table Talk： Instagram Questions - STRESS⧸RECOVERY ... | 1 chunks
✅ [1703/4184] @eliteftsofficial | Mark Bell Recalls Telling Louie Simmons How He Squ... | 1 chunks
✅ [1704/4184] @eliteftsofficial | elitefts.com - Kettlebell Workshop Sept. 5th, 2015... | 1 chunks
✅ [1705/4184] @eliteftsofficial | How To Build The Perfect Home Gym ｜ elitefts.com... | 1 chunks
✅ [1706/4184] @eliteftsofficial | elitefts.com — So You Think You Can Deadlift？ (Par... | 1 chunks
✅ [1707/4184] @eliteftsofficial | elitefts.com—11 Athletics Performance Facility in ... | 1 chunks
✅ [1708/4184] @eliteftsofficial | elitefts - Justin Harris on How He Got Dave Tate S... | 2 chunks
✅ [1709/4184] @eliteftsofficial | elitefts.com–Single Leg RDL⧸ GM Progressions... | 1 chunks
✅ [1710/4184] @eliteftsofficial | elitefts.com — Testing New Version of Shoulder Sav... | 1 chunks
✅ [1711/4184] @eliteftsofficial | elitefts.com — Tate Reverse Band Squat 7 Months To... | 1 chunks
✅ [1712/4184] @eliteftsofficial | Build Your Main Lifts with These Band Progressions... | 1 chunks
✅ [1713/4184] @eliteftsofficial | elitefts.com - What would you change in powerlifti... | 1 chunks
✅ [1714/4184] @eliteftsofficial | elitefts.com—Band Assisted Pull-up Variations... | 1 chunks
✅ [1715/4184] @eliteftsofficial | The elitefts G3 45 Degree Back Raise and 5 Exercis... | 1 chunks
✅ [1716/4184] @eliteftsofficial | elitefts.com — From Chucks to Heels... | 2 chunks
✅ [1717/4184] @eliteftsofficial | elitefts.com - Buddy Morris Parenting Advice... | 1 chunks
✅ [1718/4184] @eliteftsofficial | Quad Thrashing Circuit ｜ elitefts.com... | 1 chunks
✅ [1719/4184] @eliteftsofficial | John Meadows Performs Straight Arm Pulldowns at el... | 1 chunks
✅ [1720/4184] @eliteftsofficial | elitefts.com - 4 Step Coaching Process... | 2 chunks
✅ [1721/4184] @eliteftsofficial | elitefts.com — Military Press with Bands... | 1 chunks
✅ [1722/4184] @eliteftsofficial | How To Train Your Ass Off with Dave Tate ｜ eliteft... | 1 chunks
✅ [1723/4184] @eliteftsofficial | elitefts.com — Matt Goodwin On The Road... | 1 chunks
✅ [1724/4184] @eliteftsofficial | Joe Kenn at the elitefts compound 2⧸27⧸15... | 1 chunks
✅ [1725/4184] @eliteftsofficial | elitefts.com - Auto Regulatory Training in a Team ... | 3 chunks
✅ [1726/4184] @eliteftsofficial | elitefts.com — Blast Strap™ Shoulder Circuit... | 1 chunks
✅ [1727/4184] @eliteftsofficial | elitefts.com—Dave Tate Interviews PL Legends Steve... | 3 chunks
✅ [1728/4184] @eliteftsofficial | elitefts.com — Dave Tate Chain Yoke Bar Box Squats... | 1 chunks
✅ [1729/4184] @eliteftsofficial | elitefts.com — So You Think You Can Deadlift？ (Par... | 1 chunks
✅ [1730/4184] @eliteftsofficial | elitefts.com — Last Set of the Day... | 1 chunks
✅ [1731/4184] @eliteftsofficial | elitefts.com - Chris ＂The Tank＂ Janek talks elitef... | 1 chunks
✅ [1732/4184] @eliteftsofficial | elitefts.com — Interview with Zack Khan and Mark D... | 2 chunks
✅ [1733/4184] @eliteftsofficial | How To Build Upper-Back Strength For a Bigger Squa... | 1 chunks
✅ [1734/4184] @eliteftsofficial | Dave Tate and JM Blakley Discuss Their Powerliftin... | 1 chunks
✅ [1735/4184] @eliteftsofficial | elitefts.com - Single Leg Sprints using an Agility... | 1 chunks
✅ [1736/4184] @eliteftsofficial | elitefts.com — Last Squat Squat with Ben Pakulski,... | 1 chunks
✅ [1737/4184] @eliteftsofficial | Ed Coan Speaks on Multi-ply Powerlifting  ｜ elitef... | 1 chunks
✅ [1738/4184] @eliteftsofficial | elitefts.com - Bulgerian Split Squat Death Set... | 1 chunks
✅ [1739/4184] @eliteftsofficial | elitefts.com — Vincent Dizenzo from the Big Semina... | 1 chunks
✅ [1740/4184] @eliteftsofficial | elitefts.com — Brazzi Training Facility... | 1 chunks
✅ [1741/4184] @eliteftsofficial | elitefts.com — Josh Bryant： Video Inquisition (Par... | 1 chunks
✅ [1742/4184] @eliteftsofficial | Swede Burns & Dave Tate Discuss Bar Position For T... | 1 chunks
✅ [1743/4184] @eliteftsofficial | elitefts.com — Yoke Bar High Box Squats From Dave ... | 1 chunks
✅ [1744/4184] @eliteftsofficial | elitefts.com—Brian Schwab Video Inquisition (Part ... | 1 chunks
✅ [1745/4184] @eliteftsofficial | Dave Tate’s Dragging Sled Workout for the Powerlif... | 1 chunks
✅ [1746/4184] @eliteftsofficial | Jim Wendler Talks About His Garage Gym Warm-Up ｜ e... | 1 chunks
✅ [1747/4184] @eliteftsofficial | elitefts.com — Mountian Dog Training (leg tri-set)... | 1 chunks
✅ [1748/4184] @eliteftsofficial | elitefts.com — Josh Bryant： Video Inquisition (Par... | 1 chunks
✅ [1749/4184] @eliteftsofficial | elitefts.com — John Meadows using the elitefts™ Sh... | 1 chunks
✅ [1750/4184] @eliteftsofficial | elitefts.com - Two Agilty Ladder Drills for Latera... | 1 chunks
✅ [1751/4184] @eliteftsofficial | Dave Tate and Casey Williams Train Chest - eliteft... | 1 chunks
✅ [1752/4184] @eliteftsofficial | elitefts.com — Shoulder Saver Incline Press Contra... | 1 chunks
✅ [1753/4184] @eliteftsofficial | elitefts.com — John Meadows Leg Curls - Extended S... | 1 chunks
✅ [1754/4184] @eliteftsofficial | Train Your Ass Off with Dave Tate： The Deadlift ｜ ... | 1 chunks
✅ [1755/4184] @eliteftsofficial | elitefts.com — Dr. Bryan Mann Interview (Part 1)... | 1 chunks
✅ [1756/4184] @eliteftsofficial | Preworkout Training Circuits - elitefts.com... | 2 chunks
✅ [1757/4184] @eliteftsofficial | Has your passion ever slipped away？ Table Talk - e... | 1 chunks
✅ [1758/4184] @eliteftsofficial | The Corporate Meathead with Dan Dalenberg ｜ elitef... | 1 chunks
✅ [1759/4184] @eliteftsofficial | elitefts.com — Steve Colescott Interviews Figure C... | 1 chunks
✅ [1760/4184] @eliteftsofficial | elitefts.com - Power Rack Packages... | 1 chunks
✅ [1761/4184] @eliteftsofficial | Do Some Training Programs Only Work If You Take PE... | 1 chunks
✅ [1762/4184] @eliteftsofficial | elitefts.com—Josh Bryant Seminar Destination Dalla... | 2 chunks
✅ [1763/4184] @eliteftsofficial | elitefts.com—Meet Chris Duffin Part 2... | 1 chunks
✅ [1764/4184] @eliteftsofficial | elitefts.com — Cambered Bar Bent Over Box Squat wi... | 1 chunks
✅ [1765/4184] @eliteftsofficial | elitefts.com — StrongHer Leg Day... | 1 chunks
✅ [1766/4184] @eliteftsofficial | elitefts.com–Low Hurdle Hop Drills... | 1 chunks
✅ [1767/4184] @eliteftsofficial | Train Your Ass Off with Dave Tate： More Bench Pres... | 2 chunks
✅ [1768/4184] @eliteftsofficial | elitefts.com - Sports Performance Summit (quick sp... | 1 chunks
✅ [1769/4184] @eliteftsofficial | elitefts.com - Clint Darden Gives Tips on Improvin... | 1 chunks
✅ [1770/4184] @eliteftsofficial | Julia Ladewski Explains Powerbuilding - elitefts.c... | 1 chunks
✅ [1771/4184] @eliteftsofficial | elitefts.com - How Ken and Sherri Whetham Changed ... | 1 chunks
✅ [1772/4184] @eliteftsofficial | elitefts.com - Find your direction at True North F... | 1 chunks
✅ [1773/4184] @eliteftsofficial | elitefts.com — Get to Know Greg McCoy... | 1 chunks
✅ [1774/4184] @eliteftsofficial | elitefts.com — Last Set Chest Supported Rows with ... | 1 chunks
✅ [1775/4184] @eliteftsofficial | elitefts.com - Three Mobility Drills to Improve th... | 1 chunks
✅ [1776/4184] @eliteftsofficial | elitefts.com - What would you change in powerlifti... | 1 chunks
✅ [1777/4184] @eliteftsofficial | elitefts.com - Swiss Press Bar (Five Grip Drop Set... | 1 chunks
✅ [1778/4184] @eliteftsofficial | elitefts.com—Eric Maroscher： Video Inquisition (Pa... | 1 chunks
✅ [1779/4184] @eliteftsofficial | elitefts.com — Tate Leg Training Excerpt - 6 Month... | 1 chunks
✅ [1780/4184] @eliteftsofficial | elitefts.com - Swede⧸Goggins Part 1... | 1 chunks
✅ [1781/4184] @eliteftsofficial | elitefts.com - Clint Darden Motivational Speech at... | 1 chunks
✅ [1782/4184] @eliteftsofficial | elitefts.com - Kettlebells for Team Sports： Ration... | 1 chunks
✅ [1783/4184] @eliteftsofficial | elitefts.com — You Ask, We Answer with Dave Tate： ... | 1 chunks
✅ [1784/4184] @eliteftsofficial | Meet Miami Powerlifter & Strongman Yessica Martine... | 1 chunks
✅ [1785/4184] @eliteftsofficial | 4 Day Home Workout with Yessica Martinez ｜ eliteft... | 1 chunks
✅ [1786/4184] @eliteftsofficial | Elitefts.com - Table Talk Special Edition pt1... | 1 chunks
✅ [1787/4184] @eliteftsofficial | elitefts.com — Dave Tate Car Video... | 1 chunks
✅ [1788/4184] @eliteftsofficial | Team elitefts promotes 2014 Make-A-Wish books (Ver... | 1 chunks
✅ [1789/4184] @eliteftsofficial | elitefts.com — One Arm Dumbbell Snatch... | 1 chunks
✅ [1790/4184] @eliteftsofficial | Elitefts.com - Slight Incline Chain Press... | 1 chunks
✅ [1791/4184] @eliteftsofficial | Casey Williams is DRIVEN - elitefts.com... | 1 chunks
✅ [1792/4184] @eliteftsofficial | elitefts.com — Interview with Zack Khan and Mark D... | 1 chunks
✅ [1793/4184] @eliteftsofficial | Should Bigger Lifters Pull Sumo or Conventional？ ｜... | 1 chunks
✅ [1794/4184] @eliteftsofficial | Elitefts.com - Comments on the Learn To Train Semi... | 1 chunks
✅ [1795/4184] @eliteftsofficial | elitefts.com - Lateral Bounds with Bands... | 1 chunks
✅ [1796/4184] @eliteftsofficial | elitefts.com - The Second Powerlifting Experience ... | 1 chunks
✅ [1797/4184] @eliteftsofficial | Elitefts.com - John Meadows Kettelbell Rows... | 1 chunks
✅ [1798/4184] @eliteftsofficial | Are Bands a Bad Idea for Rotator Cuff Strengthenin... | 1 chunks
✅ [1799/4184] @eliteftsofficial | Why You Should Pull the SSB Handles In While Squat... | 1 chunks
✅ [1800/4184] @eliteftsofficial | elitefts.com — A Visit to Primal Training Studio... | 1 chunks
✅ [1801/4184] @eliteftsofficial | elitefts.com - Justin Harris Brings the Science Ba... | 1 chunks
✅ [1802/4184] @eliteftsofficial | elitefts.com - Technical Demonstration of Competit... | 1 chunks
✅ [1803/4184] @eliteftsofficial | Dave Tate & Derek Dolgner Train Legs - elitefts.co... | 1 chunks
✅ [1804/4184] @eliteftsofficial | The Science and Strength of Scott Stevenson (Part ... | 2 chunks
✅ [1805/4184] @eliteftsofficial | Kettlebell Tate Presses - Meadows... | 1 chunks
✅ [1806/4184] @eliteftsofficial | elitefts.com - Kettlebells for Team Sports： OHP, G... | 1 chunks
✅ [1807/4184] @eliteftsofficial | elitefts.com — Chain Extenions with palms up... | 1 chunks
✅ [1808/4184] @eliteftsofficial | elitefts.com—Trap Bar Deadlift 101... | 1 chunks
✅ [1809/4184] @eliteftsofficial | elitefts.com — Dr. Bryan Mann Interview (Part 4)... | 1 chunks
✅ [1810/4184] @eliteftsofficial | elitefts.com - Justin Harris Talks Amino Acids & R... | 1 chunks
✅ [1811/4184] @eliteftsofficial | elitefts.com — Meanwhile at the Compound... | 1 chunks
✅ [1812/4184] @eliteftsofficial | Dave Tate and Doug Heath Talk Meet Stories & Funny... | 2 chunks
✅ [1813/4184] @eliteftsofficial | elitefts.com—Ted Toalston talks APF Senior Nationa... | 1 chunks
✅ [1814/4184] @eliteftsofficial | elitefts.com — Tate Leg Training Excerpt - 6 Month... | 1 chunks
✅ [1815/4184] @eliteftsofficial | elitefts.com — Leg Curl Strip Set with Partials... | 1 chunks
✅ [1816/4184] @eliteftsofficial | elitefts.com — Dave Tate's LTT8 Seminar Presentati... | 5 chunks
✅ [1817/4184] @eliteftsofficial | elitefts.com — Universal Nutrition ⧸ Animal Roundt... | 2 chunks
✅ [1818/4184] @eliteftsofficial | Elitefts™ Glute-Raise w⧸ Eccentric Loading... | 1 chunks
✅ [1819/4184] @eliteftsofficial | elitefts.com - Lateral Speed Progression with Band... | 1 chunks
✅ [1820/4184] @eliteftsofficial | elitefts.com — Protrusion & Flexion on Erect-A-Rac... | 1 chunks
✅ [1821/4184] @eliteftsofficial | elitefts.com — LTT7 Q&A (Part 4)... | 1 chunks
✅ [1822/4184] @eliteftsofficial | Technique Teardown with Dave Tate： Episode 3 ｜ eli... | 1 chunks
✅ [1823/4184] @eliteftsofficial | elitefts.com - Mickey Belaineh Talks 2015 XPC's... | 1 chunks
✅ [1824/4184] @eliteftsofficial | Powerlifting Legend Steve Goggins Wants to Make YO... | 1 chunks
✅ [1825/4184] @eliteftsofficial | elitefts.com — Mountain Dog Back Day： Pulls off Ma... | 1 chunks
✅ [1826/4184] @eliteftsofficial | elitefts.com - How to Find a Job in Strength & Con... | 5 chunks
✅ [1827/4184] @eliteftsofficial | elitefts.com — Get to Know Greg McCoy... | 1 chunks
✅ [1828/4184] @eliteftsofficial | elitefts.com—Conquering the Elite Total at WPC Wor... | 1 chunks
✅ [1829/4184] @eliteftsofficial | elitefts.com—Strength Coach Q&A： First-Year Athlet... | 1 chunks
✅ [1830/4184] @eliteftsofficial | Elitefts - Croc Lock Crappy Video Take 1... | 1 chunks
✅ [1831/4184] @eliteftsofficial | What REALLY happens in the elitefts offices？... | 1 chunks
✅ [1832/4184] @eliteftsofficial | elitefts.com — Leg Press with Chains... | 1 chunks
✅ [1833/4184] @eliteftsofficial | What are the best core exercises？ - TABLE TALK - e... | 1 chunks
✅ [1834/4184] @eliteftsofficial | elitefts.com - Indoor Rotational Throw using Power... | 1 chunks
✅ [1835/4184] @eliteftsofficial | Dave Tate on the Risks and Rewards of Powerlifting... | 1 chunks
✅ [1836/4184] @eliteftsofficial | JL Holdsworth Talks the Culture of the Spot Athlet... | 1 chunks
✅ [1837/4184] @eliteftsofficial | elitefts.com™—Banded Squat Warm-Up Alternative... | 1 chunks
✅ [1838/4184] @eliteftsofficial | elitefts.com—Board Press Technique for Sports Perf... | 1 chunks
✅ [1839/4184] @eliteftsofficial | elitefts.com - Swede Burns and the Keyhole Barbell... | 1 chunks
✅ [1840/4184] @eliteftsofficial | elitefts.com — Chad Aichs Interview (Part 1)... | 1 chunks
✅ [1841/4184] @eliteftsofficial | elitefts.com - SS Yoke Bar Variations... | 1 chunks
✅ [1842/4184] @eliteftsofficial | Elitefts.com - Dave Tate Chest Training Recap... | 1 chunks
✅ [1843/4184] @eliteftsofficial | elitefts.com — Prone Dumbbell Shoulder Complex (YT... | 1 chunks
✅ [1844/4184] @eliteftsofficial | elitefts.com—Lateral Start Tutorial... | 1 chunks
✅ [1845/4184] @eliteftsofficial | elitefts.com—Core Blaster Press Variations... | 1 chunks
✅ [1846/4184] @eliteftsofficial | elitefts.com — John Meadows Side Raises with Chain... | 1 chunks
✅ [1847/4184] @eliteftsofficial | elitefts.com — Eric Maroscher： Video Inquisition (... | 1 chunks
✅ [1848/4184] @eliteftsofficial | Train Your Ass Off with Dave Tate： The Bench Press... | 2 chunks
✅ [1849/4184] @eliteftsofficial | elitefts.com - Bob Youngs & Marshall ＂Freakshow＂ J... | 1 chunks
✅ [1850/4184] @eliteftsofficial | Weekend Training 10⧸10⧸15 - elitefts.com... | 1 chunks
✅ [1851/4184] @eliteftsofficial | What's Missing From Younger Lifter's Approach To T... | 1 chunks
✅ [1852/4184] @eliteftsofficial | elitefts.com — JL Holdsworth Competes at 2014 WPC ... | 1 chunks
✅ [1853/4184] @eliteftsofficial | elitefts.com — Reverse Band JM Presses... | 1 chunks
✅ [1854/4184] @eliteftsofficial | Dave Tate Training Log Sept 2016... | 1 chunks
✅ [1855/4184] @eliteftsofficial | Three Favorite Hamstring⧸Glute Exercises - eliteft... | 1 chunks
✅ [1856/4184] @eliteftsofficial | Buddy Morris SPTS Presentation 2015  - elitefts.co... | 3 chunks
✅ [1857/4184] @eliteftsofficial | elitefts.com — Close Grip Bench Press with Shoulde... | 1 chunks
✅ [1858/4184] @eliteftsofficial | elitefts.com—Skip Hill Seminar (Part 2)... | 3 chunks
✅ [1859/4184] @eliteftsofficial | elitefts.com—WATCH： Team elitefts Shares What Chan... | 1 chunks
✅ [1860/4184] @eliteftsofficial | elitefts.com - Preparatory Exercises for Throwing ... | 1 chunks
✅ [1861/4184] @eliteftsofficial | Passion Trumps Everything - elitefts.com... | 1 chunks
✅ [1862/4184] @eliteftsofficial | elitefts.com—Train Like a Linebacker, Eat Like a B... | 4 chunks
✅ [1863/4184] @eliteftsofficial | Reverse Swiss Bar JM Press With Chains... | 1 chunks
✅ [1864/4184] @eliteftsofficial | elitefts.com - Dave Tate Full Presentation PLEXP2... | 1 chunks
✅ [1865/4184] @eliteftsofficial | elitefts.com - Strong(her) Back Training... | 1 chunks
✅ [1866/4184] @eliteftsofficial | elitefts.com™—Banded Pullovers with John Meadows... | 1 chunks
✅ [1867/4184] @eliteftsofficial | elitefts.com—4x1 Prowler® Circuit... | 1 chunks
✅ [1868/4184] @eliteftsofficial | elitefts.com — You Ask, We Answer (Round 3, Part 2... | 1 chunks
✅ [1869/4184] @eliteftsofficial | elitefts.com—Mid-Back Extension ⧸ Upper Back Shrug... | 1 chunks
✅ [1870/4184] @eliteftsofficial | Train Your Ass Off with Dave Tate： The Ascending B... | 1 chunks
✅ [1871/4184] @eliteftsofficial | elitefts.com — So You Think You Can Deadlift？ (Par... | 1 chunks
✅ [1872/4184] @eliteftsofficial | elitefts.com - What would you change in powerlifti... | 1 chunks
✅ [1873/4184] @eliteftsofficial | elitefts.com—Single Leg Squat Progressions... | 1 chunks
✅ [1874/4184] @eliteftsofficial | elitefts.com - Adjusting the Glute-Ham Raise to Op... | 1 chunks
✅ [1875/4184] @eliteftsofficial | elitefts.com — LTT7 Q&A (Part 6)... | 1 chunks
✅ [1876/4184] @eliteftsofficial | elitefts.com–Resisted Band Jump Tuck Jump Sprint C... | 1 chunks
✅ [1877/4184] @eliteftsofficial | elitefts.com - Resisted Sprints with the Prowler... | 1 chunks
✅ [1878/4184] @eliteftsofficial | elitefts.com - Marshall ＂Freakshow＂ Johnson talks ... | 1 chunks
✅ [1879/4184] @eliteftsofficial | elitefts.com - Dave Tate Trains Legs with Bodybuil... | 1 chunks
✅ [1880/4184] @eliteftsofficial | elitefts.com - Brandon Smitley - 565 WR Squat at 1... | 1 chunks
✅ [1881/4184] @eliteftsofficial | Breaking The Deadlift Plateau - elitefts.com... | 1 chunks
✅ [1882/4184] @eliteftsofficial | elitefts.com - Linear Speed Acceleration Drills... | 2 chunks
✅ [1883/4184] @eliteftsofficial | Finisher Friday： Triple Set Extensions ｜ elitefts.... | 1 chunks
✅ [1884/4184] @eliteftsofficial | elitefts.com — Lying Leg Curls with Chains... | 1 chunks
✅ [1885/4184] @eliteftsofficial | elitefts.com - Clint Darden Reveals Secrets About ... | 1 chunks
✅ [1886/4184] @eliteftsofficial | elitefts.com - Power Athlete's Founder John Welbou... | 1 chunks
✅ [1887/4184] @eliteftsofficial | elitefts.com - Sprinting Problems-Prowler Solution... | 1 chunks
✅ [1888/4184] @eliteftsofficial | elitefts.com - Metabolic Conditioning with the Dou... | 1 chunks
✅ [1889/4184] @eliteftsofficial | elitefts.com - 1,2,3,4 Board Press... | 1 chunks
✅ [1890/4184] @eliteftsofficial | elitefts.com - The Foundation of The Tier System F... | 1 chunks
✅ [1891/4184] @eliteftsofficial | elitefts.com—Brian Schwab Video Inquistion (Part 1... | 1 chunks
✅ [1892/4184] @eliteftsofficial | elitefts.com - Dave Tate & Interns Post Training I... | 3 chunks
✅ [1893/4184] @eliteftsofficial | Welcome to the OFFICIAL elitefts channel... | 1 chunks
✅ [1894/4184] @eliteftsofficial | elitefts.com — Chad Aichs Interview (Part 5)... | 1 chunks
✅ [1895/4184] @eliteftsofficial | elitefts.com — The Chalk Box... | 1 chunks
✅ [1896/4184] @eliteftsofficial | elitefts.com — Dr. Bryan Mann Interview (Part 3)... | 1 chunks
✅ [1897/4184] @eliteftsofficial | elitefts.com — So You Think You Can Deadlift？ (Par... | 1 chunks
✅ [1898/4184] @eliteftsofficial | elitefts.com - IFBB Pro Ken Jackson Slight Incline... | 1 chunks
✅ [1899/4184] @eliteftsofficial | elitefts.com—Teaching the Athletic Power Position... | 1 chunks
✅ [1900/4184] @eliteftsofficial | elitefts.com — Questions with Clint (Part 2)... | 1 chunks
✅ [1901/4184] @eliteftsofficial | elitefts.com — Shelby Starnes： Video Inquisition (... | 1 chunks
✅ [1902/4184] @eliteftsofficial | elitefts.com - Swede⧸Goggins Part 2... | 1 chunks
✅ [1903/4184] @eliteftsofficial | A different way to train your triceps... | 1 chunks
✅ [1904/4184] @eliteftsofficial | elitefts.com - Xpress Fitness Gym Profile... | 1 chunks
✅ [1905/4184] @eliteftsofficial | Elitefts.com - Amit Sapir 50 Rep Set of Hack Squat... | 1 chunks
✅ [1906/4184] @eliteftsofficial | Into the void  - EXTENDED VERSION (explicit)... | 1 chunks
✅ [1907/4184] @hanyrambod_FST7 | 3 Days Out ｜ Last Workout of Mr Olympia '25 ｜ Hadi... | 1 chunks
✅ [1908/4184] @hanyrambod_FST7 | 25x OLYMPIA WINNING COACH RATES Anton Ratushnyi's ... | 2 chunks
✅ [1909/4184] @hanyrambod_FST7 | OLYMPIA PRESS CONFERENCE... | 3 chunks
✅ [1910/4184] @hanyrambod_FST7 | Ep. 130 ｜ Q&A MOST UNDERRATED SUPPLEMENT... | 3 chunks
✅ [1911/4184] @hanyrambod_FST7 | LEG DAY with WESLEY VISSERS... | 4 chunks
✅ [1912/4184] @hanyrambod_FST7 | 25X OLYMPIA WINNING COACH RATES LARRY WHEELS PHYSI... | 2 chunks
✅ [1913/4184] @hanyrambod_FST7 | IS SETH FEROCE MAKING A COMEBACK？! ｜ EP. 118... | 8 chunks
✅ [1914/4184] @hanyrambod_FST7 | FST-7 LEG DAY with Hadi Choopan & Hany Rambod... | 1 chunks
✅ [1915/4184] @hanyrambod_FST7 | 25X Olympia Winning Coach Rates SAM SULEK Pro Qual... | 1 chunks
✅ [1916/4184] @hanyrambod_FST7 | 19 Year Old Natural Bodybuilder Gets destroyed on ... | 4 chunks
✅ [1917/4184] @hanyrambod_FST7 | HE'S BACK ｜ Hadi Choopan Demolishes an FST-7 Back ... | 1 chunks
✅ [1918/4184] @hanyrambod_FST7 | SETH FEROCE KILLER LEG DAY... | 3 chunks
✅ [1919/4184] @hanyrambod_FST7 | Dr. Mike VS Greg Doucette... | 7 chunks
✅ [1920/4184] @hanyrambod_FST7 | THANK YOU! ｜ EP. 117... | 2 chunks
✅ [1921/4184] @hanyrambod_FST7 | My Thoughts on the 2025 Classic Physique Olympia... | 2 chunks
✅ [1922/4184] @hanyrambod_FST7 | FULL UPPER BODY WORKOUT w⧸ Ruff Diesel — 3 Weeks O... | 3 chunks
✅ [1923/4184] @hanyrambod_FST7 | DUBAI EXPO W⧸ HADI CHOOPAN... | 1 chunks
✅ [1924/4184] @hanyrambod_FST7 | MIRACLE BEAR INSANE FST-7 LEG DAY Ft. Axel Martine... | 3 chunks
✅ [1925/4184] @hanyrambod_FST7 | AXEL MARTINEZ CHEST DAY... | 2 chunks
✅ [1926/4184] @hanyrambod_FST7 | CBUM 8 WEEKS OUT ｜ CHEST DAY... | 1 chunks
✅ [1927/4184] @hanyrambod_FST7 | Ep.136 ｜ Debunking Science Based Lifting with Jare... | 11 chunks
✅ [1928/4184] @hanyrambod_FST7 | Julian Fitzgerald ｜ The 19-Year-Old Bodybuilding P... | 4 chunks
✅ [1929/4184] @hanyrambod_FST7 | Rating Your Physiques LIVE at the Evogen Booth ｜ 2... | 2 chunks
✅ [1930/4184] @hanyrambod_FST7 | OPEN CBUM LAST ARM DAY... | 1 chunks
✅ [1931/4184] @hanyrambod_FST7 | CBUM, HADI, & DEREK ｜ MR. OLYMPIA... | 1 chunks
✅ [1932/4184] @hanyrambod_FST7 | OPEN PREJUDGING ｜ CBUM... | 1 chunks
✅ [1933/4184] @hanyrambod_FST7 | How to Build a WIDE Back FAST! Ft. Eric Janicki... | 2 chunks
✅ [1934/4184] @hanyrambod_FST7 | 25X Olympia Winning Coach Rates MIRACLE BEAR!... | 2 chunks
✅ [1935/4184] @hanyrambod_FST7 | HE GOT BURIED!!! ｜ INSANE Leg Day w⧸ Julian Fitzge... | 3 chunks
✅ [1936/4184] @hanyrambod_FST7 | 25X OLYMPIA WINNING COACH RATES PHYSIQUE... | 1 chunks
✅ [1937/4184] @hanyrambod_FST7 | BREAKING NEWS Arnold Classic Prize money NOW $750K... | 1 chunks
✅ [1938/4184] @hanyrambod_FST7 | CBUM REVEALS HIS SECRETS... | 1 chunks
✅ [1939/4184] @hanyrambod_FST7 | 2025 Texas Pro with 25x Olympia Winning Coach Hany... | 1 chunks
✅ [1940/4184] @hanyrambod_FST7 | FIRST BODYBUILDING SHOW TIPS AND TRICKS ｜ EP. 115... | 2 chunks
✅ [1941/4184] @hanyrambod_FST7 | 25X Olympia Winning Coach Rates CBUM OPEN DEBUT!... | 2 chunks
✅ [1942/4184] @hanyrambod_FST7 | 19 Year Old Natural Bodybuilder DESTROYS Back Day... | 3 chunks
✅ [1943/4184] @hanyrambod_FST7 | Ep.135 ｜ Jared Feather ｜ 2025 Olympia Predictions... | 6 chunks
✅ [1944/4184] @hanyrambod_FST7 | 2025 S2 Expo ｜ Trentwins, Live Physique check and ... | 2 chunks
✅ [1945/4184] @hanyrambod_FST7 | 2024 Olympia Champ Unfiltered – The Truth Behind t... | 5 chunks
✅ [1946/4184] @hanyrambod_FST7 | 25X OLYMPIA WINNING COACH RATES NECKZILLA's Physiq... | 2 chunks
✅ [1947/4184] @hanyrambod_FST7 | CLUB SHAY SHAY CHEST DAY... | 2 chunks
✅ [1948/4184] @hanyrambod_FST7 | TRAINING BACK W⧸  AXEL MARTINEZ... | 2 chunks
✅ [1949/4184] @hanyrambod_FST7 | Training Like a Figure Pro？？!｜ Cyd Gillon x Laural... | 4 chunks
✅ [1950/4184] @hanyrambod_FST7 | FST-7 Back workout with Hadi Choopan & Hany Rambod... | 1 chunks
✅ [1951/4184] @hanyrambod_FST7 | TRAVEL VLOG ｜ FIBO... | 2 chunks
✅ [1952/4184] @hanyrambod_FST7 | CHEATING ON CBUM W⧸ URS KALECINSKI... | 2 chunks
✅ [1953/4184] @hanyrambod_FST7 | 25X OLYMPIA WINNING COACH RATES Hussein Farhat's P... | 2 chunks
✅ [1954/4184] @hanyrambod_FST7 | 5 Days Out ｜ We Made it to Las Vegas ｜ 2025 Olympi... | 1 chunks
✅ [1955/4184] @hanyrambod_FST7 | HUGE ANNOUNCEMENT! YOU WON’T BELIEVE IT... | 1 chunks
✅ [1956/4184] @hanyrambod_FST7 | CHEST DAY W⧸ CBUM... | 1 chunks
✅ [1957/4184] @hanyrambod_FST7 | WESLEY VISSERS 6 WEEKS OUT ARNOLD CLASSIC EP. 122... | 4 chunks
✅ [1958/4184] @hanyrambod_FST7 | 4 Days Out ｜ Chest Day with Hany Rambod & Hadi Cho... | 1 chunks
✅ [1959/4184] @hanyrambod_FST7 | Urs Miracle Bear on Enhancement, Bodybuilding, & F... | 5 chunks
✅ [1960/4184] @hanyrambod_FST7 | 20 YEAR OLD TRIES HIIT WORKOUT... | 1 chunks
✅ [1961/4184] @hanyrambod_FST7 | 25X Olympia Winning Coach Rates MIKE SOMMERFELD!... | 1 chunks
✅ [1962/4184] @hanyrambod_FST7 | 25X OLYMPIA WINNING COACH Rates Julian Fitzgerald'... | 1 chunks
✅ [1963/4184] @hanyrambod_FST7 | 25X Olympia Winning Coach Rates RAMON DINO Physiqu... | 1 chunks
✅ [1964/4184] @hanyrambod_FST7 | 6 Weeks Out Shoulder Workout with Lauralie Chapado... | 4 chunks
✅ [1965/4184] @hanyrambod_FST7 | FST-7 ARM DAY WITH JARED FEATHER & HANY RAMBOD... | 4 chunks
✅ [1966/4184] @hanyrambod_FST7 | FULL ARM DAY ｜ OLYMPIA PREP... | 1 chunks
✅ [1967/4184] @hanyrambod_FST7 | 2025 Pittsburgh Pro Men's Open Derek VS Nick who's... | 1 chunks
✅ [1968/4184] @hanyrambod_FST7 | Ep.134 ｜ Q&A Where is HADI CHOOPAN？ & MY THOUGHTS ... | 2 chunks
✅ [1969/4184] @hanyrambod_FST7 | Full FST-7 Shoulder Workout with Andrei Deiu & Han... | 3 chunks
✅ [1970/4184] @hanyrambod_FST7 | FST-7 vs RP ｜ JARED FEATHER... | 9 chunks
✅ [1971/4184] @hanyrambod_FST7 | Ep. 131 Axel Martinez ｜  Influencer to Fitness Com... | 4 chunks
✅ [1972/4184] @hanyrambod_FST7 | 25X Olympia Winning Coach Rates SAM SULEK Physique... | 2 chunks
✅ [1973/4184] @hanyrambod_FST7 | Tyler Manion New Women’s Division! ｜ EP. 119... | 8 chunks
✅ [1974/4184] @hanyrambod_FST7 | UNRETIRED ALREADY？! ｜ EP. 121... | 2 chunks
✅ [1975/4184] @hanyrambod_FST7 | This Is Why Your Gut Isn’t Healing ｜ Building and ... | 4 chunks
✅ [1976/4184] @hanyrambod_FST7 | CYD GILLON GOING FOR NUMBER 8 ｜ EP. 114... | 7 chunks
✅ [1977/4184] @hanyrambod_FST7 | THE TRUTH BEHIND HADI CHOOPAN ｜ EP. 116... | 2 chunks
✅ [1978/4184] @hanyrambod_FST7 | CLASSIC PHYSIQUE PREJUDGING ｜ OLYMPIA... | 1 chunks
✅ [1979/4184] @hanyrambod_FST7 | Mr. Olympia 2025 Open Bodybuilding Press Conferenc... | 1 chunks
✅ [1980/4184] @hanyrambod_FST7 | How to build a 3D chest with Hadi Choopan & Hany R... | 1 chunks
✅ [1981/4184] @hanyrambod_FST7 | What Hunter Changed for this Prep, MR. OLYMPIA, & ... | 6 chunks
✅ [1982/4184] @hanyrambod_FST7 | HIS FIRST TIME EVER BEING TRAINED!!... | 3 chunks
✅ [1983/4184] @hanyrambod_FST7 | YOUNGEST IFBB PRO Anton Ratushnyi’s INSANE Chest W... | 5 chunks
✅ [1984/4184] @hanyrambod_FST7 | 40LBS OF MUSCLE IN 1 YEAR ｜ AXEL MARTINEZ... | 1 chunks
✅ [1985/4184] @hanyrambod_FST7 | Chest Day with the Tren Twins in Miami... | 2 chunks
✅ [1986/4184] @hanyrambod_FST7 | HEAVY BACK DAY W⧸ HUNTER LABRADA... | 3 chunks
✅ [1987/4184] @hanyrambod_FST7 | HE’S BACK! HADI CHOOPAN 6 WEEKS OUT... | 1 chunks
✅ [1988/4184] @hanyrambod_FST7 | 25X OLYMPIA WINNING COACH RATES NICK WALKER... | 1 chunks
✅ [1989/4184] @hanyrambod_FST7 | REUNITED ..... @AndreiDeiu ....for one workout... | 2 chunks
✅ [1990/4184] @hanyrambod_FST7 | GROWING BOULDER SHOULDERS FT. RUFF DIESEL... | 3 chunks
✅ [1991/4184] @hanyrambod_FST7 | THE TRUTH BEHIND RUFF DIESEL ｜ EP. 123... | 6 chunks
✅ [1992/4184] @hanyrambod_FST7 | FINAL WORKOUT ｜ OLYMPIA PREP... | 1 chunks
✅ [1993/4184] @hanyrambod_FST7 | YOUNGLA BLOCK PARTY & TIPS TO STAY HEALTHY WHILE T... | 1 chunks
✅ [1994/4184] @hanyrambod_FST7 | 3 DAYS OUT ｜ MR. OLYMPIA PEAK WEEK... | 1 chunks
✅ [1995/4184] @hanyrambod_FST7 | THE PODCAST YOU HAVE ALL BEEN WAITING FOR ｜ 4X OLY... | 7 chunks
✅ [1996/4184] @hanyrambod_FST7 | LEG DAY BEFORE VEGAS ｜ OLYMPIA... | 1 chunks
✅ [1997/4184] @hanyrambod_FST7 | Logan Franklin’s FIRST EVER PODCAST!... | 4 chunks
✅ [1998/4184] @hanyrambod_FST7 | TRAINING LEGS W⧸ ERIC JANICKI... | 2 chunks
✅ [1999/4184] @hanyrambod_FST7 | OLYMPIA LEG DAY ｜ HADI CHOOPAN... | 1 chunks
✅ [2000/4184] @HighLifeWorkout | 8 Books YOU MUST READ If You Want to GET RICH!!!... | 3 chunks
✅ [2001/4184] @HighLifeWorkout | Ranking Women Based On Their Job ｜ Myron Gaines Ti... | 4 chunks
✅ [2002/4184] @HighLifeWorkout | This Is Better Than Steroids？ [Jeff Nippard Respon... | 2 chunks
✅ [2003/4184] @HighLifeWorkout | Why I Take 1,000mg of Caffeine Every Day... | 1 chunks
✅ [2004/4184] @HighLifeWorkout | How To Make Money as an Online Trainer... | 5 chunks
✅ [2005/4184] @HighLifeWorkout | NOT reading this book Might be the reason you are ... | 1 chunks
✅ [2006/4184] @HighLifeWorkout | The Fastest Way to Build Muscle and Burn Fat By Su... | 3 chunks
✅ [2007/4184] @HighLifeWorkout | P Diddy Indictment EXPOSED... | 2 chunks
✅ [2008/4184] @HighLifeWorkout | This Book Made Me RICH (You’re Missing Out)... | 1 chunks
✅ [2009/4184] @HighLifeWorkout | How This 21-Year-Old Helps Build Million-Dollar Bu... | 4 chunks
✅ [2010/4184] @HighLifeWorkout | This Book Will Make You Successful In Your 20’s... | 2 chunks
✅ [2011/4184] @HighLifeWorkout | The Real Day In the Life of a Miami Multi-Milliona... | 2 chunks
✅ [2012/4184] @HighLifeWorkout | DUMP Her ASAP if she Does this ONE THING [Game God... | 1 chunks
✅ [2013/4184] @HighLifeWorkout | 12 Strange Secrets of the Rich (you can do too)... | 2 chunks
✅ [2014/4184] @HighLifeWorkout | Didn’t Expect the Day to Go Like This... | 1 chunks
✅ [2015/4184] @HighLifeWorkout | EXTREME FAT LOSS： Get Ripped For Summer in 2 weeks... | 2 chunks
✅ [2016/4184] @HighLifeWorkout | How to Start Your Business With Free Government Mo... | 3 chunks
✅ [2017/4184] @HighLifeWorkout | This Idea Will Make You Unstoppable... | 2 chunks
✅ [2018/4184] @HighLifeWorkout | 21 DARK PSYCHOLOGY Sales Techniques to Sell Anythi... | 5 chunks
✅ [2019/4184] @HighLifeWorkout | Crazy Election Theory! [Biden Drops Out, Trump Alm... | 2 chunks
✅ [2020/4184] @HighLifeWorkout | What I Eat In A Day To Stay Ripped At 40!... | 1 chunks
✅ [2021/4184] @HighLifeWorkout | How I Make $15,000 a Day Trading (Without Risking ... | 2 chunks
✅ [2022/4184] @HighLifeWorkout | Can Ozempic Really Get You Shredded Without the Gy... | 1 chunks
✅ [2023/4184] @HighLifeWorkout | 4 Habits That Will Make You a Millionaire... | 2 chunks
✅ [2024/4184] @HighLifeWorkout | Doing this will make 2025 your BEST YEAR EVER... | 2 chunks
✅ [2025/4184] @HighLifeWorkout | What To Post On Instagram To Make Money As an Onli... | 5 chunks
✅ [2026/4184] @HighLifeWorkout | This $400 Book Will Make You Rich... | 2 chunks
✅ [2027/4184] @HighLifeWorkout | Andrew Tate Case Got Dismissed？？？... | 1 chunks
✅ [2028/4184] @HighLifeWorkout | How to Get A 6-Pack THIS Summer (Works Every time!... | 2 chunks
✅ [2029/4184] @HighLifeWorkout | Will Andrew Tate Be The Next UK Prime Minister？... | 2 chunks
✅ [2030/4184] @HighLifeWorkout | Extreme Ways to Get Rich (Most Men Won’t Do It)... | 2 chunks
✅ [2031/4184] @HighLifeWorkout | This SIMPLE TRICK will change your whole life... | 1 chunks
✅ [2032/4184] @HighLifeWorkout | 6 business Ideas To Start With $0 in 2024... | 3 chunks
✅ [2033/4184] @HighLifeWorkout | If you are in your 20s, this video will change you... | 2 chunks
✅ [2034/4184] @HighLifeWorkout | 3 Steps that will turn you from a Loser to Baller... | 2 chunks
✅ [2035/4184] @HighLifeWorkout | You’ll Fail at Every Goal Without This Strategy... | 2 chunks
✅ [2036/4184] @HighLifeWorkout | This Is Why Women Don’t Respect You (w⧸Michael Sar... | 2 chunks
✅ [2037/4184] @HighLifeWorkout | This is FASTEST way to Lose Fat!... | 2 chunks
✅ [2038/4184] @HighLifeWorkout | 7 High Value Traits NO WOMAN Can Resist in a Man ｜... | 4 chunks
✅ [2039/4184] @HighLifeWorkout | 5 Most Underrated Habits to Get Lean (and Stay Lea... | 2 chunks
✅ [2040/4184] @HighLifeWorkout | What Nobody’s Saying About the Trump-Musk Feud [La... | 1 chunks
✅ [2041/4184] @HighLifeWorkout | How To Price Your Services To Make MONEY For Onlin... | 1 chunks
✅ [2042/4184] @HighLifeWorkout | Buying a New Car! [$3M Test Drive]... | 3 chunks
✅ [2043/4184] @HighLifeWorkout | How to Build Self-Confidence That Can’t Be Broken... | 1 chunks
✅ [2044/4184] @HighLifeWorkout | How Smart People Profit During War (Here’s the Pla... | 1 chunks
✅ [2045/4184] @HighLifeWorkout | How To Accomplish Your Goals Faster... | 1 chunks
✅ [2046/4184] @HighLifeWorkout | 5 Brutal Lessons from Failure I Wish I Knew In My ... | 2 chunks
✅ [2047/4184] @HighLifeWorkout | 5 Habits Stopping You From Being Successful... | 4 chunks
✅ [2048/4184] @HighLifeWorkout | If you're ambitious but lazy, please watch this...... | 3 chunks
✅ [2049/4184] @HighLifeWorkout | Most People Will Never Live Like This... | 2 chunks
✅ [2050/4184] @HighLifeWorkout | A Day In My Life as a Millionaire in Miami [Vlog]... | 2 chunks
✅ [2051/4184] @HighLifeWorkout | [WARNING] Extreme Ways To Burn Fat FAST!... | 3 chunks
✅ [2052/4184] @HighLifeWorkout | The Blueprint To Make $5000 a month as an Online T... | 2 chunks
✅ [2053/4184] @HighLifeWorkout | 3 Things you MUST avoid if you want to get Rich... | 2 chunks
✅ [2054/4184] @HighLifeWorkout | Why Sugar is KILLING YOU... | 2 chunks
✅ [2055/4184] @HighLifeWorkout | Diddy and JAY-Z Case Explained [Findings Will Shoc... | 2 chunks
✅ [2056/4184] @HighLifeWorkout | What Is Trump Really Selling Before the Election？... | 1 chunks
✅ [2057/4184] @HighLifeWorkout | How To Actually Be Disciplined (Consistently)... | 3 chunks
✅ [2058/4184] @HighLifeWorkout | WARNING： Women Will Ruin Your Life... | 2 chunks
✅ [2059/4184] @HighLifeWorkout | EXTREME Ways to Be More Productive (Do NOT Try Thi... | 2 chunks
✅ [2060/4184] @HighLifeWorkout | How to Make So Much Money in 2025 (to retire yours... | 2 chunks
✅ [2061/4184] @HighLifeWorkout | if you have less than $5000 in the bank, do this N... | 1 chunks
✅ [2062/4184] @HighLifeWorkout | 3 Steps to Make Women CHASE YOU [GAME GOD GOLDIE]... | 2 chunks
✅ [2063/4184] @HighLifeWorkout | Best and Worst Money Advice RANKED for 2025 [TIER ... | 3 chunks
✅ [2064/4184] @HighLifeWorkout | 3 Hacks to Get Ripped FAST for Summer... | 2 chunks
✅ [2065/4184] @HighLifeWorkout | How Online Fitness Coaches Will Get RICH In 2025 (... | 3 chunks
✅ [2066/4184] @HighLifeWorkout | [WARNING] AI Is Changing How You Get Ripped... | 1 chunks
✅ [2067/4184] @HighLifeWorkout | 3 Secrets of DISCIPLINE [How to Master Self Contro... | 2 chunks
✅ [2068/4184] @HighLifeWorkout | How To Overcome The Fear of Public Speaking [Justi... | 1 chunks
✅ [2069/4184] @HighLifeWorkout | How to Position Yourself as a High-Value Man (ft. ... | 3 chunks
✅ [2070/4184] @HighLifeWorkout | The Fastest Way to Get $100K for Your Business... | 5 chunks
✅ [2071/4184] @HighLifeWorkout | I Didn’t Want to Make This Video… But I Had To... | 1 chunks
✅ [2072/4184] @HighLifeWorkout | The Best Way To Make Money In The Stock Market [Fr... | 3 chunks
✅ [2073/4184] @HighLifeWorkout | The TRUTH about “NoFap” [Justin Waller]... | 1 chunks
✅ [2074/4184] @HighLifeWorkout | DAILY VLOG： me and the rich homies racing super ca... | 2 chunks
✅ [2075/4184] @HighLifeWorkout | How He Went From Nothing to A YouTube Millionaire!... | 3 chunks
✅ [2076/4184] @HighLifeWorkout | These Habits Will Make You Rich in 2025... | 3 chunks
✅ [2077/4184] @HighLifeWorkout | Full Day： Teaching, Heat Game, Podcast, Dinner w⧸ ... | 1 chunks
✅ [2078/4184] @HighLifeWorkout | How This Man Makes Over $1,000,000 Every Month!... | 2 chunks
✅ [2079/4184] @HighLifeWorkout | Week in The Life of a Miami Fitness Millionaire [F... | 3 chunks
✅ [2080/4184] @HighLifeWorkout | This WILL make her WANT YOU BAD [Game God Goldie]... | 2 chunks
✅ [2081/4184] @HighLifeWorkout | Paris Olympics Mocking Christianity at the Opening... | 1 chunks
✅ [2082/4184] @HighLifeWorkout | Don't Buy a Watch Until You See This Tier List... | 3 chunks
✅ [2083/4184] @HighLifeWorkout | Extreme Ways to Build Muscle Fast (No BS)... | 2 chunks
✅ [2084/4184] @HighLifeWorkout | Ultimate Cheat Code for Getting Ripped in 2025 FAS... | 2 chunks
✅ [2085/4184] @HighLifeWorkout | How To Make So Much FAST MONEY It Feels ILLEGAL... | 3 chunks
✅ [2086/4184] @HighLifeWorkout | Step-by-Step Guide to Your First $1M Business [No ... | 2 chunks
✅ [2087/4184] @HighLifeWorkout | How To Break Your Bad Habits INSTANTLY... | 2 chunks
✅ [2088/4184] @HighLifeWorkout | Does Elon Musk and GROK Hate Jews？... | 1 chunks
✅ [2089/4184] @HighLifeWorkout | How To Know If You Should Dump Your Girlfriend... | 1 chunks
✅ [2090/4184] @HighLifeWorkout | 40 Brutal Truths I Wish I Knew in My 20s... | 8 chunks
✅ [2091/4184] @HighLifeWorkout | 21 Side Hustles That Will Make You RICH [Tier List... | 3 chunks
✅ [2092/4184] @HighLifeWorkout | Poor man’s way to get rich. Not the easy way but i... | 2 chunks
✅ [2093/4184] @HighLifeWorkout | Nobody Talks About This ChatGPT Superpower!... | 1 chunks
✅ [2094/4184] @HighLifeWorkout | 14 Years of Unfiltered Business Advice in 34 minut... | 3 chunks
✅ [2095/4184] @HighLifeWorkout | These 5 Bible Verses Made Me a Millionaire... | 2 chunks
✅ [2096/4184] @HighLifeWorkout | My Simple Productivity Routine That Makes Me $684 ... | 2 chunks
✅ [2097/4184] @HighLifeWorkout | 10 Hacks to be 99.9% More Disciplined That Cost No... | 4 chunks
✅ [2098/4184] @HighLifeWorkout | How to Get a 6-Pack FAST (No BS Method)... | 3 chunks
✅ [2099/4184] @HighLifeWorkout | How To Build Muscle and Burn Fat At The Same Time... | 2 chunks
✅ [2100/4184] @HighLifeWorkout | If you need to make $5000 in 7 days with online fi... | 3 chunks
✅ [2101/4184] @HighLifeWorkout | Here’s How To Stop Thinking Like The 99%... | 5 chunks
✅ [2102/4184] @HighLifeWorkout | The Power of Consistency： How Small Actions Lead t... | 2 chunks
✅ [2103/4184] @HighLifeWorkout | Secret To Building Muscle FASTER [Full Body Workou... | 2 chunks
✅ [2104/4184] @HighLifeWorkout | How He Makes $470k A Year Doing Online Fitness... | 3 chunks
✅ [2105/4184] @HighLifeWorkout | 3 Stoic Habits That Will Make You Mentally UNSTOPP... | 2 chunks
✅ [2106/4184] @HighLifeWorkout | Keys To Getting RICH in 2025 [Justin Waller]... | 1 chunks
✅ [2107/4184] @HighLifeWorkout | Ad Tactics For Online Fitness Trainers (makes over... | 2 chunks
✅ [2108/4184] @HighLifeWorkout | Romance ROI： Calculating the REAL Cost of Dating... | 1 chunks
✅ [2109/4184] @HighLifeWorkout | Andrew Tate Case New Update (It's Happening Again)... | 2 chunks
✅ [2110/4184] @HighLifeWorkout | [Free Course] Start Making Money Today with Sellin... | 3 chunks
✅ [2111/4184] @HighLifeWorkout | You Won’t Believe Where I Ended Up Today... | 2 chunks
✅ [2112/4184] @HighLifeWorkout | Skills You NEED To Make Money In Business [TIER LI... | 3 chunks
✅ [2113/4184] @HighLifeWorkout | Better Than Steroids？... | 2 chunks
✅ [2114/4184] @HighLifeWorkout | Why It Doesn’t Matter Who’s the President... | 1 chunks
✅ [2115/4184] @HighLifeWorkout | 10 HABITS of RICH People That They Do That YOU Don... | 4 chunks
✅ [2116/4184] @HighLifeWorkout | How to Get Rich This Summer (No BS)... | 2 chunks
✅ [2117/4184] @HighLifeWorkout | Is Amazon FBA Finally Dead？... | 2 chunks
✅ [2118/4184] @HighLifeWorkout | This is More Important than Money (and you can't g... | 1 chunks
✅ [2119/4184] @HighLifeWorkout | Make HOT Women Chase After YOU! ｜ @GameGodGoldie... | 2 chunks
✅ [2120/4184] @HighLifeWorkout | Cheat Code To Getting Funding For Your Business [F... | 4 chunks
✅ [2121/4184] @HighLifeWorkout | Ex-Drug Dealer Now Makes Millions Trading... | 3 chunks
✅ [2122/4184] @HighLifeWorkout | Day in the Life of an INSANELY RICH Man! 🤯... | 2 chunks
✅ [2123/4184] @HighLifeWorkout | Day In Life of a Celebrity Fitness Millionaire in ... | 3 chunks
✅ [2124/4184] @HighLifeWorkout | If I Wanted To Become A Millionaire In 2025, I Wou... | 3 chunks
✅ [2125/4184] @HighLifeWorkout | This One Thing Will Make You Rich (Justin Waller)... | 2 chunks
✅ [2126/4184] @HighLifeWorkout | Truth Behind Shannon Sharpe’s $50M S＊xual Assault ... | 1 chunks
✅ [2127/4184] @HighLifeWorkout | The Only Thing You Need To Know About Women... | 1 chunks
✅ [2128/4184] @HighLifeWorkout | The man who has trained Ryan Reynolds for Deadpool... | 2 chunks
✅ [2129/4184] @HighLifeWorkout | P＊RN might not be bad for you! (If you do this)... | 1 chunks
✅ [2130/4184] @HighLifeWorkout | These Habits Will Make You SUPER RICH in 2025... | 2 chunks
✅ [2131/4184] @HighLifeWorkout | This is how a Miami Multi-Millionaire Spends His M... | 2 chunks
✅ [2132/4184] @HighLifeWorkout | I’m 42, If you’re in your 20’s and 30’s, watch thi... | 2 chunks
✅ [2133/4184] @HighLifeWorkout | After what just came out… there’s no going back fo... | 1 chunks
✅ [2134/4184] @HighLifeWorkout | Day in Life of Miami Multi-Millionaire [Brandon Ca... | 1 chunks
✅ [2135/4184] @HighLifeWorkout | A Day In My Life as a Millionaire in Miami [Vlog]... | 2 chunks
✅ [2136/4184] @HighLifeWorkout | How I Manage My Time Effectively & Stay Productive... | 2 chunks
✅ [2137/4184] @HighLifeWorkout | Is Liver King Pretending To Be “Crazy”？... | 2 chunks
✅ [2138/4184] @HighLifeWorkout | How To Get The Woman Who Wants YOU [GAME GOD GOLDI... | 2 chunks
✅ [2139/4184] @HighLifeWorkout | You’re Not Charging Enough (Online Trainers Need t... | 1 chunks
✅ [2140/4184] @HighLifeWorkout | Stop Wasting Your Life - 7 Things I Quit to Go Fro... | 3 chunks
✅ [2141/4184] @HighLifeWorkout | 10 Simple Ways To Manage Multiple Hobbies... | 2 chunks
✅ [2142/4184] @HighLifeWorkout | How To Rewire Your Brain For Success!... | 3 chunks
✅ [2143/4184] @sam_sulek | Winter Shredathon Day 78 - Merry Chestmas Eve... | 2 chunks
✅ [2144/4184] @sam_sulek | Winter Shredathon Day 70  - Chest - Approaching a ... | 3 chunks
✅ [2145/4184] @sam_sulek | Winter Shredathon Day 101 - Arms You Glad It's Not... | 1 chunks
✅ [2146/4184] @sam_sulek | Winter Shredathon Day 107 - Chest... | 2 chunks
✅ [2147/4184] @sam_sulek | Winter Shredathon Day 93 - Arms... | 2 chunks
✅ [2148/4184] @sam_sulek | Winter Shredathon Day 64 - Legs... | 3 chunks
✅ [2149/4184] @sam_sulek | Winter Shredathon Day 59 - Legs... | 3 chunks
✅ [2150/4184] @sam_sulek | Winter Shredathon Day 77 - Legs - Feathering Loadi... | 2 chunks
✅ [2151/4184] @sam_sulek | Winter Shredathon Day 99 - Chest... | 2 chunks
✅ [2152/4184] @sam_sulek | Winter Shredathon Day 108 - Back... | 2 chunks
✅ [2153/4184] @sam_sulek | Winter Shredathon Day 69 - Nice - Legs... | 3 chunks
✅ [2154/4184] @sam_sulek | Winter Shredathon Day 65 - Chest - Few Months To G... | 2 chunks
✅ [2155/4184] @sam_sulek | Winter Shredathon Day 98 - Legs - Intro Returns... | 2 chunks
✅ [2156/4184] @sam_sulek | Winter Shredathon Day 75 - Back - Short and Sweet... | 2 chunks
✅ [2157/4184] @sam_sulek | Winter Shredathon Day 88 - Arms... | 2 chunks
✅ [2158/4184] @sam_sulek | Winter Shredathon Day 60 - Back 2 Month Mark... | 1 chunks
✅ [2159/4184] @sam_sulek | Winter Shredathon Day 94 - Legs... | 3 chunks
✅ [2160/4184] @sam_sulek | Winter Shredathon Day 91 - Rest Day... | 2 chunks
✅ [2161/4184] @sam_sulek | Winter Shredathon Day 106 - All Time Leg Veins PR... | 1 chunks
✅ [2162/4184] @sam_sulek | Winter Shredathon Day 68 - Shoulders - Veins and S... | 4 chunks
✅ [2163/4184] @sam_sulek | Winter Shredathon Day 85 - Legs... | 1 chunks
✅ [2164/4184] @sam_sulek | Winter Shredathon Day 63 - Cardio... | 2 chunks
✅ [2165/4184] @sam_sulek | Winter Shredathon Day 82 - Planet Chestness... | 1 chunks
✅ [2166/4184] @sam_sulek | Winter Shredathon Day 79 - Back - Merry Liftmas... | 2 chunks
✅ [2167/4184] @sam_sulek | Winter Shredathon Day 83 - Back and QnA... | 4 chunks
✅ [2168/4184] @sam_sulek | Fat Loss Focused Grocery Trip - No Treats... | 3 chunks
✅ [2169/4184] @sam_sulek | Step By Step Egg Whites - Short Full Day of Eating... | 2 chunks
✅ [2170/4184] @sam_sulek | Winter Shredathon Day 54  - Arms - Value of the Mi... | 3 chunks
✅ [2171/4184] @sam_sulek | Winter Shredathon Day 96 - Back at Metro... | 2 chunks
✅ [2172/4184] @sam_sulek | Vegas Vlog - In N Out and IHOP... | 1 chunks
✅ [2173/4184] @sam_sulek | Winter Shredathon Day 102 - Legs Post Rest Day... | 2 chunks
✅ [2174/4184] @sam_sulek | Winter Shredathon Day 104 - Back - Hefty Sets... | 2 chunks
✅ [2175/4184] @sam_sulek | Winter Shredathon Day 51 - Legs... | 2 chunks
✅ [2176/4184] @sam_sulek | Winter Shredathon Day 66 - Back with Bad Audio... | 3 chunks
✅ [2177/4184] @sam_sulek | Winter Shredathon Day 109 - Arms - Christmas Tree ... | 2 chunks
✅ [2178/4184] @sam_sulek | Winter Shredathon Day 90 - Chest... | 2 chunks
✅ [2179/4184] @sam_sulek | Winter Shredathon Day 72 -  Arms Breaking into Hou... | 3 chunks
✅ [2180/4184] @sam_sulek | Winter Shredathon Day 110 - Legs... | 1 chunks
✅ [2181/4184] @sam_sulek | Winter Shredathon Day 58 - Arms - 7 Set Draw... | 2 chunks
✅ [2182/4184] @sam_sulek | Winter Shredathon Day 57 - Back... | 3 chunks
✅ [2183/4184] @sam_sulek | Winter Shredathon Day 81 - Legs and Eggs... | 3 chunks
✅ [2184/4184] @sam_sulek | Winter Shredathon Day 55 - Legs - Veiniac Combo... | 3 chunks
✅ [2185/4184] @sam_sulek | Clothing Announcement - Winter Shredathon Day 53 -... | 3 chunks
✅ [2186/4184] @sam_sulek | Winter Shredathon Day 56 - Chest - Freak Factor Ov... | 3 chunks
✅ [2187/4184] @sam_sulek | Last Arm Day in Vegas... | 1 chunks
✅ [2188/4184] @sam_sulek | Winter Shredathon Day 80 - Arms on Christmas Day... | 3 chunks
✅ [2189/4184] @sam_sulek | Winter Shredathon Day 92 - Back... | 2 chunks
✅ [2190/4184] @sam_sulek | Winter Shredathon Day 87 - Back... | 1 chunks
✅ [2191/4184] @sam_sulek | Fall Cut Day 5 - Legs and Cardio... | 3 chunks
✅ [2192/4184] @sam_sulek | Winter Shredathon Day 97 - Arms Below Freezing... | 2 chunks
✅ [2193/4184] @sam_sulek | Winter Shredathon Day 73 - Hamstrings... | 2 chunks
✅ [2194/4184] @sam_sulek | Winter Shredathon Day 89 - Legs... | 2 chunks
✅ [2195/4184] @sam_sulek | Winter Shredathon Day 100 - Back - Every Calorie C... | 2 chunks
✅ [2196/4184] @sam_sulek | Winter Shredathon Day 71 - Back - Officially Veiny... | 3 chunks
✅ [2197/4184] @sam_sulek | Winter Shredathon Day 95 - Chest... | 2 chunks
✅ [2198/4184] @sam_sulek | Winter Shredathon Day 103 - Chest... | 2 chunks
✅ [2199/4184] @sam_sulek | Winter Shredathon Day 84  - Alternating Arm Workou... | 3 chunks
✅ [2200/4184] @sam_sulek | Chest With Jay Cutler... | 4 chunks
✅ [2201/4184] @sam_sulek | Winter Shredathon Day 105 - Simple Arm Pump Only 2... | 2 chunks
✅ [2202/4184] @sam_sulek | 1 Hour of Seated Bike, No Commentary... | 1 chunks
✅ [2203/4184] @sam_sulek | Winter Shredathon Day 74 - Wide Angle Chest Pump... | 2 chunks
✅ [2204/4184] @sam_sulek | Winter Shredathon Day 67 - Arms - Forgot to Pack S... | 2 chunks
✅ [2205/4184] @sam_sulek | Winter Shredathon Day 76 - Arms... | 2 chunks
✅ [2206/4184] @sam_sulek | Winter Shredathon Day 86 - Last Chest Day of 2024... | 3 chunks
✅ [2207/4184] @sam_sulek | Winter Shredathon Day 52 - Chest - Happy Thanksgiv... | 4 chunks
✅ [2208/4184] @BarbellMedicine | Nordic Hamstring Curl... | 1 chunks
✅ [2209/4184] @BarbellMedicine | Training VLOG #33： Static stretching, cancer and e... | 3 chunks
✅ [2210/4184] @BarbellMedicine | Does Lifting Increase the Risk of Hernias？... | 2 chunks
✅ [2211/4184] @BarbellMedicine | How-To Assess Self Efficacy... | 1 chunks
✅ [2212/4184] @BarbellMedicine | How-To Avoid Burnout？... | 1 chunks
✅ [2213/4184] @BarbellMedicine | 10 Questions with Tom Campitelli... | 1 chunks
✅ [2214/4184] @BarbellMedicine | How-To Address Pain Without Being A Nocebo... | 1 chunks
✅ [2215/4184] @BarbellMedicine | Dr. Feigenbaum on Low Back Pain at Fort Irwin (Par... | 3 chunks
✅ [2216/4184] @BarbellMedicine | When Should You Seek Treatment For Pain？... | 1 chunks
✅ [2217/4184] @BarbellMedicine | Does Liposuction Make You Healthier？... | 1 chunks
✅ [2218/4184] @BarbellMedicine | Not Losing Weight In A Calorie Deficit, What Do？... | 1 chunks
✅ [2219/4184] @BarbellMedicine | A Full Day of Eating to Gain Muscle w⧸ Dr. Jordan ... | 2 chunks
✅ [2220/4184] @BarbellMedicine | Live Q⧸A From 11.11.2020... | 3 chunks
✅ [2221/4184] @BarbellMedicine | What type of ab work is recommended？... | 1 chunks
✅ [2222/4184] @BarbellMedicine | A Doctor Weighs In On Caffeine for Health And Perf... | 2 chunks
✅ [2223/4184] @BarbellMedicine | 10 Questions with Dr. Jordan Feigenbaum... | 2 chunks
✅ [2224/4184] @BarbellMedicine | At What Age Are You The Strongest？... | 1 chunks
✅ [2225/4184] @BarbellMedicine | Miami 2020 Q⧸A： What Big Pharma Doesn't Want You t... | 4 chunks
✅ [2226/4184] @BarbellMedicine | How-To Deal with CNS Fatigue... | 1 chunks
✅ [2227/4184] @BarbellMedicine | 2020 Virginia Beach Question and Answer (Full)... | 5 chunks
✅ [2228/4184] @BarbellMedicine | How-To Explain Pain to Others... | 1 chunks
✅ [2229/4184] @BarbellMedicine | 2019 Brooklyn Q⧸A： How Strong is Strong Enough For... | 4 chunks
✅ [2230/4184] @BarbellMedicine | How Does Weight Loss Change Cholesterol Levels？... | 1 chunks
✅ [2231/4184] @BarbellMedicine | Training VLOG #36： Is It Safe To Go Back To The Gy... | 2 chunks
✅ [2232/4184] @BarbellMedicine | Training VLOG #34： 2019 San Diego Fit Expo Powerli... | 2 chunks
✅ [2233/4184] @BarbellMedicine | How-To Train Around Anatomical Limitations... | 1 chunks
✅ [2234/4184] @BarbellMedicine | Training VLOG #32： First Powerlifting Meet in Four... | 2 chunks
✅ [2235/4184] @BarbellMedicine | How-To Warm-Up For Deadlifts... | 1 chunks
✅ [2236/4184] @BarbellMedicine | What's the Most Interesting Research You've Read R... | 1 chunks
✅ [2237/4184] @BarbellMedicine | Should Older Individuals Gain Weight to Gain Muscl... | 1 chunks
✅ [2238/4184] @BarbellMedicine | 2019 St. Louis Q⧸A Part II： LBM and Health, Geneti... | 3 chunks
✅ [2239/4184] @BarbellMedicine | How-To Determine Good Technique... | 1 chunks
✅ [2240/4184] @BarbellMedicine | Can You Make the Same GainzZz Lifting Lighter Weig... | 1 chunks
✅ [2241/4184] @BarbellMedicine | Two Minute Tuesday： Resistance Training for Injury... | 1 chunks
✅ [2242/4184] @BarbellMedicine | Is Bulking and Cutting a Good Strategy？... | 1 chunks
✅ [2243/4184] @BarbellMedicine | Training VLOG 38： 7 Weeks Out... | 3 chunks
✅ [2244/4184] @BarbellMedicine | How to Combat Bad Information... | 1 chunks
✅ [2245/4184] @BarbellMedicine | How-To Develop Healthy Habits in Youth... | 1 chunks
✅ [2246/4184] @BarbellMedicine | What's The Deal With Seed Oils？ Hype vs. Science.... | 1 chunks
✅ [2247/4184] @BarbellMedicine | 2019 Brooklyn Q⧸A Part II： Who Would Win In A Figh... | 3 chunks
✅ [2248/4184] @BarbellMedicine | Dr. Baraki on Low Back Pain at Fort Irwin (Part II... | 5 chunks
✅ [2249/4184] @BarbellMedicine | Is Training To Failure A Good Idea？... | 1 chunks
✅ [2250/4184] @BarbellMedicine | How-To Manage Training And Shiftwork... | 1 chunks
✅ [2251/4184] @BarbellMedicine | Barbell Medicine Seminar Overview... | 1 chunks
✅ [2252/4184] @BarbellMedicine | 10 Questions with Coach Hassan Mansour... | 1 chunks
✅ [2253/4184] @BarbellMedicine | Training VLOG 39： 6-Weeks Out and How-To Make Coff... | 2 chunks
✅ [2254/4184] @BarbellMedicine | Does YOUR Anatomy Predict Your Lifting Technique？... | 1 chunks
✅ [2255/4184] @BarbellMedicine | Should You Take Protein When You're Sick？... | 1 chunks
✅ [2256/4184] @BarbellMedicine | Training VLOG #31： Knee Pain, Volume vs. Intensity... | 5 chunks
✅ [2257/4184] @BarbellMedicine | Does Intra-workout Nutrition Matter？... | 1 chunks
✅ [2258/4184] @BarbellMedicine | Hypertrophy for Strength Athletes... | 1 chunks
✅ [2259/4184] @BarbellMedicine | Training VLOG #35： 2019 USAPL Raw Nationals... | 4 chunks
✅ [2260/4184] @BarbellMedicine | Livestream Q⧸A 11.18.2019 Vegan diets, Hypertrophy... | 4 chunks
✅ [2261/4184] @BarbellMedicine | Exercise for Persistent Pain Populations w⧸ Dr. Mi... | 1 chunks
✅ [2262/4184] @BarbellMedicine | 2019 St. Louis Q⧸A Part 1： Training Sensitivity, M... | 4 chunks
✅ [2263/4184] @BarbellMedicine | 2019 Chicago Q⧸A： Drs. Baraki and Feigenbaum discu... | 5 chunks
✅ [2264/4184] @BarbellMedicine | How to Re-Start Training After a Layoff... | 1 chunks
✅ [2265/4184] @BarbellMedicine | What Types of Meat Are Good Sources of Protein？... | 1 chunks
✅ [2266/4184] @BarbellMedicine | How To Get Motivated To Exercise？... | 1 chunks
✅ [2267/4184] @BarbellMedicine | 10 Questions with Coach Leah Lutz... | 1 chunks
✅ [2268/4184] @BarbellMedicine | EPC 2019 in London： Injury Risk in Powerlifting ft... | 5 chunks
✅ [2269/4184] @BarbellMedicine | Should Old People Take Steroids？... | 1 chunks
✅ [2270/4184] @BarbellMedicine | January 2021 Virtual Pain and Rehab Seminar Q⧸A... | 4 chunks
✅ [2271/4184] @BarbellMedicine | How to Become a GREAT Strength Coach (No Certifica... | 5 chunks
✅ [2272/4184] @BarbellMedicine | 2020 San Diego Q⧸A  (Full Version)... | 5 chunks
✅ [2273/4184] @BarbellMedicine | Does YOUR Hip Anatomy Determine YOUR Squat Stance？... | 1 chunks
✅ [2274/4184] @BarbellMedicine | How Sore and Tired Should You Get From Exercise an... | 1 chunks
✅ [2275/4184] @BarbellMedicine | What is Barbell Medicine？... | 1 chunks
✅ [2276/4184] @BarbellMedicine | Livestream Q⧸A 10.8.2019： Red Meat, Hypertrophy, S... | 4 chunks
✅ [2277/4184] @BarbellMedicine | Does Exercise Work For Everyone？... | 1 chunks
✅ [2278/4184] @BarbellMedicine | Training VLOG #40： 5-Weeks Out , Progressive Loadi... | 2 chunks
✅ [2279/4184] @BarbellMedicine | Powerlifter Competes in Strongman. I REALLY Messed... | 2 chunks
✅ [2280/4184] @BarbellMedicine | 10 Questions with Dr. Austin Baraki... | 1 chunks
✅ [2281/4184] @BarbellMedicine | Live Q⧸A 3.17.2021： Interference Effect, Posture, ... | 2 chunks
✅ [2282/4184] @BarbellMedicine | Livestream Q⧸A 10.25.2019... | 4 chunks
✅ [2283/4184] @BarbellMedicine | Training VLOG #37： Dr. Baraki Deadlifts 720, How t... | 1 chunks
✅ [2284/4184] @RyanHumiston | We Need To Fix THIS!... | 2 chunks
✅ [2285/4184] @RyanHumiston | How I Grew MASSIVE Shoulders FAST!... | 1 chunks
✅ [2286/4184] @RyanHumiston | PUSH PULL LEGS Program ｜ Between Two Plates... | 1 chunks
✅ [2287/4184] @RyanHumiston | 5 Reasons Why Your Body Transformation FAILED!... | 1 chunks
✅ [2288/4184] @RyanHumiston | How To Get Bigger Legs! (PPL： Sets & Reps)... | 1 chunks
✅ [2289/4184] @RyanHumiston | This Changes Everything…... | 1 chunks
✅ [2290/4184] @RyanHumiston | How To Force Muscle Growth (Science Backed Method)... | 1 chunks
✅ [2291/4184] @RyanHumiston | REAR DELTS ｜ 3 Reasons Your Posterior Deltoids WIL... | 1 chunks
✅ [2292/4184] @RyanHumiston | Stop Doing THIS!... | 1 chunks
✅ [2293/4184] @RyanHumiston | 3 Barbell Squats YOU SHOULD BE DOING!... | 1 chunks
✅ [2294/4184] @RyanHumiston | 4 Sets That Will Build SERIOUS MUSCLE... | 1 chunks
✅ [2295/4184] @RyanHumiston | THICKER Lats & WIDER Back Workout (Get An INSANE V... | 1 chunks
✅ [2296/4184] @RyanHumiston | Training Like ARNOLD For 30 DAYS!... | 1 chunks
✅ [2297/4184] @RyanHumiston | How TO GUARANTEE Muscle Growth From EVERY Workout!... | 1 chunks
✅ [2298/4184] @RyanHumiston | I Wish I Knew THIS When I Started Lifting!... | 1 chunks
✅ [2299/4184] @RyanHumiston | Why Your Chest Isn't Growing (NOT WHY YOU THINK!)... | 1 chunks
✅ [2300/4184] @RyanHumiston | This Changes FAT LOSS!... | 1 chunks
✅ [2301/4184] @RyanHumiston | HEAVY VS LIGHT WEIGHT For Muscle Growth (THE TRUTH... | 1 chunks
✅ [2302/4184] @RyanHumiston | Tricep Exercises YOU'RE DOING WRONG!... | 1 chunks
✅ [2303/4184] @RyanHumiston | Fix Shoulder Pain FOREVER!... | 2 chunks
✅ [2304/4184] @RyanHumiston | Tricep Workout For MASSIVE Arms (YOU NEED TO TRY T... | 1 chunks
✅ [2305/4184] @RyanHumiston | Absolute BEST At Home Exercises (Abs, Chest, Shoul... | 1 chunks
✅ [2306/4184] @RyanHumiston | Do You Need To Get STRONGER To BUILD MORE MUSCLE？ ... | 1 chunks
✅ [2307/4184] @RyanHumiston | Too Much Rest Between Sets is KILLING Your GAINS!... | 1 chunks
✅ [2308/4184] @RyanHumiston | How To Get BIGGER Biceps FAST (Hint..Start Doing T... | 1 chunks
✅ [2309/4184] @RyanHumiston | How To Squat For MAXIMUM GROWTH... | 1 chunks
✅ [2310/4184] @RyanHumiston | 5 “Horseshoe” Tricep Exercises  (YOU’RE MISSING TH... | 1 chunks
✅ [2311/4184] @RyanHumiston | BEST Pull Workout For MASSIVE GROWTH! (Back⧸Biceps... | 1 chunks
✅ [2312/4184] @RyanHumiston | How To Get WIDE SHOULDERS (DON'T SKIP THESE!)... | 1 chunks
✅ [2313/4184] @RyanHumiston | How To Grow a BIGGER Chest (FULL WORKOUT!)... | 1 chunks
✅ [2314/4184] @RyanHumiston | Is Your PEE Color KILLING Your Workouts & GAINS？... | 1 chunks
✅ [2315/4184] @RyanHumiston | Training Mistakes That MOST People Make (Don't Be ... | 1 chunks
✅ [2316/4184] @RyanHumiston | Light vs Heavy Weight For Building Muscle ｜ ONE CL... | 1 chunks
✅ [2317/4184] @RyanHumiston | How To FIX a Stiff Neck (HINT - UnF＊CK Your TRAPS!... | 1 chunks
✅ [2318/4184] @RyanHumiston | Protein Companies Are LYING TO YOU!... | 1 chunks
✅ [2319/4184] @RyanHumiston | Increase Your Pull-Ups (The Ones That ACTUALLY Lea... | 1 chunks
✅ [2320/4184] @RyanHumiston | #1 Reason Why You're NOT Building Muscle... | 1 chunks
✅ [2321/4184] @RyanHumiston | Brutal Biceps Workout (SETS & REPS)... | 1 chunks
✅ [2322/4184] @RyanHumiston | What ICE BATHS Do To Your MUSCLES!... | 1 chunks
✅ [2323/4184] @RyanHumiston | Drink THIS Every Workout!... | 2 chunks
✅ [2324/4184] @RyanHumiston | Protein Farts, Fingernails & Syphilis... | 1 chunks
✅ [2325/4184] @RyanHumiston | BEST Leg Exercise For Growth (YOU NEED THIS!!)... | 1 chunks
✅ [2326/4184] @RyanHumiston | MOST EFFICIENT ABS WORKOUT (TRY THIS!)... | 1 chunks
✅ [2327/4184] @RyanHumiston | How To Gain Muscle Mass (The TRUTH About Sets & Re... | 1 chunks
✅ [2328/4184] @RyanHumiston | 5 BEST Rear Delt Exercises (FAILPROOF!)... | 1 chunks
✅ [2329/4184] @RyanHumiston | The PERFECT MUSCLE BUILDING WORKOUT... | 1 chunks
✅ [2330/4184] @RyanHumiston | BIGGER ARMS In 30 DAYS ＂GUARAN-F'N-TEED＂... | 1 chunks
✅ [2331/4184] @RyanHumiston | Best Performance-Enhancing Drug？... | 1 chunks
✅ [2332/4184] @RyanHumiston | ADVANCED Barbell Back Workout (GOOD LUCK!)... | 1 chunks
✅ [2333/4184] @RyanHumiston | 4 Bicep Exercises (THAT WILL SAVE YOUR LIFE!)... | 1 chunks
✅ [2334/4184] @RyanHumiston | THE TRUTH About The Best Muscle Building Exercises... | 1 chunks
✅ [2335/4184] @RyanHumiston | Science-Based SHOULDER Workout (60% of The Time, I... | 1 chunks
✅ [2336/4184] @RyanHumiston | Dumbbell Exercises That YOU NEED To Try!... | 1 chunks
✅ [2337/4184] @RyanHumiston | How To Get Bigger Shoulders Fast (FIX THESE 3 MIST... | 1 chunks
✅ [2338/4184] @RyanHumiston | 4 Dumbbell Shoulder Exercises For MASSIVE DELTS!... | 1 chunks
✅ [2339/4184] @RyanHumiston | Science-Backed Shortcut for Massive Side and Front... | 2 chunks
✅ [2340/4184] @RyanHumiston | How To Build BIGGER ARMS FASTER ! (30 DAY PROGRAM)... | 1 chunks
✅ [2341/4184] @RyanHumiston | Why Your Shoulders AREN'T GROWING (Truth Hurts!)... | 1 chunks
✅ [2342/4184] @RyanHumiston | ABSOLUTE BEST Way To Improve Your Squat (Quad Grow... | 1 chunks
✅ [2343/4184] @RyanHumiston | Stop Doing THIS!... | 1 chunks
✅ [2344/4184] @RyanHumiston | The Perfect Push-Up To BUILD MUSCLE (ALWAYS DO THI... | 1 chunks
✅ [2345/4184] @RyanHumiston | PERFECT Dumbbell Shoulder Workout (Get HUGE ROUND ... | 1 chunks
✅ [2346/4184] @RyanHumiston | I Blew Up My Arms With THESE!!... | 1 chunks
✅ [2347/4184] @RyanHumiston | I Tried To Workout Like Chuck Norris...... | 1 chunks
✅ [2348/4184] @RyanHumiston | MOST EFFICIENT Workout For TRAPS (THIS WORKS!)... | 1 chunks
✅ [2349/4184] @RyanHumiston | 6 ABSOLUTE BEST Dumbbell Exercises (Upper Body)... | 1 chunks
✅ [2350/4184] @RyanHumiston | How To Do HAMMER CURLS For BIGGER BICEPS (THESE WO... | 1 chunks
✅ [2351/4184] @RyanHumiston | I Almost Killed Him...... | 1 chunks
✅ [2352/4184] @RyanHumiston | BACK WORKOUT To Get That WIDE & THICK V-Taper!... | 1 chunks
✅ [2353/4184] @RyanHumiston | 5 Dumbbell Shoulder Exercises (THAT WILL BLOW UP T... | 1 chunks
✅ [2354/4184] @RyanHumiston | How To Build MORE MUSCLE...(GROWTH GUARANTEED!)... | 1 chunks
✅ [2355/4184] @RyanHumiston | 3 Muscle Imbalances That SLOW GAINS & F Your Postu... | 1 chunks
✅ [2356/4184] @RyanHumiston | Muscle Building Mistakes (STOP WASTING TIME!)... | 1 chunks
✅ [2357/4184] @RyanHumiston | BIGGER Arms Workout (FOR SERIOUS GROWTH!!)... | 1 chunks
✅ [2358/4184] @RyanHumiston | 2 Workout Mistakes That KILL Muscle Growth!... | 1 chunks
✅ [2359/4184] @RyanHumiston | How To Build BIGGER FOREARMS (6 INTENSE EXERCISES!... | 1 chunks
✅ [2360/4184] @RyanHumiston | 7 BEST Dumbbell Bicep Exercises (YOU NEED!!)... | 1 chunks
✅ [2361/4184] @RyanHumiston | How To Fix ANY Muscle Imbalance (3 SIMPLE STEPS!)... | 1 chunks
✅ [2362/4184] @RyanHumiston | Slow vs Fast Reps For Growth (You Won't Believe Th... | 1 chunks
✅ [2363/4184] @RyanHumiston | How To Get BIGGER, WIDER, CAPPED Shoulders (Side D... | 1 chunks
✅ [2364/4184] @RyanHumiston | Muscle Building Mistakes ALL Hardgainers Make (STO... | 1 chunks
✅ [2365/4184] @RyanHumiston | How To Build Muscle and Lose Fat At The SAME TIME!... | 1 chunks
✅ [2366/4184] @RyanHumiston | How To Do FRONT RAISES For BIGGER SHOULDERS (THESE... | 1 chunks
✅ [2367/4184] @RyanHumiston | How To Grow Bigger LEGS ｜ BRUTAL LEG DAY (FULL WOR... | 2 chunks
✅ [2368/4184] @RyanHumiston | Dumbbell Triceps Workout (Let There Be GROWTH!!)... | 1 chunks
✅ [2369/4184] @RyanHumiston | How To Get a WIDER BACK!... | 2 chunks
✅ [2370/4184] @RyanHumiston | You Aren’t Special…... | 2 chunks
✅ [2371/4184] @RyanHumiston | Hardgainers are a MYTH!... | 1 chunks
✅ [2372/4184] @RyanHumiston | Bicep Exercises YOU'RE DOING WRONG!... | 1 chunks
✅ [2373/4184] @RyanHumiston | This Will Get You MASSIVE ARMS (Guaranteed!)... | 1 chunks
✅ [2374/4184] @RyanHumiston | I Wish I Knew THIS When I Started Working Out…... | 1 chunks
✅ [2375/4184] @RyanHumiston | The BEST Shoulder Workout (DON'T SKIP THIS!)... | 1 chunks
✅ [2376/4184] @RyanHumiston | Do THIS Before EVERY Exercise To BUILD MORE MUSCLE... | 1 chunks
✅ [2377/4184] @RyanHumiston | 3 Sets You NEED To Build MUSCLE! (DON’T MISS THIS)... | 1 chunks
✅ [2378/4184] @RyanHumiston | The Science of Testosterone!... | 1 chunks
✅ [2379/4184] @RyanHumiston | TRAP WORKOUT (This Will FORCE Them To GROW!)... | 1 chunks
✅ [2380/4184] @RyanHumiston | BEST Cardio To LOSE FAT and BUILD MUSCLE？!... | 1 chunks
✅ [2381/4184] @RyanHumiston | I Tried All The Fat Loss Peptides And THIS Happene... | 1 chunks
✅ [2382/4184] @RyanHumiston | Eating Meat For 30 Days...... | 1 chunks
✅ [2383/4184] @RyanHumiston | Barbell Rows To Build A THICK BACK!... | 1 chunks
✅ [2384/4184] @RyanHumiston | WORST EXERCISES For Muscle Growth (Don't Be That G... | 1 chunks
✅ [2385/4184] @RyanHumiston | 4 Chest Exercises YOU SHOULD BE DOING!... | 1 chunks
✅ [2386/4184] @RyanHumiston | I Was DEAD WRONG About THIS!... | 1 chunks
✅ [2387/4184] @RyanHumiston | You're Training WRONG!... | 1 chunks
✅ [2388/4184] @RyanHumiston | CHEST WORKOUT (The Secret To THICK PECS!!)... | 1 chunks
✅ [2389/4184] @RyanHumiston | BUILD MORE MUSCLE From EVERY SET!... | 1 chunks
✅ [2390/4184] @RyanHumiston | This is The FUTURE!... | 1 chunks
✅ [2391/4184] @RyanHumiston | 21 Exercises YOU NEED In Your Program... | 1 chunks
✅ [2392/4184] @RyanHumiston | How To GROW Your Biceps Peak (You're Missing These... | 1 chunks
✅ [2393/4184] @RyanHumiston | Do This Workout 1x Month For Serious MUSCLE GROWTH... | 1 chunks
✅ [2394/4184] @RyanHumiston | Beginner Workout Q & A (COLD HARD TRUTH!)... | 1 chunks
✅ [2395/4184] @RyanHumiston | BUILD MORE MUSCLE (One Set To Rule Them All!)... | 1 chunks
✅ [2396/4184] @RyanHumiston | Chest Exercises YOU'RE DOING WRONG!... | 1 chunks
✅ [2397/4184] @RyanHumiston | The Most UNDERRATED Supplement!... | 1 chunks
✅ [2398/4184] @RyanHumiston | MUSCLE BUILDING DIET Tips (Start Doing These TODAY... | 1 chunks
✅ [2399/4184] @RyanHumiston | The 8 BEST Chest Exercises (DON'T SKIP THESE!)... | 1 chunks
✅ [2400/4184] @RyanHumiston | Pre-Workout Supplements & Caffeine... For The Win!... | 1 chunks
✅ [2401/4184] @RyanHumiston | HOW TO BUILD BIGGER QUADS ｜ Explained in 2 MIN... | 1 chunks
✅ [2402/4184] @RyanHumiston | Here’s Why Your Lower Chest Sucks…... | 1 chunks
✅ [2403/4184] @RyanHumiston | The BEST Shoulder Workout (Sets and Reps)... | 1 chunks
✅ [2404/4184] @RyanHumiston | How To Lose Fat FAST! (NOT HOW YOU THINK!)... | 1 chunks
✅ [2405/4184] @RyanHumiston | How To Build BIGGER Shoulders (3 GROWTH HACKS!)... | 1 chunks
✅ [2406/4184] @RyanHumiston | How Much Cardio Should You Do To Lose Fat？ (LESS T... | 1 chunks
✅ [2407/4184] @RyanHumiston | Why Follow Along Ab Workouts Are A WASTE OF TIME!... | 1 chunks
✅ [2408/4184] @RyanHumiston | GET WIDER LATS ｜ Pullover Exercise Master Class!... | 1 chunks
✅ [2409/4184] @RyanHumiston | Build MORE MUSCLE - LESS FAT (Science Explained!)... | 1 chunks
✅ [2410/4184] @RyanHumiston | How To Fix Your Posture & Grow A BIGGER CHEST (THI... | 1 chunks
✅ [2411/4184] @RyanHumiston | Do This BEFORE Every Workout (BETTER THAN FACE PUL... | 1 chunks
✅ [2412/4184] @RyanHumiston | Triceps Workout You're GUARANTEED To GROW From!... | 1 chunks
✅ [2413/4184] @RyanHumiston | WORKOUT MOTIVATION 🔥 GET AFTER IT - GET GROWING!... | 1 chunks
✅ [2414/4184] @RyanHumiston | 5 Triceps Exercises For GUARANTEED Growth (YOU NEE... | 1 chunks
✅ [2415/4184] @RyanHumiston | Everything You NEED To Know About Protein & Buildi... | 1 chunks
✅ [2416/4184] @RyanHumiston | 6 PACK ABS ｜ MAKE EVERY CRUNCH COUNT!... | 1 chunks
✅ [2417/4184] @RyanHumiston | The Muscle Building & Fat Loss CHEAT CODE!... | 1 chunks
✅ [2418/4184] @RyanHumiston | How To Get BIG BICEPS With DOG SH＊T Exercises... | 1 chunks
✅ [2419/4184] @RyanHumiston | 10lbs in 7 Days...... | 1 chunks
✅ [2420/4184] @RyanHumiston | HARDGAINER Leg Workout Tips For MASS (GUARANTEED G... | 1 chunks
✅ [2421/4184] @RyanHumiston | WHAT HAPPENS WHEN YOU DO 100 REPS？..You Build Musc... | 1 chunks
✅ [2422/4184] @RyanHumiston | Supplement Companies Are Going To Sue Me... (NOT C... | 1 chunks
✅ [2423/4184] @RyanHumiston | We need to talk..... | 1 chunks
✅ [2424/4184] @RyanHumiston | Critiquing Subscribers Form!... | 1 chunks
✅ [2425/4184] @RyanHumiston | 6 Chest Exercises (YOU'LL REGRET NOT DOING!!)... | 1 chunks
✅ [2426/4184] @RyanHumiston | How To Grow 19in ARMS (Sets & Reps!)... | 1 chunks
✅ [2427/4184] @RyanHumiston | How YOU Can Lose Stubborn Fat Fast (3 SIMPLE STEPS... | 1 chunks
✅ [2428/4184] @RyanHumiston | The Science of Depression (This is SHOCKING!)... | 2 chunks
✅ [2429/4184] @RyanHumiston | ARM WORKOUT For BIGGER Biceps + Triceps (Bodyweigh... | 1 chunks
✅ [2430/4184] @RyanHumiston | Want Huge Forearms？ I Gained 1 Inch Using THIS Sci... | 2 chunks
✅ [2431/4184] @RyanHumiston | 30lbs in 15 Months…... | 1 chunks
✅ [2432/4184] @RyanHumiston | This ACTUALLY Works…... | 1 chunks
✅ [2433/4184] @RyanHumiston | Get HUGE SHOULDERS (Sets & Reps)... | 1 chunks
✅ [2434/4184] @RyanHumiston | AMAZING SHOULDER WORKOUT (..NOT WHAT YOU THINK!)... | 1 chunks
✅ [2435/4184] @RyanHumiston | How to Get More Muscular GLUTES! Psst.. You're Doi... | 1 chunks
✅ [2436/4184] @RyanHumiston | How To Get BIGGER CALVES (3 MISTAKES YOU'RE MAKING... | 1 chunks
✅ [2437/4184] @RyanHumiston | THIS Added 1⧸2 inch To My ARMS!... | 1 chunks
✅ [2438/4184] @RyanHumiston | How To Get BIGGER ARMS (3 MISTAKES YOU'RE MAKING!)... | 1 chunks
✅ [2439/4184] @RyanHumiston | How To Get BIG ARMS FAST With Dumbbells (Sets & Re... | 1 chunks
✅ [2440/4184] @RyanHumiston | 5 Tips That GUARANTEE Your FAT LOSS & MUSCLE BUILD... | 1 chunks
✅ [2441/4184] @RyanHumiston | Muscle Gaining Mistakes (AVOID THESE or BE AVERAGE... | 1 chunks
✅ [2442/4184] @RyanHumiston | The KEY To Fixing Your Lower Chest & Getting More ... | 1 chunks
✅ [2443/4184] @RyanHumiston | PERFECT MOBILITY - Fix THIS During Training (NOT S... | 1 chunks
✅ [2444/4184] @RyanHumiston | Why EVERYONE Should LIFT WEIGHTS... | 1 chunks
✅ [2445/4184] @RyanHumiston | Zero Calorie Foods For Weight Loss (Shut Up Kevin!... | 1 chunks
✅ [2446/4184] @RyanHumiston | PERFECT Leg Workout (TIME TO GROW!)... | 1 chunks
✅ [2447/4184] @RyanHumiston | How To Get BIGGER LEGS (4 INTENSE EXERCISES!)... | 1 chunks
✅ [2448/4184] @RyanHumiston | Bodybuilders Blueprint On How To Train For MASS... | 1 chunks
✅ [2449/4184] @RyanHumiston | The Fastest Way To Build A MASSIVE Upper Chest! (W... | 1 chunks
✅ [2450/4184] @RyanHumiston | Tricep Exercises (MORE GROWTH GUARANTEED!)... | 1 chunks
✅ [2451/4184] @RyanHumiston | TOP 3 Supplements That Help Build Muscle FASTER (Y... | 1 chunks
✅ [2452/4184] @RyanHumiston | How To Get BIGGER ARMS FAST (Stop Resting!!) ｜ Dum... | 1 chunks
✅ [2453/4184] @RyanHumiston | HOW TO PACK ON MORE MUSCLE (The Key To Growth!)... | 1 chunks
✅ [2454/4184] @RyanHumiston | The Importance of CHEAT MEALS For FAT LOSS (You NE... | 1 chunks
✅ [2455/4184] @RyanHumiston | BIG BACK WORKOUT ｜ BEST V-TAPER EXERCISES... | 1 chunks
✅ [2456/4184] @RyanHumiston | This is a GAME CHANGER!... | 1 chunks
✅ [2457/4184] @RyanHumiston | 3 Bicep Exercises (YOU NEED FOR GROWTH!) ｜ Sets & ... | 1 chunks
✅ [2458/4184] @RyanHumiston | How Hard Should You Workout To Build Muscle？ (STAR... | 1 chunks
✅ [2459/4184] @RyanHumiston | Why Your FAT LOSS Diet Is Going To FAIL!!... | 1 chunks
✅ [2460/4184] @RyanHumiston | WORST Exercises For Building MUSCLE？... | 1 chunks
✅ [2461/4184] @RyanHumiston | 3 Upper Body Exercises YOU NEED TO START DOING! (C... | 1 chunks
✅ [2462/4184] @RyanHumiston | Beginner GYM Mistakes I Made As A Teenager (I BET ... | 1 chunks
✅ [2463/4184] @RyanHumiston | HOW TO BUILD MASSIVE TRAPS (You're Doing It WRONG!... | 1 chunks
✅ [2464/4184] @RyanHumiston | Why Your Legs AREN'T GROWING (Truth Hurts!)... | 1 chunks
✅ [2465/4184] @RyanHumiston | PUSH WORKOUT For SERIOUS GROWTH! (Chest, Shoulders... | 1 chunks
✅ [2466/4184] @RyanHumiston | How To Get A BIGGER WIDER BACK (STOP DOING THIS!)... | 1 chunks
✅ [2467/4184] @RyanHumiston | SIMPLEST Way To LOSE FAT (EAT LIKE THIS!)... | 1 chunks
✅ [2468/4184] @RyanHumiston | INTENSE Shoulder Workout (SETS & REPS!)... | 1 chunks
✅ [2469/4184] @RyanHumiston | How To Build A HUGE CHEST (STOP DOING THIS!)... | 1 chunks
✅ [2470/4184] @RyanHumiston | How To Get BIGGER BICEPS...GUARANTEED!... | 1 chunks
✅ [2471/4184] @RyanHumiston | Is Your Protein Powder Good For Building Muscle & ... | 1 chunks
✅ [2472/4184] @RyanHumiston | This is Killing YOU!... | 1 chunks
✅ [2473/4184] @RyanHumiston | You NEED to See THIS!... | 1 chunks
✅ [2474/4184] @RyanHumiston | How To Do Dumbbell Rows For A BIGGER THICKER BACK!... | 1 chunks
✅ [2475/4184] @RyanHumiston | How To Build A THICKER More Muscular Physique Fast... | 1 chunks
✅ [2476/4184] @RyanHumiston | This Fixes EVERYTHING!... | 2 chunks
✅ [2477/4184] @RyanHumiston | The Science-Backed Shortcut to Boulder Shoulders –... | 1 chunks
✅ [2478/4184] @RyanHumiston | How To Get Rid of Man Boobs (ULTIMATE CHEST FAT FI... | 1 chunks
✅ [2479/4184] @RyanHumiston | I Taped My Mouth Shut For 30 DAYS!... | 1 chunks
✅ [2480/4184] @RyanHumiston | 4 Dumbbell Biceps Exercises (FOR SERIOUS GROWTH!!)... | 1 chunks
✅ [2481/4184] @RyanHumiston | This 100% Gets You WIDER!... | 1 chunks
✅ [2482/4184] @RyanHumiston | You're Training Biceps WRONG ｜ Backed By SCIENCE!... | 1 chunks
✅ [2483/4184] @RyanHumiston | 4 BEST Dumbbell Leg Exercises (YOU NEEDS TO TRY TH... | 1 chunks
✅ [2484/4184] @RyanHumiston | Shoulder Training 101 (GROW MASSIVE DELTS!)... | 1 chunks
✅ [2485/4184] @RyanHumiston | Dumbbell Chest Exercises (Home Workout For MASSIVE... | 1 chunks
✅ [2486/4184] @RyanHumiston | MUSCLE BUILDING Sets of 10 Reps (NO...REALLY!)... | 1 chunks
✅ [2487/4184] @RyanHumiston | I Challenged 4 Women To A Leg Workout For $5,000!... | 1 chunks
✅ [2488/4184] @RyanHumiston | SHOULDER WORKOUT With Dumbbells + Sets⧸Reps (GUARA... | 1 chunks
✅ [2489/4184] @RyanHumiston | ABSOLUTE BEST Science-Based TRICEPS Workout... | 1 chunks
✅ [2490/4184] @RyanHumiston | 3 Foods That Are Making You A FAT MESS!... | 1 chunks
✅ [2491/4184] @RyanHumiston | The BEST Science-Backed Workout Split For FASTER M... | 2 chunks
✅ [2492/4184] @RyanHumiston | MOST EFFECTIVE Shoulder Workout ｜ 5 Exercises For ... | 1 chunks
✅ [2493/4184] @RyanHumiston | Why Most People Are Training ABS WRONG! (BULLETPRO... | 1 chunks
✅ [2494/4184] @RyanHumiston | Most UNDERRATED Dumbbell Exercises ｜ ADD THESE!... | 1 chunks
✅ [2495/4184] @RyanHumiston | Does Muscle Soreness Mean Muscle Growth？ (TRUTH HU... | 1 chunks
✅ [2496/4184] @RyanHumiston | WHATS IN MY GYM BAG？... | 1 chunks
✅ [2497/4184] @RyanHumiston | 10 Min Workout - Bodyweight Only... | 1 chunks
✅ [2498/4184] @RyanHumiston | Why 99.9% of People Fail To Keep Making GAINS!... | 1 chunks
✅ [2499/4184] @RyanHumiston | Build MORE Muscle in HALF THE TIME! (Science Backe... | 1 chunks
✅ [2500/4184] @RyanHumiston | DUMB Exercises That Get BIG GAINS FAST! (DON'T SKI... | 1 chunks
✅ [2501/4184] @RyanHumiston | Need MORE Muscle Mass？ (DON'T SKIP THIS!)... | 1 chunks
✅ [2502/4184] @RyanHumiston | Want To Build MORE MUSCLE？ Do This After EVERY WOR... | 1 chunks
✅ [2503/4184] @RyanHumiston | How To Lose FAT More Efficiently (My CRAZY Diet!)... | 1 chunks
✅ [2504/4184] @RyanHumiston | 4 Exercises You're Doing Wrong!... | 1 chunks
✅ [2505/4184] @RyanHumiston | 4 Exercises YOU SHOULD BE DOING To BUILD MUSCLE!... | 1 chunks
✅ [2506/4184] @RyanHumiston | Why Your Lats AREN'T Growing (GROW A BIG WIDE BACK... | 1 chunks
✅ [2507/4184] @RyanHumiston | This 100% Works!... | 2 chunks
✅ [2508/4184] @RyanHumiston | ABSOLUTE BEST Bodyweight Leg Workout ｜ At Home Exe... | 1 chunks
✅ [2509/4184] @RyanHumiston | 3 Calf Exercises YOU NEED TO BE DOING (BODYWEIGHT!... | 1 chunks
✅ [2510/4184] @RyanHumiston | Best Back Exercises Ranked (TOP 7 FOR BUILDING MUS... | 1 chunks
✅ [2511/4184] @RyanHumiston | How To Get WIDER SHOULDERS (DO THIS!)... | 1 chunks
✅ [2512/4184] @RyanHumiston | 6 Lat Pulldown Exercises To Build The BEST BACK WO... | 1 chunks
✅ [2513/4184] @RyanHumiston | ULTIMATE BEGINNERS WORKOUT GUIDE (Get Results!!)... | 1 chunks
✅ [2514/4184] @RyanHumiston | ABSOLUTE BEST Science-Based BICEPS Workout... | 1 chunks
✅ [2515/4184] @RyanHumiston | The Even More PERFECT LEG WORKOUT (You Need To See... | 1 chunks
✅ [2516/4184] @RyanHumiston | Why Your Delts Aren't Getting BIG & CAPPED!... | 1 chunks
✅ [2517/4184] @RyanHumiston | Build MORE MUSCLE From EVERY Exercise... | 1 chunks
✅ [2518/4184] @RyanHumiston | How Many Days Per Week Should You Workout？ (MORE T... | 1 chunks
✅ [2519/4184] @RyanHumiston | Why You STILL Don't Have 6 PACK ABS... | 1 chunks
✅ [2520/4184] @RyanHumiston | How ONE Exercise Can Build Muscle FASTER (NOT WHAT... | 1 chunks
✅ [2521/4184] @RyanHumiston | 4 Glute Exercises To Fix Your PANCAKE A＊＊!!... | 1 chunks
✅ [2522/4184] @RyanHumiston | Training For STRENGTH vs HYPERTROPHY (BOTH？)... | 1 chunks
✅ [2523/4184] @RyanHumiston | Science-Backed Peptides： More Muscle, Dream-Level ... | 2 chunks
✅ [2524/4184] @RyanHumiston | 3 Back Exercises For THICK Lower Lats (You Need Th... | 1 chunks
✅ [2525/4184] @RyanHumiston | Awaken & Grow Your GLUTES (FLAT BUTT FIX!)... | 1 chunks
✅ [2526/4184] @RyanHumiston | BIGGEST DIET MISTAKES When Building Muscle & Losin... | 1 chunks
✅ [2527/4184] @RyanHumiston | These are a GAME CHANGER!... | 1 chunks
✅ [2528/4184] @RyanHumiston | You Were Wrong… Back By SCIENCE!... | 1 chunks
✅ [2529/4184] @RyanHumiston | 6 Muscle Building Supplements YOU NEED!... | 1 chunks
✅ [2530/4184] @RyanHumiston | You Won't Believe THIS!... | 1 chunks
✅ [2531/4184] @RyanHumiston | Why Your Glutes Aren't Growing (NOT WHY YOU THINK!... | 1 chunks
✅ [2532/4184] @RyanHumiston | Why I Built MORE MUSCLE From ＂LIGHT WEIGHT＂... | 1 chunks
✅ [2533/4184] @RyanHumiston | How To Fix Rounded Shoulders (THIS ACTUALLY WORKS!... | 1 chunks
✅ [2534/4184] @RyanHumiston | INTENSE Ab Workout ｜ 3 Exercises YOU NEED!... | 1 chunks
✅ [2535/4184] @RyanHumiston | 7 UNDERRATED Back Exercises YOU NEED!... | 1 chunks
✅ [2536/4184] @RyanHumiston | Big Biceps Workout (START TRAINING LIKE THIS!!)... | 1 chunks
✅ [2537/4184] @RyanHumiston | Why You're NOT Building Muscle AND Losing Fat CONS... | 1 chunks
✅ [2538/4184] @RyanHumiston | WHY Your Training Split Is NOT Building Muscle (PP... | 1 chunks
✅ [2539/4184] @RyanHumiston | Dumbbell Leg Workout For MAX GROWTH!... | 1 chunks
✅ [2540/4184] @RyanHumiston | Exercises ALL MEN Should Be Doing For MUSCLE GROWT... | 1 chunks
✅ [2541/4184] @RyanHumiston | Building MUSCLE and LOSING FAT At The Same Time (B... | 1 chunks
✅ [2542/4184] @RyanHumiston | How To Build More Muscle Mass (CHEAT!)... | 1 chunks
✅ [2543/4184] @RyanHumiston | Lat Exercises YOU'RE DOING WRONG! (Build A Wider, ... | 1 chunks
✅ [2544/4184] @RyanHumiston | HOT CRAZY FITNESS MATRIX (Man's Guide To Dating Gy... | 1 chunks
✅ [2545/4184] @RyanHumiston | LEG WORKOUT For SERIOUS GROWTH (You Need To Do Thi... | 1 chunks
✅ [2546/4184] @RyanHumiston | ABSOLUTE BEST CHEST WORKOUT (Sets & Reps!)... | 1 chunks
✅ [2547/4184] @RyanHumiston | ＂My Arms Aren't GROWING!＂ (THIS WILL FIX THAT)... | 1 chunks
✅ [2548/4184] @RyanHumiston | You're Eating Protein WRONG!... | 1 chunks
✅ [2549/4184] @RyanHumiston | I GUARANTEE You’re Doing This WRONG!... | 1 chunks
✅ [2550/4184] @RyanHumiston | Fat Loss, Buttholes & Mrs Butterworth’s... | 1 chunks
✅ [2551/4184] @RyanHumiston | 7 MINUTE ABS Workout To Get You A 6 Pack (No not 6... | 1 chunks
✅ [2552/4184] @RyanHumiston | Building Muscle Vs Building Strength (BOTH？)... | 1 chunks
✅ [2553/4184] @RyanHumiston | Lose Those LOVE HANDLES (FOREVER!!)... | 1 chunks
✅ [2554/4184] @RyanHumiston | Dumbbell Shoulder Workout For HUGE DELTS (DON'T SK... | 1 chunks
✅ [2555/4184] @RyanHumiston | 2.21x MORE Muscle... | 1 chunks
✅ [2556/4184] @RyanHumiston | No One Tells You About THIS!... | 1 chunks
✅ [2557/4184] @RyanHumiston | Need BIGGER Triceps？ (WATCH THIS!)... | 1 chunks
✅ [2558/4184] @RyanHumiston | Bodybuilder Reacts To ＂FAT LOSS＂ Diet... | 1 chunks
✅ [2559/4184] @RyanHumiston | Why Your Biceps AREN'T GROWING (This Will Help!)... | 1 chunks
✅ [2560/4184] @RyanHumiston | ARM Workout For Serious GROWTH (YOU NEED THIS!)... | 1 chunks
✅ [2561/4184] @RyanHumiston | How To Lose Fat FAST! (PART 2)... | 1 chunks
✅ [2562/4184] @RyanHumiston | This 100% Works!... | 2 chunks
✅ [2563/4184] @RyanHumiston | The BEST Quad Exercises RANKED! (Backed By Science... | 1 chunks
✅ [2564/4184] @RyanHumiston | How To Squat For MAX GROWTH (Barbell, Dumbbell, Ha... | 1 chunks
✅ [2565/4184] @RyanHumiston | You're Training Triceps WRONG ｜ Backed by SCIENCE!... | 1 chunks
✅ [2566/4184] @RyanHumiston | THIS Builds The MOST Muscle (Science-Backed Bluepr... | 1 chunks
✅ [2567/4184] @RyanHumiston | Why Your Arms Aren't Growing (GUARANTEED FIX!)... | 1 chunks
✅ [2568/4184] @RyanHumiston | LEG WORKOUT MISTAKES (Fix This And You'll GROW!)... | 1 chunks
✅ [2569/4184] @RyanHumiston | INSANE Growth From This Tricep Workout (Soreness G... | 1 chunks
✅ [2570/4184] @RyanHumiston | The PERFECT LEG WORKOUT (The Science LIES!)... | 1 chunks
✅ [2571/4184] @RyanHumiston | How To Easily LOSE FAT Even Around The Holidays... | 1 chunks
✅ [2572/4184] @RyanHumiston | Why is No One Talking About THIS!... | 1 chunks
✅ [2573/4184] @RyanHumiston | 5 INNER Tricep Exercises For THICKER Arms (DON'T S... | 1 chunks
✅ [2574/4184] @RyanHumiston | PERFECT DUMBBELL SHOULDER WORKOUT (You NEED To Try... | 1 chunks
✅ [2575/4184] @RyanHumiston | ABSOLUTE BEST Dumbbell Back Workout Ever (YOU NEED... | 1 chunks
✅ [2576/4184] @anabolicuniversity | 15 Weeks Out： Arms and Legs at Umbra Strength... | 1 chunks
✅ [2577/4184] @anabolicuniversity | Deep Dive into Anabolic Pharmacology with Dr. Dean... | 5 chunks
✅ [2578/4184] @anabolicuniversity | 3 Days Out： Road To The Florida Pro... | 10 chunks
✅ [2579/4184] @anabolicuniversity | 12 Weeks Out： Arms, Legs, and Posing... | 2 chunks
✅ [2580/4184] @anabolicuniversity | 9 Weeks Out Part 3： Pull Day with IFBB Pro Nyle Na... | 1 chunks
✅ [2581/4184] @anabolicuniversity | Guest Series： IFBB Pro Sam Pearce on Smarter Train... | 6 chunks
✅ [2582/4184] @anabolicuniversity | San Antonio Texas Pro - Show Day... | 2 chunks
✅ [2583/4184] @anabolicuniversity | 4 Weeks Out： Arms & Legs... | 1 chunks
✅ [2584/4184] @anabolicuniversity | 4 Weeks Out – Everything I Do on a Rest Day (Meals... | 4 chunks
✅ [2585/4184] @anabolicuniversity | 9 Weeks Out Pt. 1： Leg Day with IFBB Pro Eric Jani... | 3 chunks
✅ [2586/4184] @anabolicuniversity | 5 Weeks Out： Upper and Posing at Umbra... | 1 chunks
✅ [2587/4184] @anabolicuniversity | Southbound： Bodybuilding, BBQ, & The Pursuit of Ex... | 4 chunks
✅ [2588/4184] @anabolicuniversity | The High Energy Fat-Loss Stack... | 1 chunks
✅ [2589/4184] @anabolicuniversity | Prostate Health： The Truth About Steroids and PSA... | 1 chunks
✅ [2590/4184] @anabolicuniversity | My Training Split During Prep (Prep Series Episode... | 3 chunks
✅ [2591/4184] @anabolicuniversity | 3 Weeks Out： Upper Body at Planet Fitness... | 3 chunks
✅ [2592/4184] @anabolicuniversity | Back, Chest, & Shoulders at Planet Fitness... | 1 chunks
✅ [2593/4184] @anabolicuniversity | 11 Weeks Out： Chest, Back, Delts, Posing - RAW & U... | 1 chunks
✅ [2594/4184] @anabolicuniversity | Touring Labrada Nutrition with Hunter Labrada... | 1 chunks
✅ [2595/4184] @anabolicuniversity | 2025 Florida Pro： Weekend Recap... | 5 chunks
✅ [2596/4184] @anabolicuniversity | 1 Day Out： Florida Pro Check-In, Tan, & Athlete Me... | 3 chunks
✅ [2597/4184] @anabolicuniversity | Posing & Prep for the San Antonio Pro... | 1 chunks
✅ [2598/4184] @anabolicuniversity | On The Road + Arm Day at Planet Fitness... | 1 chunks
✅ [2599/4184] @anabolicuniversity | 9 Weeks Out Pt. 2： Upper Body with IFBB Pro Eric J... | 5 chunks
✅ [2600/4184] @anabolicuniversity | Day in the Life： Valhalla Labs Manufacturing Tour ... | 6 chunks
✅ [2601/4184] @anabolicuniversity | 14 Weeks Out： Chest, Back, Delts & Posing... | 1 chunks
✅ [2602/4184] @anabolicuniversity | Guest Series： David DeMesquita on Training Philoso... | 5 chunks
✅ [2603/4184] @anabolicuniversity | Guest Series： Dave Lee on Exposing TRT Clinics, GH... | 7 chunks
✅ [2604/4184] @anabolicuniversity | 2 Weeks Out： Leg Day At Umbra... | 2 chunks
✅ [2605/4184] @anabolicuniversity | Guest Series： IFBB Pro Sam Pearce – Primo, Mastero... | 7 chunks
✅ [2606/4184] @anabolicuniversity | IFBB Pro Training： Leg Day at Species Gym... | 3 chunks
✅ [2607/4184] @anabolicuniversity | Upper Day at House of Gainz with Josiah Rivera... | 4 chunks
✅ [2608/4184] @anabolicuniversity | The DHB Experiment： Acceptable Alternative to Mast... | 1 chunks
✅ [2609/4184] @anabolicuniversity | Arms & Delts at The Muscle Factory... | 1 chunks
✅ [2610/4184] @anabolicuniversity | Memorial Day Episode Part 1： An Interview with Arm... | 4 chunks
✅ [2611/4184] @anabolicuniversity | 17 Weeks Out： Back and Posing with Dominic Kuza (p... | 4 chunks
✅ [2612/4184] @anabolicuniversity | What I'd Do At 18 To Become The Best Bodybuilder A... | 3 chunks
✅ [2613/4184] @anabolicuniversity | Guest Series： David DeMesquita on PEDs, Side Effec... | 4 chunks
✅ [2614/4184] @anabolicuniversity | Upper Day at Labrada Fitness： Deep Thoughts with T... | 1 chunks
✅ [2615/4184] @anabolicuniversity | The DHB Experiment： Acceptable Alternative To Mast... | 1 chunks
✅ [2616/4184] @anabolicuniversity | IFBB Pro Training： Arms & Delts at Species Gym in ... | 2 chunks
✅ [2617/4184] @anabolicuniversity | Upper Day at The Muscle Factory... | 1 chunks
✅ [2618/4184] @anabolicuniversity | Pull Day & Posing at The Muscle Factory with John ... | 2 chunks
✅ [2619/4184] @anabolicuniversity | Guest Series： IFBB Pro Sam Pearce on Protein, Carb... | 8 chunks
✅ [2620/4184] @anabolicuniversity | 2 Days Out： Last Upper Day... | 1 chunks
✅ [2621/4184] @anabolicuniversity | How I Fixed My Knee： DIY Squat Shoes, Training Tec... | 1 chunks
✅ [2622/4184] @anabolicuniversity | My Post-Surgery Recovery Stack： Peptides, PEDs, an... | 1 chunks
✅ [2623/4184] @anabolicuniversity | My Pre-Workout Stack Before Filming a Lift... | 1 chunks
✅ [2624/4184] @rxmuscle | NPC USA CHAMPS (2018) WRAP-UP by Dave Palumbo... | 1 chunks
✅ [2625/4184] @rxmuscle | HENRY JACKSON： SUPER HEAVYWEIGHT SUPERFREAK! Live ... | 2 chunks
✅ [2626/4184] @rxmuscle | PERSIAN WOLF ON THE HUNT! Muscle in the Morning (8... | 1 chunks
✅ [2627/4184] @rxmuscle | CHRIS DICKERSON： DEFYING THE ODDS! HMR (8⧸24⧸20)... | 3 chunks
✅ [2628/4184] @rxmuscle | NPC USA CHAMPIONSHIPS RECAP!... | 1 chunks
✅ [2629/4184] @rxmuscle | Keone Pearson WINS Chicago Pro 212 Title!... | 1 chunks
✅ [2630/4184] @rxmuscle | Aspen Bunyak- Team U Fitness A Routine... | 1 chunks
✅ [2631/4184] @rxmuscle | THE RETURN OF KING PHIL!... | 1 chunks
✅ [2632/4184] @rxmuscle | William Bonac & Akim Williams 6 WEEKS OUT! + Patri... | 1 chunks
✅ [2633/4184] @rxmuscle | SECRETS TO APPETITE CONTROL! #askDave... | 3 chunks
✅ [2634/4184] @rxmuscle | HEAVY MUSCLE RADIO WITH IFBB PRO TONEY FREEMAN PAR... | 2 chunks
✅ [2635/4184] @rxmuscle | 2011 Phoenix Mike Liberatore... | 1 chunks
✅ [2636/4184] @rxmuscle | Interview with Pro Strongman Travis Ortmayer at th... | 1 chunks
✅ [2637/4184] @rxmuscle | NicoleDucanRoutine-2011 IFBBFtLauderdaleCup.mp4... | 1 chunks
✅ [2638/4184] @rxmuscle | Justin Rodriguez Olympia Prep Update + Nathan De A... | 1 chunks
✅ [2639/4184] @rxmuscle | PHIL HEATH TALKS 2020 OLYMPIA PLACING!... | 1 chunks
✅ [2640/4184] @rxmuscle | RIC DRASIN PASSES AWAY! Dave Palumbo Remembers a B... | 1 chunks
✅ [2641/4184] @rxmuscle | Jodi Boam Fitness Routine- 2011 IFBB Ft Lauderdale... | 1 chunks
✅ [2642/4184] @rxmuscle | PHIL HEATH WILL COMPETE AT 2020 OLYMPIA!... | 1 chunks
✅ [2643/4184] @rxmuscle | THE RIGHT TIME TO GO 'ENHANCED'？ #askDave... | 3 chunks
✅ [2644/4184] @rxmuscle | A Day in the Life of Mel Chancey Part 3... | 2 chunks
✅ [2645/4184] @rxmuscle | APPRECIATING RONNIE COLEMAN'S GREATNESS!... | 1 chunks
✅ [2646/4184] @rxmuscle | Peyton & Eli Manning and Jewbacca Singerman Play W... | 1 chunks
✅ [2647/4184] @rxmuscle | VICTORY FOR VAILLANT! California Pro Recap ｜ Dave ... | 1 chunks
✅ [2648/4184] @rxmuscle | WHAT HAPPENED TO MASS MONSTERS？ #askDave... | 3 chunks
✅ [2649/4184] @rxmuscle | BIKINI INSIGHTS with NATOSHIA COLEMAN!... | 2 chunks
✅ [2650/4184] @rxmuscle | DWAYNE WALKER： NEXT BIG THING？... | 1 chunks
✅ [2651/4184] @rxmuscle | MAINTENANCE CALORIES： Determining Factors & Thyroi... | 1 chunks
✅ [2652/4184] @rxmuscle | BODYBUILDING'S NEXT GREAT HARDCORE FREAK？ Nick Wal... | 3 chunks
✅ [2653/4184] @rxmuscle | 2011 America's Strongest Man Pre Competition Athle... | 1 chunks
✅ [2654/4184] @rxmuscle | NICOLAS VULLIOUD'S FREAKISH WHEELS! Muscle in the ... | 1 chunks
✅ [2655/4184] @rxmuscle | BODYBUILDING'S BATMAN! Aaron Baker Interview... | 6 chunks
✅ [2656/4184] @rxmuscle | Day in the Life of Mel Chancey- Part 1... | 2 chunks
✅ [2657/4184] @rxmuscle | Chris Bumstead Starts Olympia Prep + Flexatron Che... | 1 chunks
✅ [2658/4184] @rxmuscle | Nichole Venzara Routine-2011 IFBB Ft Lauderdale Cu... | 1 chunks
✅ [2659/4184] @rxmuscle | BRANDON CURRY 8 WEEKS OUT! Muscle in the Morning (... | 1 chunks
✅ [2660/4184] @rxmuscle | Dusty Hanshaw Update + RECAP WEDNESDAY!... | 1 chunks
✅ [2661/4184] @rxmuscle | CUOMO RESIGNS (INSTANT REACTION) + COVID MYTHS？ AH... | 4 chunks
✅ [2662/4184] @rxmuscle | Blaming a FAILED DRUG TEST on a BURRITO？ #askDave... | 3 chunks
✅ [2663/4184] @rxmuscle | RAFAEL BRANDAO STILL PUSHING! Muscle in the Mornin... | 1 chunks
✅ [2664/4184] @rxmuscle | Nick Walker vs. William Bonac + ＂Breon Has 0% Chan... | 1 chunks
✅ [2665/4184] @rxmuscle | Antoine's BIG Win + Hassan Mostafa The REAL Story ... | 1 chunks
✅ [2666/4184] @rxmuscle | RXMUSCLERapJTP.mp4... | 1 chunks
✅ [2667/4184] @rxmuscle | Lukas Osladil WINS 2018 Vancouver Pro! Palumbo's A... | 1 chunks
✅ [2668/4184] @rxmuscle | Why Is NO ONE Talking About William Bonac + Steve ... | 1 chunks
✅ [2669/4184] @rxmuscle | IRANIAN SUPER FREAK! Live With Behrooz Tabani... | 1 chunks
✅ [2670/4184] @rxmuscle | ARE GHOSTS REAL？ Whack Pack Share Craziest Ghost S... | 6 chunks
✅ [2671/4184] @rxmuscle | DAVE PALUMBO'S 1997 NPC NATIONALS CYCLE？ #askDave... | 4 chunks
✅ [2672/4184] @rxmuscle | Dave Palumbo Reacts To INSANE Brandon Curry Update... | 1 chunks
✅ [2673/4184] @rxmuscle | Karina Nascimento Posing Routine at 2012 IFBB Dese... | 1 chunks
✅ [2674/4184] @rxmuscle | HEAVY MUSCLE RADIO INTERVIEW WITH IFBB PRO MILOS S... | 1 chunks
✅ [2675/4184] @rxmuscle | BIG RAMY 11 WEEKS OUT OF OLYMPIA!... | 1 chunks
✅ [2676/4184] @rxmuscle | 11OlympiaStrongmanFinalWrapup... | 1 chunks
✅ [2677/4184] @rxmuscle | MASSIVE GAINS POST CONTEST! #askDave... | 3 chunks
✅ [2678/4184] @rxmuscle | IS YOUR STUFF FAKE？... | 1 chunks
✅ [2679/4184] @rxmuscle | Stephanie McMahon on HMR： 1⧸2⧸2012 with Dave Palum... | 2 chunks
✅ [2680/4184] @rxmuscle | PETE THE INTERN GETS TANNED BY LIQUID SUN RAYZ... | 1 chunks
✅ [2681/4184] @rxmuscle | 2011 Phoenix Troy Alves... | 1 chunks
✅ [2682/4184] @rxmuscle | KETO A ＂DISEASE-PROMOTING DISASTER？＂ Palumbo RESPO... | 1 chunks
✅ [2683/4184] @rxmuscle | BULKING WITHOUT ANABOLICS： Waste Of Time？ #askDave... | 3 chunks
✅ [2684/4184] @rxmuscle | Portgual Pro Recap! ｜ Recap Wednesday ｜ Muscle in ... | 1 chunks
✅ [2685/4184] @rxmuscle | HEAVY MUSCLE RADIO INTERVIEW WITH IFBB PRO MILOS S... | 1 chunks
✅ [2686/4184] @rxmuscle | Big Ramy 9 Days Out + Roelly Winklaar FREAKISH Upd... | 1 chunks
✅ [2687/4184] @rxmuscle | 1... | 1 chunks
✅ [2688/4184] @rxmuscle | Interview with Pro Strongman Travis Ortmayer, Over... | 1 chunks
✅ [2689/4184] @rxmuscle | AKIM WILLIAMS 3 WEEKS OUT & FLEXATRON TEAMS UP WIT... | 1 chunks
✅ [2690/4184] @rxmuscle | APPLE CIDER VINEGAR： BODYBUILDERS' BEST KEPT SECRE... | 1 chunks
✅ [2691/4184] @rxmuscle | 2011 Phoenix Moe Bannout... | 1 chunks
✅ [2692/4184] @rxmuscle | LEE PRIEST GETS MEXICAN GEAR SPONSOR!... | 4 chunks
✅ [2693/4184] @rxmuscle | Lee Priest on Biological Female DENIED Olympics Ti... | 4 chunks
✅ [2694/4184] @rxmuscle | FRANK MCGRATH COMEBACK？ Muscle in the Morning (7⧸1... | 1 chunks
✅ [2695/4184] @rxmuscle | IAIN VALLIERE TOP-10 OLYMPIA？ + BRANDAO PEAKING + ... | 1 chunks
✅ [2696/4184] @rxmuscle | NATHAN DEASHA BEATS ROELLY WINKLAAR to WIN IFBB EU... | 1 chunks
✅ [2697/4184] @rxmuscle | PRO BODYBUILDERS VS. SOCIAL MEDIA! Lee Priest Weig... | 3 chunks
✅ [2698/4184] @rxmuscle | Stephanie McMahon on HMR： 1⧸2⧸2012 with Dave Palum... | 1 chunks
✅ [2699/4184] @rxmuscle | Ruff Diesel MASTERCLASS & INSANE Charles Griffen G... | 1 chunks
✅ [2700/4184] @rxmuscle | 11OlympiaSallyBryanHotelTour... | 1 chunks
✅ [2701/4184] @rxmuscle | HEATHER GRACE 7 WEEKS OUT & RISING BIKINI STAR & M... | 1 chunks
✅ [2702/4184] @rxmuscle | Interview with Pro Strongman Vince Urbank After Pu... | 1 chunks
✅ [2703/4184] @rxmuscle | Most HARDCORE GYM Dave Palumbo's Trained At？... | 1 chunks
✅ [2704/4184] @rxmuscle | PJ Braun interviews Aaron Singerman after his debu... | 1 chunks
✅ [2705/4184] @rxmuscle | HADI CHOOPAN AT THE 2020 OLYMPIA？... | 1 chunks
✅ [2706/4184] @rxmuscle | Can HASSAN Close The Deal？ + Keone Pearson Update ... | 1 chunks
✅ [2707/4184] @rxmuscle | HOW TO PREVENT A HEART ATTACK! Dave Palumbo's Hear... | 2 chunks
✅ [2708/4184] @rxmuscle | 11EuropaSuperShowFirstCallout... | 1 chunks
✅ [2709/4184] @rxmuscle | Hunter Labrada WINS Chicago Pro! What Happened To ... | 2 chunks
✅ [2710/4184] @rxmuscle | 2011 Phoenix HidetadaYamagishi... | 1 chunks
✅ [2711/4184] @rxmuscle | PHIL HEATH'S BOLD STATEMENT & KEONE PEARSON 5 WEEK... | 1 chunks
✅ [2712/4184] @rxmuscle | Pro Strongman Brad Dunn Sings the National Anthem ... | 1 chunks
✅ [2713/4184] @rxmuscle | SHOULD ONLY OLYMPIA TOP-3 RE-QUALIFY？ #AskDave... | 3 chunks
✅ [2714/4184] @rxmuscle | DAVE PALUMBO RETIRING FROM RXMUSCLE？ #askDave... | 3 chunks
✅ [2715/4184] @rxmuscle | JIMMY LOSES HIS MIND OVER NEW YORK TRAFFIC! AH Pod... | 4 chunks
✅ [2716/4184] @rxmuscle | BEST LEGS IN BODYBUILDING HISTORY？ #askDave... | 3 chunks
✅ [2717/4184] @rxmuscle | 11OlympiaStrongmanMikeCarusoLogPress... | 1 chunks
✅ [2718/4184] @rxmuscle | Iain Valliere DIALING IN For Tampa + Classic Physi... | 1 chunks
✅ [2719/4184] @rxmuscle | Khaled Chikhaoui： VANCOUVER PRO CLASSIC CHAMP! LIV... | 2 chunks
✅ [2720/4184] @rxmuscle | SUPER HEALING SUPPLEMENT! TB4 by Titan Medical Cen... | 1 chunks
✅ [2721/4184] @rxmuscle | Crystal Matthews After Winning Figure Overall at 2... | 1 chunks
✅ [2722/4184] @rxmuscle | FLEX LEWIS CHANCES TO WIN OLYMPIA？ HMR (9⧸21⧸20)... | 6 chunks
✅ [2723/4184] @rxmuscle | Heavy Muscle TV Show #27- Part 2- Chris Cormier in... | 2 chunks
✅ [2724/4184] @rxmuscle | TONY DOHERTY： ARNOLD AUSTRALIA '21 IN JEOPARDY!... | 4 chunks
✅ [2725/4184] @rxmuscle | Went PRO In Figure & Women's Physique in SAME SHOW... | 2 chunks
✅ [2726/4184] @rxmuscle | DAVE PALUMBO'S PCT CHECKLIST!... | 1 chunks
✅ [2727/4184] @rxmuscle | HEAVY MUSCLE RADIO INTERVIEW WITH THE CO HOST OF P... | 1 chunks
✅ [2728/4184] @rxmuscle | Lee Priest AGREES w⧸Sergio Oliva Jr： Bodybuilders ... | 3 chunks
✅ [2729/4184] @rxmuscle | 2018 NPC USA RECAP (Palumbo & Aceto)! Heavy Muscle... | 7 chunks
✅ [2730/4184] @rxmuscle | Lee Priest on Big Ramy's BIGGEST Title Threat! HMR... | 6 chunks
✅ [2731/4184] @rxmuscle | HEAVY MUSCLE RADIO INTERVIEW WITH IFBB PRO MILOS S... | 2 chunks
✅ [2732/4184] @rxmuscle | Rx Muscle's 2011 Arnold Classic Europe Hightlights... | 1 chunks
✅ [2733/4184] @rxmuscle | Dave Palumbo's Experience With W33D ｜ Live With Da... | 5 chunks
✅ [2734/4184] @rxmuscle | Reacting To BIG LENNY Smashing Bottle Over His Hea... | 6 chunks
✅ [2735/4184] @rxmuscle | Big Lenny Shows FURIOUS Punching Power, Mr. G Resp... | 4 chunks
✅ [2736/4184] @rxmuscle | Mike Liberatore Posing Routine at 2011 Europa Supe... | 1 chunks
✅ [2737/4184] @rxmuscle | SHANIQUE GRANT'S TIME？ Muscle in the Morning (7⧸30... | 1 chunks
✅ [2738/4184] @rxmuscle | Strongman Pro Vince Urbank wins the Car Deadlift &... | 1 chunks
✅ [2739/4184] @rxmuscle | SERGIO RETURNS TO HIS ROOTS! Muscle in the Morning... | 1 chunks
✅ [2740/4184] @rxmuscle | HOW I MADE OVER A BILLION IN A YEAR! Jack Owoc (Ba... | 4 chunks
✅ [2741/4184] @rxmuscle | GEORGE PETERSON SMASHES CHEST! Muscle in the Morni... | 1 chunks
✅ [2742/4184] @rxmuscle | 90's BODYBUILDER JOE TROCCOLI ON COMPETING W⧸FLEX ... | 3 chunks
✅ [2743/4184] @rxmuscle | Lee Priest on US Olympian's Flag Protest! ｜ Iron R... | 3 chunks
✅ [2744/4184] @rxmuscle | The Opening of the 2011 Europa Super Show... | 1 chunks
✅ [2745/4184] @rxmuscle | MR. OLYMPIA FAVORITES! Heavy Muscle Radio (8⧸20⧸18... | 7 chunks
✅ [2746/4184] @rxmuscle | Blaire White CALLS OUT Janae Marie Kroc! Palumbo's... | 1 chunks
✅ [2747/4184] @rxmuscle | BIG RAMY'S BIG ANNOUNCEMENT!... | 1 chunks
✅ [2748/4184] @rxmuscle | Thyroid Hormone Explained by Dave Palumbo... | 1 chunks
✅ [2749/4184] @rxmuscle | INSULIN TALK WITH COLETTE NELSON - PART TWO... | 3 chunks
✅ [2750/4184] @rxmuscle | Cardio Confessional Ep 3 Pt 2- Outside Cardio With... | 1 chunks
✅ [2751/4184] @rxmuscle | RAMY READY FOR SPAIN？ HMR (10⧸5⧸20)... | 5 chunks
✅ [2752/4184] @rxmuscle | Lunsford's 212 WARNING SHOT + Sergio AT WORK!... | 1 chunks
✅ [2753/4184] @rxmuscle | LEE PRIEST REACTS TO IAIN VALLIERE POST!... | 3 chunks
✅ [2754/4184] @rxmuscle | CORTISOL LEVELS! #askDave... | 1 chunks
✅ [2755/4184] @rxmuscle | HEAVY MUSCLE RADIO WITH IFBB PRO JEROME FERGUSON P... | 2 chunks
✅ [2756/4184] @rxmuscle | LEE PRIEST REACTS TO CHADWICK BOSEMAN'S PASSING!... | 2 chunks
✅ [2757/4184] @rxmuscle | BUILDING FREAKISH TRICEPS! #askDave... | 4 chunks
✅ [2758/4184] @rxmuscle | NATHAN DE ASHA OLYMPIA PREP & JAPAN PRO CANCELED!... | 1 chunks
✅ [2759/4184] @rxmuscle | CRASHING ESTROGEN？ #askDave... | 3 chunks
✅ [2760/4184] @rxmuscle | SERGIO OLIVA JR BATTLES ALEXIS ROLON： 2018 IFBB TA... | 3 chunks
✅ [2761/4184] @rxmuscle | JACKED White House Chef! Palumbo's Opinion... | 1 chunks
✅ [2762/4184] @rxmuscle | FUNDING LEE PRIEST'S COMEBACK! (Plus HILARIOUS Nas... | 6 chunks
✅ [2763/4184] @rxmuscle | LUKE SANDOE'S FAMILY ISSUES STATEMENT! AH Podcast ... | 7 chunks
✅ [2764/4184] @rxmuscle | REGAN GRIMES 6 WEEKS OUT 2018 OLYMPIA! Muscle in t... | 1 chunks
✅ [2765/4184] @rxmuscle | Do Bodybuilders REALLY Need Vegetables？ #askDave... | 3 chunks
✅ [2766/4184] @rxmuscle | HEAVY MUSCLE RADIO WITH CHARLES POLIQUIN PART 2 OF... | 1 chunks
✅ [2767/4184] @rxmuscle | JULIANA MALACARNE GOES OUT ON TOP! Muscle in the M... | 1 chunks
✅ [2768/4184] @rxmuscle | BRANDON CURRY'S ROAD TO THE OLYMPIA STARTS NOW!... | 1 chunks
✅ [2769/4184] @rxmuscle | HRT： The MOST IMPORTANT Thing You Should Know!... | 1 chunks
✅ [2770/4184] @rxmuscle | FLEX LEWIS DROPS THE HAMMER! Muscle in the Morning... | 1 chunks
✅ [2771/4184] @rxmuscle | Lee Priest Recreates Kai Greene Posing Video! ｜ Ir... | 3 chunks
✅ [2772/4184] @rxmuscle | WHAT THE...ROELLY？! Muscle in the Morning (8⧸13⧸18... | 1 chunks
✅ [2773/4184] @rxmuscle | Muscle At The Movies Hit the Oscars!... | 1 chunks
✅ [2774/4184] @rxmuscle | LEE PRIEST'S HILARIOUS ADVICE FOR MASSIVE CALVES!... | 3 chunks
✅ [2775/4184] @rxmuscle | 705-LB DEADLIFT FOR REPS BY JAMES HOLLINGSHEAD!... | 1 chunks
✅ [2776/4184] @rxmuscle | Sarah Villegas' CASH CHALLENGE To Shanique Grant! ... | 1 chunks
✅ [2777/4184] @rxmuscle | MR. OLYMPIA PEOPLE'S CHAMP？ Live With Dan Solomon ... | 3 chunks
✅ [2778/4184] @rxmuscle | FROM DEPRESSION, SEVERE INJURY TO NAILING OVERALL ... | 1 chunks
✅ [2779/4184] @rxmuscle | EXCLUSIVE BIG RAMY UPDATE! Muscle in the Morning (... | 1 chunks
✅ [2780/4184] @rxmuscle | Steve Kuclo vs. Hassan Mostafa + Griffen OUT!... | 1 chunks
✅ [2781/4184] @rxmuscle | John Meadows Passes Away. Dave Palumbo's Tribute.... | 1 chunks
✅ [2782/4184] @rxmuscle | THE MINDSET TO LIFT HEAVY! #askDave... | 3 chunks
✅ [2783/4184] @rxmuscle | POLICE OFFICER (EX-MARINE) WINS IFBB PRO CARD! Liv... | 2 chunks
✅ [2784/4184] @rxmuscle | MAXX？ HASSAN？ PATRICK？ CALIFORNIA PRO PREVIEW!... | 1 chunks
✅ [2785/4184] @rxmuscle | RON GORDON： RISING SUPER HEAVYWEIGHT!... | 2 chunks
✅ [2786/4184] @rxmuscle | THE RISE OF ROELLY! Muscle in the Morning (7⧸24⧸18... | 1 chunks
✅ [2787/4184] @rxmuscle | HAFTHOR's 1-2 COMBO + THE NEXT BIG THING AT 255 LB... | 1 chunks
✅ [2788/4184] @rxmuscle | Dave Palumbo Reacts to BIG Arnold Classic & Flex L... | 1 chunks
✅ [2789/4184] @rxmuscle | Could BONAC Have Won Arnold？ + RAMY'S CONDITIONING... | 1 chunks
✅ [2790/4184] @rxmuscle | SAFEST WAY TO INJECT! Palumbo Demonstrates... | 1 chunks
✅ [2791/4184] @rxmuscle | ANTOINE VAILLANT 11 WEEKS OUT!... | 1 chunks
✅ [2792/4184] @rxmuscle | HEATH VS RHODEN at 2020 OLYMPIA？ HMR (8⧸10⧸20)... | 6 chunks
✅ [2793/4184] @rxmuscle | Versa Gripps Booth at the 2011 Olympia Expo... | 1 chunks
✅ [2794/4184] @rxmuscle | Mark Dugdale Posing Routine at 2012 IFBB Desert Mu... | 1 chunks
✅ [2795/4184] @rxmuscle | GEORGE PETERSON BATTLE READY! Muscle in the Mornin... | 1 chunks
✅ [2796/4184] @rxmuscle | FLEX GOES FOR 7! Muscle in the Morning (7⧸6⧸18)... | 1 chunks
✅ [2797/4184] @rxmuscle | MAKE BODYBUILDING GREAT AGAIN! AH Podcast (9⧸15⧸20... | 6 chunks
✅ [2798/4184] @rxmuscle | CODY MONTGOMERY & CHARLES GRIFFEN IN THE LAB!... | 1 chunks
✅ [2799/4184] @rxmuscle | ShawnRhoden... | 1 chunks
✅ [2800/4184] @rxmuscle | DETOXIFICATION FOR BODYBUILDERS： The Complete Guid... | 3 chunks
✅ [2801/4184] @rxmuscle | PHIL HEATH RIPPED! + Brett Wilkin Eyes 2022 + Laur... | 1 chunks
✅ [2802/4184] @rxmuscle | HADI CHOOPAN vs NIC VULLIOUD! Heavy Muscle Radio (... | 7 chunks
✅ [2803/4184] @rxmuscle | 2011 IFBB North American Mens Comparisons- Part 1... | 1 chunks
✅ [2804/4184] @rxmuscle | FINDING BODYBUILDING'S FOUNTAIN OF YOUTH! AH Podca... | 6 chunks
✅ [2805/4184] @rxmuscle | SMART Personal Training Certification Teaser #1... | 1 chunks
✅ [2806/4184] @rxmuscle | KAI GREENE Breaks The Internet + Nathan De Asha Is... | 1 chunks
✅ [2807/4184] @rxmuscle | NEW BIG RAMY PICS & FLEX LEWIS OLYMPIA PREP UPDATE... | 1 chunks
✅ [2808/4184] @rxmuscle | CLASSIC PHYSIQUE OLYMPIA WILDCARD？ Live w⧸Henri-Pi... | 2 chunks
✅ [2809/4184] @rxmuscle | LEE PRIEST ON BODYBUILDING SACRIFICES! Iron Rage... | 3 chunks
✅ [2810/4184] @rxmuscle | Dennis James' BOLD Prediction for Ramy's Reign!... | 1 chunks
✅ [2811/4184] @rxmuscle | HUNTER LABRADA WINS PRO DEBUT! 2020 TAMPA PRO WRAP... | 3 chunks
✅ [2812/4184] @rxmuscle | 2011 Ms Fitness, Bikini, and Bodybuilding Olympia ... | 1 chunks
✅ [2813/4184] @rxmuscle | Fouad Abiad SHREDDED at 269-lbs & Shanique Grant T... | 1 chunks
✅ [2814/4184] @rxmuscle | Bonac SMASHES 405's + Nick Walker FULL BLOWN Olymp... | 1 chunks
✅ [2815/4184] @rxmuscle | STEVE CARDILLO： THE CARDILLO BELTS STORY!... | 3 chunks
✅ [2816/4184] @rxmuscle | HEAVY MUSCLE RADIO INTERVIEW WITH IFBB PRO MILOS S... | 1 chunks
✅ [2817/4184] @rxmuscle | SERGIO OLIVA JR DOING TAMPA PRO？ Muscle in the Mor... | 1 chunks
✅ [2818/4184] @rxmuscle | BODYBUILDING MEDIA： THE FUTURE! Live With Dan Solo... | 4 chunks
✅ [2819/4184] @rxmuscle | 2011 MHP Olympia Strongman Farmers Walk Medley win... | 1 chunks
✅ [2820/4184] @rxmuscle | Kai Greene Guest Posing 2011 NPC East Coast... | 1 chunks
✅ [2821/4184] @rxmuscle | FLEX Sets Record Straight + Lionel Beyeke Comeback... | 1 chunks
✅ [2822/4184] @rxmuscle | HEAVY MUSCLE RADIO INTERVIEW WITH THE CO HOST OF P... | 1 chunks
✅ [2823/4184] @rxmuscle | BRANDON REGIER： HOCKEY PROSPECT TURNED IFBB PRO!... | 2 chunks
✅ [2824/4184] @rxmuscle | LEE PRIEST RIPS CANCEL CULTURE!... | 3 chunks
✅ [2825/4184] @rxmuscle | Melissa Coates (IFBB Pro & Pro Wrestler) Passes Aw... | 1 chunks
✅ [2826/4184] @rxmuscle | Roelly in BEAST MODE + Blessing in Off-Season Mode... | 1 chunks
✅ [2827/4184] @rxmuscle | Pj Braun Training Back At Bev's Powerhouse... | 1 chunks
✅ [2828/4184] @rxmuscle | HEAVY MUSCLE RADIO WITH IFBB PRO ROBERT BURNEIKA P... | 2 chunks
✅ [2829/4184] @rxmuscle | IAIN VALLIERE BRINGS HOME THE WIN in TAMPA! Palumb... | 2 chunks
✅ [2830/4184] @rxmuscle | JIMMY THE BULL'S 'STRONGEST' CYCLE! AH Podcast (8⧸... | 7 chunks
✅ [2831/4184] @rxmuscle | NPC President Jim Manion & Masters 70+ Jim Karas... | 1 chunks
✅ [2832/4184] @rxmuscle | Kennita Mays after winning 2011 NPC Oklahoma City ... | 1 chunks
✅ [2833/4184] @rxmuscle | THE BATTLE FOR TEXAS (and Olympia Spot)! Texas Pro... | 1 chunks
✅ [2834/4184] @rxmuscle | DEREK LUNSFORD： FREAK MODE! Muscle in the Morning ... | 1 chunks
✅ [2835/4184] @rxmuscle | WESLEY VISSERS： THE NEXT BIG THING？... | 2 chunks
✅ [2836/4184] @rxmuscle | Aaron Singerman steps on stage at the 2011 Branch ... | 1 chunks
✅ [2837/4184] @rxmuscle | HUNTER LABRADA BRINGS THE ENERGY!... | 1 chunks
✅ [2838/4184] @rxmuscle | IS NATURAL BODYBUILDING REALLY 'NATURAL'？... | 1 chunks
✅ [2839/4184] @rxmuscle | MICHAEL LOCKETT DEFEATS SERGIO OLIVA JR! Palumbo's... | 1 chunks
✅ [2840/4184] @rxmuscle | Can Kai Greene WIN The 2021 Mr. Olympia？ ｜ Iron De... | 3 chunks
✅ [2841/4184] @rxmuscle | Interview with Pro Strongman Travis Ortmayer on Da... | 1 chunks
✅ [2842/4184] @rxmuscle | Gregg Valentino's WILDEST Fan Mail Stories! AH Pod... | 6 chunks
✅ [2843/4184] @rxmuscle | DRYING OUT FOR COMPETITION! #RXRants... | 1 chunks
✅ [2844/4184] @rxmuscle | FLEX LEWIS INSANE PHOTO UPDATE!... | 1 chunks
✅ [2845/4184] @rxmuscle | VPX Nutrition Tour- Part 2... | 1 chunks
✅ [2846/4184] @rxmuscle | Cardio Confessional Ep 4 Pt 2- Tooth Pain⧸Moving t... | 1 chunks
✅ [2847/4184] @rxmuscle | Pro Strongman Scott Weech sets World Record in Axl... | 1 chunks
✅ [2848/4184] @rxmuscle | TOM PRINCE & MILOS SARCEV HILARIOUS 90's Bodybuild... | 4 chunks
✅ [2849/4184] @rxmuscle | RAMY'S REIGN + SERGIO'S NEXT MOVE + BRANDON CURRY ... | 1 chunks
✅ [2850/4184] @rxmuscle | BUILDING FREAKY CALVES! #askDave... | 3 chunks
✅ [2851/4184] @rxmuscle | Joel Thomas Trains with Ben Pakulski @ Tampa Power... | 1 chunks
✅ [2852/4184] @rxmuscle | WILLIAM BONAC： MIC DROP! Muscle in the Morning (8⧸... | 1 chunks
✅ [2853/4184] @rxmuscle | AKIM WILLIAMS DIGGING IN! Muscle in the Morning (7... | 1 chunks
✅ [2854/4184] @rxmuscle | DEBUNKING GH & INSULIN MYTHS! #askDave... | 3 chunks
✅ [2855/4184] @rxmuscle | DAVID HENRY'S LAST RODEO？ Muscle in the Morning (8... | 1 chunks
✅ [2856/4184] @rxmuscle | Heavy Muscle TV Show #27- Part 4... | 2 chunks
✅ [2857/4184] @rxmuscle | Ludmilia Somkina Routine-2011 IFBB Ft Lauderdale C... | 1 chunks
✅ [2858/4184] @rxmuscle | Hunter Labrada： ALL GAS NO BRAKES! + Maxx Charles ... | 1 chunks
✅ [2859/4184] @rxmuscle | WHY DID NASSER DIE YOUNG？ #askDave... | 3 chunks
✅ [2860/4184] @rxmuscle | 4'5 BODYBUILDER'S INCREDIBLE MOTIVATIONAL STORY!... | 2 chunks
✅ [2861/4184] @rxmuscle | 293-lb Justin Rodgriguez + Breon Ansley on a MISSI... | 1 chunks
✅ [2862/4184] @rxmuscle | Kai Greene walking backstage at the 2011 Sheru Cla... | 1 chunks
✅ [2863/4184] @rxmuscle | BUBBLE GUT CURE! Live Wth Carl Lanore... | 3 chunks
✅ [2864/4184] @rxmuscle | DECLARE INDEPENDENCE! FROM YOUR LIFE! July 4th Tho... | 1 chunks
✅ [2865/4184] @rxmuscle | VPX Nutrition Tour- Part 3... | 2 chunks
✅ [2866/4184] @rxmuscle | CHRIS BUMSTEAD 8 WEEKS OUT OF OLYMPIA! Muscle in t... | 1 chunks
✅ [2867/4184] @rxmuscle | ENHANCING MENTAL COGNITION! #askDave... | 3 chunks
✅ [2868/4184] @rxmuscle | Strongman Pro Vince Urbank wins the Push Pull Medl... | 1 chunks
✅ [2869/4184] @rxmuscle | BIG RAMY POSING FOOTAGE [EXCLUSIVE]!... | 1 chunks
✅ [2870/4184] @rxmuscle | 2011 Phoenix Marcus Haley... | 1 chunks
✅ [2871/4184] @rxmuscle | PALUMBO： PHIL HAS ＂YEARS＂ LEFT IN HIS PRIME!... | 1 chunks
✅ [2872/4184] @rxmuscle | Dave Palumbo's MY LIFE： Trip to Dr Blau- Part 2... | 2 chunks
✅ [2873/4184] @rxmuscle | EXTREME DEPLETION! GuruTalk... | 6 chunks
✅ [2874/4184] @rxmuscle | ROELLY VS. HUNTER! ｜ 2021 Chicago Pro Preview ｜ Le... | 3 chunks
✅ [2875/4184] @rxmuscle | Elsadany DIALS IN For Chicago + William Martins to... | 1 chunks
✅ [2876/4184] @rxmuscle | Why Lee Priest Needs $100k... | 3 chunks
✅ [2877/4184] @rxmuscle | Phil Heath SIGHTING + Hadi Choopan Looking Stage R... | 1 chunks
✅ [2878/4184] @rxmuscle | LEE PRIEST ON RIDICULOUS FAD DIETS! Iron Rage... | 2 chunks
✅ [2879/4184] @rxmuscle | REGAN GRIMES： CAN HE WIN CLASSIC PHYSIQUE OLYMPIA？... | 3 chunks
✅ [2880/4184] @rxmuscle | EdNunn... | 1 chunks
✅ [2881/4184] @rxmuscle | TRANSGENDER OLYMPIA： Coming Soon？ Iron Rage... | 2 chunks
✅ [2882/4184] @rxmuscle | Antoine Vaillant Update + Keone Pearson CONFIRMS R... | 1 chunks
✅ [2883/4184] @rxmuscle | Chris Aceto Responds To Antoine Vaillant... ｜ HMR ... | 6 chunks
✅ [2884/4184] @rxmuscle | HEAVY MUSCLE RADIO INTERVIEW WITH GUY GRUNDY PART ... | 1 chunks
✅ [2885/4184] @rxmuscle | 'FAKE' LEE PRIEST RESPONDS TO KENNY KO!... | 3 chunks
✅ [2886/4184] @rxmuscle | 56-YEAR OLD WINS PRO CARD AFTER 25 YEARS! Donna St... | 2 chunks
✅ [2887/4184] @rxmuscle | Marina Lopez Posing Routine at 2012 IFBB Desert Mu... | 1 chunks
✅ [2888/4184] @rxmuscle | HUNTER LABRADA ON TAMPA PRO WIN & OLYMPIA EXPECTAT... | 3 chunks
✅ [2889/4184] @rxmuscle | HOW I RE-GREW MY HAIR! ｜ Jay Campbell on GuruTalk... | 5 chunks
✅ [2890/4184] @rxmuscle | 2011 IFBB Arnold Europe Preview... | 1 chunks
✅ [2891/4184] @rxmuscle | PALUMBO'S NEW YORK PRO RECAP! Iain Valliere WINS +... | 2 chunks
✅ [2892/4184] @rxmuscle | IS BODYBUILDING 'NATURALLY' A WASTE OF TIME？... | 1 chunks
✅ [2893/4184] @rxmuscle | STANIMAL： CLASSIC PHYSIQUE OLYMPIA DARKHORSE？ Live... | 2 chunks
✅ [2894/4184] @rxmuscle | IAIN VALLIERE BIG WIN： Heavy Muscle Radio- July 23... | 7 chunks
✅ [2895/4184] @rxmuscle | SMART Personal Training Certification Teaser #3... | 1 chunks
✅ [2896/4184] @rxmuscle | Travis Ortmayer & Dave Ostlund go head to head in ... | 1 chunks
✅ [2897/4184] @rxmuscle | HEAVY MUSCLE RADIO WITH IFBB PRO TONEY FREEMAN PAR... | 1 chunks
✅ [2898/4184] @rxmuscle | THE TIME A GYM OWNER CHARGED THE ROCK $14!... | 7 chunks
✅ [2899/4184] @rxmuscle | HEART OF A BODYBUILDING CHAMPION! Heavy Muscle Rad... | 7 chunks
✅ [2900/4184] @rxmuscle | HEAVY MUSCLE RADIO INTERVIEW WITH IFBB PRO MILOS S... | 1 chunks
✅ [2901/4184] @rxmuscle | Best MASS BUILDING Cycle w⧸100% Pharma Grade!... | 1 chunks
✅ [2902/4184] @rxmuscle | FLEX LEWIS TURNS UP OLYMPIA PREP!... | 1 chunks
✅ [2903/4184] @rxmuscle | Sergio Ready To STRIKE + Regan Grimes Chest Day + ... | 1 chunks
✅ [2904/4184] @rxmuscle | Kevin Jordan 9 Weeks Out! + 212 Dark Horse + Yaris... | 1 chunks
✅ [2905/4184] @rxmuscle | Patrick Moore x Chris Cormier + Keone Talks RETIRE... | 1 chunks
✅ [2906/4184] @rxmuscle | Big Ramy Rumors + Patrick Moore's Next Step + Ivan... | 1 chunks
✅ [2907/4184] @rxmuscle | Ed Nunn Posing Routine at 2011 Europa Super Show... | 1 chunks
✅ [2908/4184] @rxmuscle | HOW THE NPC NORTH AMERICAN CHAMPIONSHIPS WAS SAVED... | 4 chunks
✅ [2909/4184] @rxmuscle | Cardio Confessional Ep 1 Pt 2- I'm Back, Baby!... | 1 chunks
✅ [2910/4184] @rxmuscle | TOM PRINCE Talks Kidney Issues ｜ Tom Prince Interv... | 4 chunks
✅ [2911/4184] @rxmuscle | BODYBUILDING'S COMEBACK KID! Antoine Vaillant Inte... | 4 chunks
✅ [2912/4184] @rxmuscle | SECRETS TO NATURAL MUSCLE GAINS! ｜ GuruTalk ｜ John... | 5 chunks
✅ [2913/4184] @rxmuscle | 11EuropaSuperShow202FirstCallout... | 1 chunks
✅ [2914/4184] @rxmuscle | Kamal Elgargni on MYSTERY Olympia Training Partner... | 3 chunks
✅ [2915/4184] @rxmuscle | CLASSIC PHYSIQUE BREAKOUT STAR! ｜ Zeek Andrews Int... | 3 chunks
✅ [2916/4184] @rxmuscle | LEE PRIEST： MOST VACCINATED MAN IN THE WORLD？ ｜ Ir... | 4 chunks
✅ [2917/4184] @rxmuscle | Deniz Saypinar Shares Her Side About American Airl... | 2 chunks
✅ [2918/4184] @rxmuscle | BRANDON CURRY 6 WEEKS OUT! Muscle in the Morning (... | 1 chunks
✅ [2919/4184] @rxmuscle | DJCFigureCallout.flv... | 1 chunks
✅ [2920/4184] @rxmuscle | WHICH ESTER IS RIGHT FOR YOU？ #RXRants... | 1 chunks
✅ [2921/4184] @rxmuscle | DJCBikiniWalks.flv... | 1 chunks
✅ [2922/4184] @rxmuscle | Wesley Vissers DIALED IN + INSANE Joe Mackey + Nat... | 1 chunks
✅ [2923/4184] @rxmuscle | Jewbacca Debuts in Mens Physique at the 2011 Branc... | 1 chunks
✅ [2924/4184] @rxmuscle | 2011 Phoenix Ed Nunn... | 1 chunks
✅ [2925/4184] @rxmuscle | Nick Walker & Roelly Winklaar to the Arnold + Brya... | 1 chunks
✅ [2926/4184] @rxmuscle | BIG RAMY LOOKING FREAKISH! July 10 2018... | 1 chunks
✅ [2927/4184] @rxmuscle | Is Dave Palumbo Still Working With ZACK KING KHAN？... | 1 chunks
✅ [2928/4184] @rxmuscle | Interview with Pro Strongman Michael Burke at the ... | 1 chunks
✅ [2929/4184] @rxmuscle | COMPANY FROM ＂LAZY＂ RANT RESPONDS! PALUMBO GOES OF... | 1 chunks
✅ [2930/4184] @rxmuscle | SUPERSIZED RAMY! Muscle in the Morning (7⧸5⧸18)... | 1 chunks
✅ [2931/4184] @rxmuscle | Nick Walker, Shaun Clarida, Brett Wilkin Guest Pos... | 1 chunks
✅ [2932/4184] @rxmuscle | LOGAN FRANKLIN ON NY PRO WIN + OLYMPIA TITLE HOPES... | 3 chunks
✅ [2933/4184] @rxmuscle | Clarence DeVis and Tricky Jackson Pose at After Pa... | 1 chunks
✅ [2934/4184] @rxmuscle | PALUMBO & ACETO ON RIC DRASIN'S LEGACY! HMR (8⧸31⧸... | 7 chunks
✅ [2935/4184] @rxmuscle | CEDRIC MCMILLAN LATEST UPDATE! Muscle in the Morni... | 1 chunks
✅ [2936/4184] @rxmuscle | HADI CHOOPAN GETS STATUE!... | 1 chunks
✅ [2937/4184] @rxmuscle | Training SECRETS For MASSIVE Growth! Iron Debate (... | 5 chunks
✅ [2938/4184] @rxmuscle | PJ Braun And Aaron Singerman Start Off The 2011 Ol... | 1 chunks
✅ [2939/4184] @rxmuscle | VPX Nutrition Tour- Part 4... | 1 chunks
✅ [2940/4184] @rxmuscle | HEAVY MUSCLE RADIO WITH IFBB PRO JEROME FERGUSON P... | 2 chunks
✅ [2941/4184] @rxmuscle | PDDevers... | 1 chunks
✅ [2942/4184] @rxmuscle | The REAL Reason for 'Ruined' Waistlines!... | 1 chunks
✅ [2943/4184] @rxmuscle | FREAKISH Blessing Awodibu Update + GP3 & Breon Ans... | 1 chunks
✅ [2944/4184] @rxmuscle | David Pascual Gonzalez Getting Married at the 2011... | 1 chunks
✅ [2945/4184] @rxmuscle | Akim Williams DIALS IN + James Hollingshead at 300... | 1 chunks
✅ [2946/4184] @rxmuscle | NICK WALKER & ROELLY WINKLAAR ADDED TO ARNOLD LINE... | 1 chunks
✅ [2947/4184] @rxmuscle | PALUMBO & ACETO'S 2020 TAMPA PRO RECAP! HMR (8⧸3⧸2... | 7 chunks
✅ [2948/4184] @rxmuscle | FREAKISH QUINTON ERIYA 3 DAYS OUT & DENNIS WOLF'S ... | 1 chunks
✅ [2949/4184] @rxmuscle | FLEXATRON IS BACK!... | 1 chunks
✅ [2950/4184] @rxmuscle | Dave Palumbo RIPS 'Lazy' Society... | 1 chunks
✅ [2951/4184] @rxmuscle | DAVID GOGGINS TRAINING WORK FOR BODYBUILDERS？ #ask... | 3 chunks
✅ [2952/4184] @rxmuscle | 2021 Arnold Classic Lineups + Korean BEAST's Next ... | 1 chunks
✅ [2953/4184] @rxmuscle | RONNIE OR DORIAN： BEST REAR LAT SPREAD？ #askDave... | 3 chunks
✅ [2954/4184] @rxmuscle | AARON SINGERMAN TALKS BUSINESS OF THE OLYMPIA!... | 3 chunks
✅ [2955/4184] @rxmuscle | Deana Martinez Routine-2011 IFBB Ft Lauderdale Cup... | 1 chunks
✅ [2956/4184] @rxmuscle | MuscleAtThrMovies3_0.flv... | 2 chunks
✅ [2957/4184] @rxmuscle | Stephanie McMahon of the WWE on Heavy Muscle Radio... | 2 chunks
✅ [2958/4184] @rxmuscle | 2011 Phoenix Alfonso Del Rio... | 1 chunks
✅ [2959/4184] @rxmuscle | FLEX LEWIS： Last 212 Competition! Palumbo Responds... | 1 chunks
✅ [2960/4184] @rxmuscle | 2011 America's Strongest Man Yoke⧸Sled - Video of ... | 1 chunks
✅ [2961/4184] @rxmuscle | TURNING PRO AT 60 YEARS OLD! Live With Ralph Cocci... | 2 chunks
✅ [2962/4184] @rxmuscle | Camala Rodriguez Routine- 2011 IFBB Ft Lauderdale ... | 1 chunks
✅ [2963/4184] @rxmuscle | If Dave Palumbo Challenged Ronnie Coleman in One P... | 1 chunks
✅ [2964/4184] @rxmuscle | 2011 America's Strongest Man Interview with Promot... | 1 chunks
✅ [2965/4184] @rxmuscle | HEAVY MUSCLE RADIO WITH IFBB PRO TONEY FREEMAN PAR... | 1 chunks
✅ [2966/4184] @rxmuscle | 212 OLYMPIA CHAMP 17 WEEKS OUT!... | 1 chunks
✅ [2967/4184] @rxmuscle | HEAVY MUSCLE RADIO INTERVIEW WITH GUY GRUNDY PART ... | 2 chunks
✅ [2968/4184] @rxmuscle | HOW REAL ESTATE MOGUL LOST OVER 120 LBS! Anthony L... | 4 chunks
✅ [2969/4184] @rxmuscle | LEE PRIEST TO FLEX LEWIS： I'LL FOLLOW YOU TO OPEN ... | 2 chunks
✅ [2970/4184] @rxmuscle | LEE PRIEST'S TOUGHEST MR. OLYMPIA？ Iron Rage... | 3 chunks
✅ [2971/4184] @rxmuscle | LACTOSE FREE ICE CREAM： DOES IT EXIST？... | 1 chunks
✅ [2972/4184] @rxmuscle | Josh Andrews Guest Posing at 2011 NPC Citrus Cup... | 1 chunks
✅ [2973/4184] @rxmuscle | Josh Andrews Interview at 2011 NPC Citrus Cup Clas... | 1 chunks
✅ [2974/4184] @rxmuscle | 212 DIVISION： THE FUTURE! Muscle in the Morning (7... | 1 chunks
✅ [2975/4184] @rxmuscle | FREAKISH CLARENCE DEVIS DIALING IN & FITNESS STAR ... | 1 chunks
✅ [2976/4184] @rxmuscle | Heavy Muscle TV Show #27- Part 3- Kat Teaches Exer... | 1 chunks
✅ [2977/4184] @rxmuscle | LEE PRIEST'S RAGE AGAINST THE MACHINE!... | 3 chunks
✅ [2978/4184] @rxmuscle | Dave Palumbo Seminar： Toxicity, Cleansing, & Alkal... | 2 chunks
✅ [2979/4184] @rxmuscle | Phil Heath： LOADING! + Dr. Sunny Andrews UNREAL Sh... | 1 chunks
✅ [2980/4184] @rxmuscle | GOLD'S GYM VENICE DOCUMENTARY! Marc Martinez Inter... | 4 chunks
✅ [2981/4184] @rxmuscle | 2011 Mr Olympia & Ms Figure Olympia Final Wrapup V... | 3 chunks
✅ [2982/4184] @rxmuscle | TAMPA PRO PREVIEW： Iain Valliere, Maxx Charles, Mo... | 1 chunks
✅ [2983/4184] @rxmuscle | MORE OLYMPIA BERTHS & SHOW CANCELLATIONS!... | 1 chunks
✅ [2984/4184] @rxmuscle | Interview with Pro Strongman Dave Ostlund on Day 2... | 1 chunks
✅ [2985/4184] @rxmuscle | Aaron Singerman 3am at PJ Braun's House... | 1 chunks
✅ [2986/4184] @rxmuscle | SHREDDED ANTOINE VAILLANT 9 WEEKS OUT!... | 1 chunks
✅ [2987/4184] @rxmuscle | NICK WALKER TO THE CHICAGO PRO？... | 1 chunks
✅ [2988/4184] @rxmuscle | IFBB Physique Pro Sabrina Taylor gears up for IFBB... | 1 chunks
✅ [2989/4184] @rxmuscle | PHIL HEATH RESPONDS TO SOCIAL MEDIA!... | 2 chunks
✅ [2990/4184] @rxmuscle | MAKING BODYBUILDING GREAT AGAIN!... | 1 chunks
✅ [2991/4184] @rxmuscle | HOW BODYBUILDING SAVED MY LIFE! Todd Payette Inter... | 2 chunks
✅ [2992/4184] @rxmuscle | Shaun Clarida： UNSTOPPABLE？ + Ahmad Ashkanani UPDA... | 1 chunks
✅ [2993/4184] @rxmuscle | JIMMY'S CRAZIEST CONSPIRACY THEORIES! AH Podcast (... | 5 chunks
✅ [2994/4184] @rxmuscle | 300-lb Dave Palumbo & Matt DuVall Train Arms (1997... | 1 chunks
✅ [2995/4184] @rxmuscle | HEAVY MUSCLE RADIO WITH IFBB PRO ROBERT BURNEIKA P... | 1 chunks
✅ [2996/4184] @rxmuscle | 2011-Phoenix-Jeff Long... | 1 chunks
✅ [2997/4184] @rxmuscle | Melvin Anthony vs. Shawn Ray： The TRUTH Behind The... | 2 chunks
✅ [2998/4184] @rxmuscle | HEAVY MUSCLE RADIO WITH CHARLES POLIQUIN PART 1 OF... | 1 chunks
✅ [2999/4184] @rxmuscle | SERGIO vs LOCKETT! VISSERS Next Big Thing？  Heavy ... | 7 chunks
✅ [3000/4184] @rxmuscle | DERON TROTTER： TRACK STAR TO IFBB PRO!... | 1 chunks
✅ [3001/4184] @rxmuscle | BODYBUILDING in the OLYMPICS？... | 1 chunks
✅ [3002/4184] @rxmuscle | BIG RAMY BREAKS THE INTERNET!... | 1 chunks
✅ [3003/4184] @rxmuscle | Derek Farnsworth Posing Routine at 2011 Europa Sup... | 1 chunks
✅ [3004/4184] @rxmuscle | HEAVY MUSCLE RADIO INTERVIEW WITH GUY GRUNDY PART ... | 2 chunks
✅ [3005/4184] @rxmuscle | Does CUPPING Really Work？ Dave Palumbo's Achedaway... | 1 chunks
✅ [3006/4184] @rxmuscle | Dana Linn Bailey Posing Routine at 2012 IFBB Deser... | 1 chunks
✅ [3007/4184] @rxmuscle | ASHKANANI： 212 OLYMPIA THREAT？ Muscle in the Morni... | 1 chunks
✅ [3008/4184] @rxmuscle | DAVE PALUMBO RESPONDS TO NICK TRIGILI!... | 1 chunks
✅ [3009/4184] @rxmuscle | 11OlympiaStrongmanMikeBurkeConanWheel... | 1 chunks
✅ [3010/4184] @rxmuscle | WHY IAIN VALLIERE IS RIGHT! ｜ Dave Palumbo Defends... | 1 chunks
✅ [3011/4184] @rxmuscle | TITAN MEDICAL'S ANSWER TO COVID (FIRST HAND EXPERI... | 3 chunks
✅ [3012/4184] @rxmuscle | BLOOD WORK： WHAT TO LOOK FOR!... | 1 chunks
✅ [3013/4184] @rxmuscle | Milton Holloway Jr Posing Routine at 2012 IFBB Des... | 1 chunks
✅ [3014/4184] @rxmuscle | DerikFarsworth... | 1 chunks
✅ [3015/4184] @rxmuscle | Frida Paulsen Update! Muscle in the Morning (7⧸16⧸... | 1 chunks
✅ [3016/4184] @rxmuscle | LUKE CARROLL： HEAVYWEIGHT STAR IN MAKING!... | 2 chunks
✅ [3017/4184] @rxmuscle | PERSIAN WOLF IN VEGAS？ Muscle in the Morning (7⧸23... | 1 chunks
✅ [3018/4184] @rxmuscle | EPIC Labrada Picture + Bumstead Plates SEVEN + Pat... | 1 chunks
✅ [3019/4184] @rxmuscle | ToneyFreeman... | 1 chunks
✅ [3020/4184] @rxmuscle | ANDRE FERGUSON： BIGGEST THREAT TO BUENDIA'S CROWN？... | 2 chunks
✅ [3021/4184] @rxmuscle | Cardio Confessional Ep 2 Pt 2- Motivational Videos... | 1 chunks
✅ [3022/4184] @rxmuscle | Jewbacca Proposes to Darielle... | 1 chunks
✅ [3023/4184] @rxmuscle | STEVE KUCLO UNFILTERED ON TEXAS PRO & OLYMPIA HOPE... | 3 chunks
✅ [3024/4184] @rxmuscle | SAMIR TROUDI OLYMPIA BOUND! Muscle in the Morning ... | 1 chunks
✅ [3025/4184] @rxmuscle | Why KAI GREENE Should Do 2018 Mr Olympia! Heavy Mu... | 8 chunks
✅ [3026/4184] @rxmuscle | HEAVY MUSCLE RADIO WITH CHARLES POLIQUIN PART 4 OF... | 2 chunks
✅ [3027/4184] @rxmuscle | Tiffany Robinson Routine-2011 IFBB Ft Lauderdale C... | 1 chunks
✅ [3028/4184] @rxmuscle | 2011 America's Strongest Man Final Wrapup with Bry... | 1 chunks
✅ [3029/4184] @rxmuscle | Big Ramy & Rafael Brandao DIAL IN For Spain Europa... | 1 chunks
✅ [3030/4184] @rxmuscle | Hunter Labrada 675 for REPS + C-Bum & Steve Laureu... | 1 chunks
✅ [3031/4184] @rxmuscle | BATTLING CANCER, COVID, & DIABETES! Gennifer Strob... | 3 chunks
✅ [3032/4184] @rxmuscle | Iain Valliere (270-lbs) Update + Breon Ansley Star... | 1 chunks
✅ [3033/4184] @rxmuscle | ROELLY NEXT LEVEL CRAZY! Muscle in the Morning (6⧸... | 1 chunks
✅ [3034/4184] @rxmuscle | Rx Muscle Celebrity Bowling Battle of Sexes Decemb... | 2 chunks
✅ [3035/4184] @rxmuscle | ANOTHER CLASSIC CANADIAN？ Live With Isaac Baier... | 2 chunks
✅ [3036/4184] @rxmuscle | VPX Nutrition Tour- Part 1... | 2 chunks
✅ [3037/4184] @rxmuscle | LUKAS OSLADIL DIALS IN! Muscle in the Morning (6⧸2... | 1 chunks
✅ [3038/4184] @rxmuscle | VERTICAL DIET EXPLAINED! Live With Stan Efferding... | 4 chunks
✅ [3039/4184] @rxmuscle | 2011 Phoenix Robert Piotrkowicz... | 1 chunks
✅ [3040/4184] @rxmuscle | BIG LENNY vs. MR. G ： OFFICIAL Press Conference! A... | 6 chunks
✅ [3041/4184] @rxmuscle | Will We See FLEX LEWIS At The '21 Olympia？... | 1 chunks
✅ [3042/4184] @rxmuscle | VALLIERE GOES BACK TO BACK! Texas Pro Results & Re... | 1 chunks
✅ [3043/4184] @rxmuscle | GEAR Presents： Mike Liberatore at the 2011 Olympia... | 1 chunks
✅ [3044/4184] @rxmuscle | DAVE PALUMBO'S 2020 NEW YORK PRO PREVIEW!... | 2 chunks
✅ [3045/4184] @rxmuscle | CHRIS ACETO'S NEW YORK PRO RECAP! HMR (9⧸7⧸20)... | 5 chunks
✅ [3046/4184] @rxmuscle | BIG RAMY AT NEW YORK PRO 2013! #RXClassic... | 1 chunks
✅ [3047/4184] @rxmuscle | AL DURRAH WINS VANCOUVER 212! CLINCHES OLYMPIA BIR... | 1 chunks
✅ [3048/4184] @rxmuscle | LEE PRIEST： WHEN IT'S TIME TO WALK AWAY! Iron Rage... | 2 chunks
✅ [3049/4184] @rxmuscle | IAIN VALLIERE IN MONSTER MODE! Muscle in the Morni... | 1 chunks
✅ [3050/4184] @rxmuscle | DEREK LUNSFORD 7 WEEKS OUT! Muscle in the Morning ... | 1 chunks
✅ [3051/4184] @rxmuscle | 2011 America's Strongest Man Day 1 Wrapup... | 1 chunks
✅ [3052/4184] @rxmuscle | MarvinWard 0... | 1 chunks
✅ [3053/4184] @rxmuscle | Shawn Rhoden Posing Routine at 2011 Europa Super... | 1 chunks
✅ [3054/4184] @rxmuscle | DEONTRAI CAMPBELL： I'M COMING FOR OLYMPIA TOP-5!... | 1 chunks
✅ [3055/4184] @rxmuscle | BIG RAMY： HOW HE CAN BEAT PHIL HEATH! #askDave... | 4 chunks
✅ [3056/4184] @rxmuscle | WOULD DAVE PALUMBO QUALIFY FOR OLYMPIA TODAY？ #ask... | 3 chunks
✅ [3057/4184] @rxmuscle | AN OPEN MESSAGE TO IAIN VALLIERE!... | 1 chunks
✅ [3058/4184] @rxmuscle | Dave Palumbo's MY LIFE： Trip to Dr Blau- Part 1... | 2 chunks
✅ [3059/4184] @rxmuscle | Stephanie McMahon on HMR： 1⧸2⧸2012 with Dave Palum... | 2 chunks
✅ [3060/4184] @rxmuscle | BRAD ROWE HANGS IT UP!... | 1 chunks
✅ [3061/4184] @rxmuscle | A TRULY 'CLASSIC' PHYSIQUE! Chicago Pro Champ Darw... | 1 chunks
✅ [3062/4184] @rxmuscle | Lisbeth Marquez Routine-2011 IFBB Ft Lauderdale Cu... | 1 chunks
✅ [3063/4184] @rxmuscle | Shaun Clarida & Mountain Dog Turn Up HEAT + George... | 1 chunks
✅ [3064/4184] @rxmuscle | DEREK LUNSFORD： NEXT 212 KING？... | 2 chunks
✅ [3065/4184] @rxmuscle | 11OlympiaStrongmanBradyBakke... | 1 chunks
✅ [3066/4184] @rxmuscle | Tracy Bodner Posing Routine at 2012 IFBB Desert Mu... | 1 chunks
✅ [3067/4184] @rxmuscle | GuyCisternino... | 1 chunks
✅ [3068/4184] @rxmuscle | CURRY COOKING 4 WEEKS OUT! Muscle in the Morning (... | 1 chunks
✅ [3069/4184] @rxmuscle | KAMAL A 'LOCK' TO REPEAT？ + THE ＂FUTURE＂ OF OPEN C... | 1 chunks
✅ [3070/4184] @rxmuscle | 2011europasupershow202nightshowfirstcallout... | 1 chunks
✅ [3071/4184] @rxmuscle | FERNANDOMARADONA 0... | 1 chunks
✅ [3072/4184] @rxmuscle | JEM NAZIM： NEW FREAK ON THE BLOCK! Muscle in the M... | 1 chunks
✅ [3073/4184] @rxmuscle | DJCBikiniCallOuts.flv... | 1 chunks
✅ [3074/4184] @rxmuscle | TAMPA PRO RECAP! Heavy Muscle Radio (8⧸6⧸18)... | 6 chunks
✅ [3075/4184] @rxmuscle | Tampa Pro, Europa Games Phoenix, Pacific USA Recap... | 1 chunks
✅ [3076/4184] @rxmuscle | ARASH RAHBAR： UNFINISHED BUSINESS! Muscle in the M... | 1 chunks
✅ [3077/4184] @rxmuscle | CAN NICK WALKER WIN THE '21 ARNOLD CLASSIC？ #askDa... | 3 chunks
✅ [3078/4184] @rxmuscle | 2021 TAMPA PRO 212 RESULTS & RECAP!... | 1 chunks
✅ [3079/4184] @rxmuscle | BRANDON CURRY SNEAK PEAK!... | 1 chunks
✅ [3080/4184] @rxmuscle | FROM ADDICTION TO IFBB PRO CARD! Live w⧸Rory Molna... | 2 chunks
✅ [3081/4184] @rxmuscle | MONSTER EATER & NEW IFBB PRO! Bartley Weaver Inter... | 2 chunks
✅ [3082/4184] @rxmuscle | BIG RAMY AT 305! Nick Walker & Breon STRIP DOWN! O... | 1 chunks
✅ [3083/4184] @rxmuscle | SMART Personal Training Certification Teaser #2... | 1 chunks
✅ [3084/4184] @rxmuscle | STEVE KUCLO vs. IAIN VALLIERE FTW？ Texas Pro Preju... | 1 chunks
✅ [3085/4184] @rxmuscle | The FUNNIEST Ronnie Coleman Eating Story, Ever？... | 1 chunks
✅ [3086/4184] @rxmuscle | DEALING WITH DEPRESSION by Dave Palumbo #askDave... | 1 chunks
✅ [3087/4184] @rxmuscle | Interview with Pro Strongman Brad Dunn at the 2011... | 1 chunks
✅ [3088/4184] @rxmuscle | Vince Taylor on Heavy Muscle Radio with Dave Palum... | 2 chunks
✅ [3089/4184] @rxmuscle | BREON ANSLEY ON FIRE! Muscle in the Morning (7⧸25⧸... | 1 chunks
✅ [3090/4184] @rxmuscle | Chicago Pro Champ & BREAKOUT Women's Physique Star... | 1 chunks
✅ [3091/4184] @rxmuscle | BEST POST-WORKOUT MEAL？ #askDave... | 3 chunks
✅ [3092/4184] @rxmuscle | Guy Cisternino Posing Routine at 2011 Europa Super... | 1 chunks
✅ [3093/4184] @rxmuscle | Chicago Pro MOVING to Atlanta & Ashley Kaltwasser ... | 1 chunks
✅ [3094/4184] @rxmuscle | KAI GREENE 10 WEEKS OUT？... | 1 chunks
✅ [3095/4184] @rxmuscle | MEGA LABOR DAY SALE at SpeciesNutrition.com!... | 1 chunks
✅ [3096/4184] @rxmuscle | HEAVY MUSCLE RADIO WITH CHARLES POLIQUIN PART 3 OF... | 1 chunks
✅ [3097/4184] @rxmuscle | Lee Priest on Post-Show DEPRESSION! Iron Rage ｜ Da... | 3 chunks
✅ [3098/4184] @rxmuscle | BIG RAMY AT 340-LBS？ + Nick Walker & Justin Rodrig... | 1 chunks
✅ [3099/4184] @rxmuscle | PHIL HEATH'S PROTEGE! LIVE WITH PATRICK MOORE.... | 2 chunks
✅ [3100/4184] @rxmuscle | DOES ANYONE WANT TO WORK ANYMORE？... | 1 chunks
✅ [3101/4184] @rxmuscle | BRANDON CURRY & WILLIAM BONAC 11 WEEKS OUT! ｜ Musc... | 1 chunks
✅ [3102/4184] @rxmuscle | THE EASY WAY TO GET INSULIN FOR CHEAP!... | 1 chunks
✅ [3103/4184] @rxmuscle | 2011 America's Strongest Man Event Winner Compilat... | 1 chunks
✅ [3104/4184] @rxmuscle | BEST RED MEAT SOURCE FOR BODYBUILDERS？ #askDave... | 4 chunks
✅ [3105/4184] @rxmuscle | Arnold Schwarzenegger TRAINS + Brandon Curry at WO... | 1 chunks
✅ [3106/4184] @rxmuscle | CarbohydrateManIsGone... | 1 chunks
✅ [3107/4184] @rxmuscle | IRRESPONSIBLE ACTIONS = HEALTH RISKS!... | 2 chunks
✅ [3108/4184] @rxmuscle | Chuck Zito Talks to Rx Muscle at 2012 Arnold Weeke... | 1 chunks
✅ [3109/4184] @rxmuscle | INSANE KEONE PEARSON 10 WEEKS OUT FROM 212 DEBUT!... | 1 chunks
✅ [3110/4184] @rxmuscle | Brandon Curry 17 Weeks Out + Stan Efferding Trains... | 1 chunks
✅ [3111/4184] @rxmuscle | CHRIS BUMSTEAD SHOW! CLASSIC OLYMPIA PREJUDGING WR... | 1 chunks
✅ [3112/4184] @rxmuscle | Al Auguste Posing Routine at 2012 IFBB Desert Musc... | 1 chunks
✅ [3113/4184] @rxmuscle | Jillian Reville Posing Routine at 2012 IFBB Desert... | 1 chunks
✅ [3114/4184] @rxmuscle | DEREK LUNSFORD： 212 OLYMPIA HEIR APPARENT？... | 1 chunks
✅ [3115/4184] @rxmuscle | CAMEL CREW'S NEXT SUPERFREAK？ + THE MADELMAN COMET... | 1 chunks
✅ [3116/4184] @rxmuscle | Samson Dauda ALL IN For Arnold UK + Ashley Kaltwas... | 1 chunks
✅ [3117/4184] @rxmuscle | STANIMAL： WHY I'M GOING TO OPEN BODYBUILDING!... | 2 chunks
✅ [3118/4184] @rxmuscle | HEAVY MUSCLE RADIO WITH IFBB DESERT MUSCLE CLASSIC... | 1 chunks
✅ [3119/4184] @rxmuscle | JUDGING BODYBUILDING IN THE MODERN ERA! AH Podcast... | 6 chunks
✅ [3120/4184] @rxmuscle | Patrick Moore ＂Only 50%＂ to Potential + Peter Moln... | 1 chunks
✅ [3121/4184] @rxmuscle | KAI GREENE DOING 2018 OLYMPIA？... | 1 chunks
✅ [3122/4184] @rxmuscle | REMEMBERING MIKE MATARAZZO! HMR (8⧸17⧸20)... | 5 chunks
✅ [3123/4184] @rxmuscle | Tricky Jackson Posing Routine at 2011 Europa Super... | 1 chunks
✅ [3124/4184] @rxmuscle | Donna Jones 2011 IFBB Ft Lauderdale Cup... | 1 chunks
✅ [3125/4184] @rxmuscle | Jordan Hutchinson (2021 NPC USA Overall Winner) In... | 2 chunks
✅ [3126/4184] @rxmuscle | 2011europasupershow202nightshowsecondcallout... | 1 chunks
✅ [3127/4184] @rxmuscle | BODYBUILDER vs. 800-LB LION IN TUG OF WAR： SEE WHO... | 1 chunks
✅ [3128/4184] @rxmuscle | MikeLiberatore... | 1 chunks
✅ [3129/4184] @rxmuscle | END OF AN ERA？ Muscle in the Morning (7⧸9⧸18)... | 1 chunks
✅ [3130/4184] @rxmuscle | Heavy Muscle Show #34 Teaser... | 1 chunks
✅ [3131/4184] @rxmuscle | POST-WORKOUT SHAKE TO MAXIMIZE GAINS!... | 1 chunks
✅ [3132/4184] @rxmuscle | Larry Wheels BENCHES 484 + Flex Wheeler INSPIRES +... | 1 chunks
✅ [3133/4184] @rxmuscle | Steve Kuclo at 300 lbs! + Get Well Brad Rowe + Fer... | 1 chunks
✅ [3134/4184] @rxmuscle | 2011 Phoenix Mark Alvisi... | 1 chunks
✅ [3135/4184] @rxmuscle | VALENTINO'S HILARIOUS RONNIE COLEMAN STORY! AH Pod... | 6 chunks
✅ [3136/4184] @rxmuscle | ROELLY IS READY! + Hunter Labrada PEELED + Bonac i... | 1 chunks
✅ [3137/4184] @rxmuscle | The BEST White Fish for Dieting？... | 1 chunks
✅ [3138/4184] @rxmuscle | THE NEXT RONNIE COLEMAN？ Jephte Cherenfant w⧸Ameen... | 3 chunks
✅ [3139/4184] @rxmuscle | FREAKISH AKIM WILLIAMS TO CHICAGO PRO？... | 1 chunks
✅ [3140/4184] @rxmuscle | 2011 IFBB North American Mens Comparisons- Part 2... | 1 chunks
✅ [3141/4184] @rxmuscle | BREON ANSLEY 5 WEEKS OUT! Muscle in the Morning (8... | 1 chunks
✅ [3142/4184] @rxmuscle | IAIN VALLIERE vs. MAXX CHARLES for Tampa Title？... | 1 chunks
✅ [3143/4184] @rxmuscle | Vince Taylor on Heavy Muscle Radio with Dave Palum... | 2 chunks
✅ [3144/4184] @rxmuscle | NICK WALKER'S FREAK FACTOR! #askDave... | 3 chunks
✅ [3145/4184] @rxmuscle | Rusty Jeffers Posing Routine at 2012 IFBB Desert M... | 1 chunks
✅ [3146/4184] @rxmuscle | GLYCEMIC INDEX EXPLAINED： Diet vs. Off-Season!... | 1 chunks
✅ [3147/4184] @rxmuscle | 2011ASMScottWeechInterview... | 1 chunks
✅ [3148/4184] @rxmuscle | PREVENTING HAIRLOSS： Palumbo Explains... | 1 chunks
✅ [3149/4184] @rxmuscle | Roelly Moving SERIOUS Weight + Hadi Choopan Next L... | 1 chunks
✅ [3150/4184] @rxmuscle | THE PHYSICS OF HARDCORE TRAINING w⧸DOUG BRIGNOLE!... | 4 chunks
✅ [3151/4184] @rxmuscle | Heavy Muscle TV Show #27- Part 1- Juan Morel Talks... | 2 chunks
✅ [3152/4184] @rxmuscle | ＂GET HADI CHOOPAN TO THE OLYMPIA＂ - Dave Palumbo... | 1 chunks
✅ [3153/4184] @rxmuscle | AHMAD ASHKANANI UPDATE! Muscle in the Morning (8⧸2... | 1 chunks
✅ [3154/4184] @rxmuscle | TOM PRINCE Talks BEST of 90's Bodybuilding! (Part ... | 3 chunks
✅ [3155/4184] @rxmuscle | MILLION DOLLAR MR. OLYMPIA VICTORY PAYOUT？ HMR (7⧸... | 7 chunks
✅ [3156/4184] @rxmuscle | Janet Layug Starts Olympia Prep + Andrea Shaw UPDA... | 1 chunks
✅ [3157/4184] @rxmuscle | Bumstead JUST Getting Started？ + FREAK WALKER + NE... | 1 chunks
✅ [3158/4184] @rxmuscle | Vince Taylor on Heavy Muscle Radio with Dave Palum... | 1 chunks
✅ [3159/4184] @rxmuscle | IAIN VALLIERE： FULL TAMPA PRO STORY & FUTURE IN BO... | 4 chunks
✅ [3160/4184] @rxmuscle | RONNIE COLEMAN： UNBREAKABLE + REGAN GRIMES HIS BES... | 1 chunks
✅ [3161/4184] @rxmuscle | INSULIN TALK WITH COLETTE NELSON!... | 3 chunks
✅ [3162/4184] @rxmuscle | I JUST HAD A COLONOSCOPY!... | 2 chunks
✅ [3163/4184] @rxmuscle | HOW TO SPOT FAKE GEAR! #RXRants... | 1 chunks
✅ [3164/4184] @rxmuscle | Darielle Gaines Climbs Rock Wall... | 1 chunks
✅ [3165/4184] @rxmuscle | Casa De Jewbacaa... | 1 chunks
✅ [3166/4184] @rxmuscle | REGAN GRIMES 4 WEEKS OUT + NPC NORTH AMERICAN RECA... | 1 chunks
✅ [3167/4184] @rxmuscle | Dave Palumbo's Father's Day Fun at Sun Splash Fami... | 1 chunks
✅ [3168/4184] @rxmuscle | CHRIS BUMSTEAD FIRES UP FIRST TITLE DEFENSE!... | 1 chunks
✅ [3169/4184] @rxmuscle | Mike Bazel Talks to Dave Palumbo... | 1 chunks
✅ [3170/4184] @rxmuscle | SHANE STEWART： A YOUNG BRANCH WARREN？ Live With... | 2 chunks
✅ [3171/4184] @rxmuscle | SUPERSIZED Derek Lunsford + California Pro Recap!... | 1 chunks
✅ [3172/4184] @rxmuscle | Eli Santos 1 Weeks Out from 2011 NPC Nationals!... | 1 chunks
✅ [3173/4184] @rxmuscle | ＂MAINTENANCE CYCLES＂ OR HRT？... | 1 chunks
✅ [3174/4184] @rxmuscle | HOW GOLD'S GYM BODYBUILDERS MADE MONEY!... | 4 chunks
✅ [3175/4184] @rxmuscle | LEE PRIEST'S WAY TOO EARLY OLYMPIA TOP-5!... | 3 chunks
✅ [3176/4184] @rxmuscle | Dave Palumbo on Off-Season vs Pre-Contest GEAR Use... | 1 chunks
✅ [3177/4184] @rxmuscle | SAMIR BANNOUT Crashes Iron Rage! ｜ Lee Priest & Da... | 3 chunks
✅ [3178/4184] @rxmuscle | I CAN'T GET UP!... | 1 chunks
✅ [3179/4184] @rxmuscle | BEST BODYBUILDING POSER TODAY？ ｜ Iron Debate... | 4 chunks
✅ [3180/4184] @rxmuscle | Aaron Jewbacca Singerman Steals the Football Out o... | 1 chunks
✅ [3181/4184] @rxmuscle | WENDY FORTINO'S BREAKTHROUGH MOMENT？ Muscle in the... | 1 chunks
✅ [3182/4184] @rxmuscle | Legendary Track Coach Remi Korchemny Talks to Dave... | 1 chunks
✅ [3183/4184] unknown | HOW_TO_REASSEMBLE... | 1 chunks
✅ [3184/4184] @ThinkBIGBodybuilding | CNS ADAPTATION FROM TRAINING - BRAIN IS THE ULTIMA... | 7 chunks
✅ [3185/4184] @ThinkBIGBodybuilding | Arnold Classic Predictions  IJBB Podcast 263... | 6 chunks
✅ [3186/4184] @ThinkBIGBodybuilding | Olympia 2025 Predictions ｜ Nick Walker vs Samson, ... | 8 chunks
✅ [3187/4184] @ThinkBIGBodybuilding | BEST SQUAT FOR BODYBUILDING + QA, BLOOD SWEAT & GE... | 8 chunks
✅ [3188/4184] @ThinkBIGBodybuilding | Top 5 Olympia Predictions with Ivan Bodybuilding... | 8 chunks
✅ [3189/4184] @ThinkBIGBodybuilding | Cialis In Bodybuilding？ Test Suspension Preworkout... | 5 chunks
✅ [3190/4184] @ThinkBIGBodybuilding | JAMES HOLLINGSHEAD Using Anger In The Gym... | 1 chunks
✅ [3191/4184] @ThinkBIGBodybuilding | Chris Tuttle Great Old School Bodybuilding Stories... | 7 chunks
✅ [3192/4184] @ThinkBIGBodybuilding | Jesse James West Talks Gear with Dave (Reaction) +... | 6 chunks
✅ [3193/4184] @ThinkBIGBodybuilding | MK677 Study Results You Need to Know (Ibutamoren)... | 5 chunks
✅ [3194/4184] @ThinkBIGBodybuilding | IT'S JUST BODYBUILDING 87 W⧸ IFBB PROS DUSTY HANSH... | 10 chunks
✅ [3195/4184] @ThinkBIGBodybuilding | Best TRT Plus Stack for Your Goals + Steroid QA... | 5 chunks
✅ [3196/4184] @ThinkBIGBodybuilding | JAMIE THE GIANT, DUSTY HANSHAW, RON PARTLOW It's J... | 6 chunks
✅ [3197/4184] @ThinkBIGBodybuilding | Urs Moves to Open (Coaching Perspective) + 500 Tre... | 6 chunks
✅ [3198/4184] @ThinkBIGBodybuilding | STIMULATE OR ANNIHILATE？ It's Just Bodybuilding Po... | 7 chunks
✅ [3199/4184] @ThinkBIGBodybuilding | Bodybuilding on a Budget： Build Muscle Without Goi... | 6 chunks
✅ [3200/4184] @ThinkBIGBodybuilding | Is Classic Physique Becoming Open Lite？ + Steroid ... | 5 chunks
✅ [3201/4184] @ThinkBIGBodybuilding | Kevin Levrone Vs Flex Wheeler - Pick One Physique ... | 2 chunks
✅ [3202/4184] @ThinkBIGBodybuilding | How Would Flex Have Done at the Olympia？ IJBB 191... | 6 chunks
✅ [3203/4184] @ThinkBIGBodybuilding | WEED IN BODYBUILDING Dusty Hanshaw, Ron Partlow IJ... | 6 chunks
✅ [3204/4184] @ThinkBIGBodybuilding | Anavar Breakdown ： Safe TRT Plus v Bro Cycles v Pr... | 5 chunks
✅ [3205/4184] @ThinkBIGBodybuilding | SECRET TO BIG ARMS IN SHIRTS - IT'S JUST BODYBUILD... | 7 chunks
✅ [3206/4184] @ThinkBIGBodybuilding | Equipoise & Low Estrogen + Minimal Gear Contest Pr... | 6 chunks
✅ [3207/4184] @ThinkBIGBodybuilding | The Steroid Market Has Collapsed ｜ Janoshik Reveal... | 3 chunks
✅ [3208/4184] @ThinkBIGBodybuilding | Fill & Spill Loading, Physique Crit & How to Shoot... | 7 chunks
✅ [3209/4184] @ThinkBIGBodybuilding | ＂I'm About Old School Bodybuilding＂ Ms O Andrea Sh... | 4 chunks
✅ [3210/4184] @ThinkBIGBodybuilding | PEAK WEEK, TAN, CARB UP, WATER MANIPULATION + QA -... | 9 chunks
✅ [3211/4184] @ThinkBIGBodybuilding | Mike Matarazzo 90's Bodybuilding Legend - Reaction... | 3 chunks
✅ [3212/4184] @ThinkBIGBodybuilding | BODYBUILDING SCIENCE ： What GH Does + Why You Migh... | 6 chunks
✅ [3213/4184] @ThinkBIGBodybuilding | IT'S JUST BODYBUILDING 89 - IFBB INDY PRO + QA, DU... | 11 chunks
❌ Failed: PED SCIENCE YOU DIDN'T KNOW - MUSCLE MINDS BODYBUILDING PODCAST 102 [dVku81gceNM].txt — Error code: 429 - {'error': {'message': 'Rate limit reached for text-embedding-3-large in organization org-GQQw9Hd9HEhYLJnB6WgXEoBX on tokens per min (TPM): Limit 1000000, Used 989274, Requested 14000. Please try again in 196ms. Visit https://platform.openai.com/account/rate-limits to learn more.', 'type': 'tokens', 'param': None, 'code': 'rate_limit_exceeded'}}
✅ [3214/4184] @ThinkBIGBodybuilding | Oral Steroid Combos？ Combining Lower Dose 2 or Mor... | 5 chunks
✅ [3215/4184] @ThinkBIGBodybuilding | IT'S JUST BODYBUILDING 155QA Dusty Hanshaw, Ron Pa... | 7 chunks
✅ [3216/4184] @ThinkBIGBodybuilding | GLP-1 Drugs, Hypertrophy vs Hyperplasia, MT2 MUSCL... | 6 chunks
❌ Failed: How much volume can YOU handle？ Muscle Minds 131 [ExMEG5ID4Wo].txt — Error code: 429 - {'error': {'message': 'Rate limit reached for text-embedding-3-large in organization org-GQQw9Hd9HEhYLJnB6WgXEoBX on tokens per min (TPM): Limit 1000000, Used 996667, Requested 4847. Please try again in 90ms. Visit https://platform.openai.com/account/rate-limits to learn more.', 'type': 'tokens', 'param': None, 'code': 'rate_limit_exceeded'}}
✅ [3217/4184] @ThinkBIGBodybuilding | Will China Tariffs Destroy the Steroid Supply Chai... | 5 chunks
✅ [3218/4184] @ThinkBIGBodybuilding | Nasser El Sonbaty In 2025？ Crazy Squat & Bonac - B... | 3 chunks
✅ [3219/4184] @ThinkBIGBodybuilding | Sasan Heirati Being a Great Pro AND a Great Family... | 5 chunks
❌ Failed: Mike Mentzer Lecture Reaction - Muscle Minds 141 [4PeDSwIykF0].txt — Error code: 429 - {'error': {'message': 'Rate limit reached for text-embedding-3-large in organization org-GQQw9Hd9HEhYLJnB6WgXEoBX on tokens per min (TPM): Limit 1000000, Used 1000000, Requested 10258. Please try again in 615ms. Visit https://platform.openai.com/account/rate-limits to learn more.', 'type': 'tokens', 'param': None, 'code': 'rate_limit_exceeded'}}
✅ [3220/4184] @ThinkBIGBodybuilding | The Science Behind Nick Walker’s Training... | 6 chunks
✅ [3221/4184] @ThinkBIGBodybuilding | RAT STUDIES Pros & Cons in Bodybuilding - Muscle M... | 6 chunks
✅ [3222/4184] @ThinkBIGBodybuilding | Anadrol Explained -Strength, Size & Surprising Use... | 6 chunks
❌ Failed: Kickstart Your Cut Cycle with Tren？ NPP？ Anadrol？ Pros & Cons [C1wL8kVoEUg].txt — Error code: 429 - {'error': {'message': 'Rate limit reached for text-embedding-3-large in organization org-GQQw9Hd9HEhYLJnB6WgXEoBX on tokens per min (TPM): Limit 1000000, Used 997244, Requested 11344. Please try again in 515ms. Visit https://platform.openai.com/account/rate-limits to learn more.', 'type': 'tokens', 'param': None, 'code': 'rate_limit_exceeded'}}
